Date,Open,High,Low,Close,Adj Close,Volume
2018-07-06,8.699999809265137,8.800000190734863,8.699999809265137,8.699999809265137,8.39217472076416,48000
2018-07-09,8.850000381469727,8.850000381469727,8.699999809265137,8.699999809265137,8.39217472076416,208000
2018-07-10,8.699999809265137,8.850000381469727,8.699999809265137,8.725000381469727,8.416291236877441,96000
2018-07-11,8.800000190734863,8.899999618530273,8.699999809265137,8.800000190734863,8.48863697052002,1264000
2018-07-12,8.800000190734863,8.850000381469727,8.800000190734863,8.850000381469727,8.536869049072266,512000
2018-07-13,8.845000267028809,9.100000381469727,8.800000190734863,8.989999771118164,8.671914100646973,1072000
2018-07-16,9.100000381469727,10.78499984741211,9.100000381469727,9.515000343322754,9.178339958190918,624000
2018-07-17,10.25,10.300000190734863,9.8100004196167,9.8100004196167,9.462902069091797,64000
2018-07-18,10.199999809265137,10.300000190734863,10.199999809265137,10.300000190734863,9.935564041137695,48000
2018-07-19,10.350000381469727,10.449999809265137,10.300000190734863,10.449999809265137,10.080257415771484,96000
2018-07-20,10.449999809265137,10.449999809265137,10.449999809265137,10.449999809265137,10.080257415771484,0
2018-07-23,9.65999984741211,9.65999984741211,9.199999809265137,9.199999809265137,8.87448501586914,64000
2018-07-24,9.100000381469727,10.220000267028809,9.100000381469727,10.220000267028809,9.85839557647705,112000
2018-07-25,10.220000267028809,10.220000267028809,10.220000267028809,10.220000267028809,9.85839557647705,0
2018-07-26,9.600000381469727,9.600000381469727,9.600000381469727,9.600000381469727,9.260332107543945,16000
2018-07-27,9.600000381469727,9.600000381469727,9.600000381469727,9.600000381469727,9.260332107543945,0
2018-07-30,9.600000381469727,9.600000381469727,9.600000381469727,9.600000381469727,9.260332107543945,0
2018-07-31,9.300000190734863,9.3100004196167,9.300000190734863,9.3100004196167,8.980592727661133,48000
2018-08-01,9.199999809265137,9.600000381469727,9.199999809265137,9.350000381469727,9.019177436828613,48000
2018-08-02,9.0,9.0,8.600000381469727,8.800000190734863,8.580406188964844,64000
2018-08-03,8.800000190734863,8.800000190734863,8.800000190734863,8.800000190734863,8.580406188964844,16000
2018-08-06,8.805000305175781,8.805000305175781,8.800000190734863,8.800000190734863,8.580406188964844,32000
2018-08-07,9.199999809265137,9.40999984741211,9.199999809265137,9.399999618530273,9.165433883666992,112000
2018-08-08,9.300000190734863,9.3100004196167,9.300000190734863,9.3100004196167,9.077679634094238,48000
2018-08-09,8.800000190734863,8.800000190734863,8.800000190734863,8.800000190734863,8.580406188964844,16000
2018-08-10,8.800000190734863,8.800000190734863,8.800000190734863,8.800000190734863,8.580406188964844,0
2018-08-13,8.5,8.800000190734863,8.5,8.800000190734863,8.580406188964844,32000
2018-08-14,10.0,10.0,8.920000076293945,8.920000076293945,8.69741153717041,48000
2018-08-16,9.390000343322754,9.5,9.390000343322754,9.5,9.262937545776367,32000
2018-08-17,8.800000190734863,9.399999618530273,8.699999809265137,9.220000267028809,8.989925384521484,240000
2018-08-20,9.220000267028809,9.220000267028809,9.220000267028809,9.220000267028809,8.989925384521484,0
2018-08-21,9.220000267028809,9.220000267028809,9.220000267028809,9.220000267028809,8.989925384521484,0
2018-08-23,8.600000381469727,9.119999885559082,8.5,9.119999885559082,8.89242172241211,80000
2018-08-24,8.600000381469727,9.0,8.600000381469727,8.600000381469727,8.385397911071777,48000
2018-08-27,8.5,8.5,8.5,8.5,8.287891387939453,16000
2018-08-28,8.899999618530273,8.899999618530273,8.899999618530273,8.899999618530273,8.677910804748535,16000
2018-08-29,8.899999618530273,8.899999618530273,8.899999618530273,8.899999618530273,8.677910804748535,0
2018-08-30,8.899999618530273,8.899999618530273,8.899999618530273,8.899999618530273,8.677910804748535,0
2018-08-31,8.899999618530273,8.899999618530273,8.899999618530273,8.899999618530273,8.677910804748535,0
2018-09-03,8.699999809265137,8.699999809265137,8.699999809265137,8.699999809265137,8.482900619506836,16000
2018-09-04,8.699999809265137,8.850000381469727,8.699999809265137,8.850000381469727,8.629159927368164,80000
2018-09-05,8.5,8.5,8.5,8.5,8.287891387939453,16000
2018-09-06,8.5,8.5,8.5,8.5,8.287891387939453,0
2018-09-07,8.479999542236328,8.479999542236328,8.479999542236328,8.479999542236328,8.268389701843262,16000
2018-09-10,8.199999809265137,8.199999809265137,8.199999809265137,8.199999809265137,7.995377540588379,16000
2018-09-11,8.180000305175781,8.399999618530273,8.180000305175781,8.350000381469727,8.141636848449707,128000
2018-09-12,8.359999656677246,8.5,8.359999656677246,8.5,8.287891387939453,368000
2018-09-14,8.600000381469727,8.779999732971191,8.210000038146973,8.760000228881836,8.541403770446777,320000
2018-09-17,8.760000228881836,8.800000190734863,8.760000228881836,8.800000190734863,8.580406188964844,48000
2018-09-18,8.0,8.699999809265137,8.0,8.649999618530273,8.434148788452148,608000
2018-09-19,8.649999618530273,8.649999618530273,8.649999618530273,8.649999618530273,8.434148788452148,0
2018-09-21,8.680000305175781,8.680000305175781,8.104999542236328,8.104999542236328,7.902748107910156,80000
2018-09-24,8.104999542236328,8.104999542236328,8.104999542236328,8.104999542236328,7.902748107910156,0
2018-09-25,8.0,8.0,8.0,8.0,7.8003692626953125,16000
2018-09-26,8.0,8.0,8.0,8.0,7.8003692626953125,0
2018-09-27,8.0,8.0,8.0,8.0,7.8003692626953125,0
2018-09-28,8.0,8.0,8.0,8.0,7.8003692626953125,0
2018-10-01,7.800000190734863,7.800000190734863,7.800000190734863,7.800000190734863,7.60536003112793,32000
2018-10-03,7.699999809265137,7.699999809265137,7.699999809265137,7.699999809265137,7.507855415344238,32000
2018-10-04,7.03000020980835,7.03000020980835,7.03000020980835,7.03000020980835,6.854574680328369,16000
2018-10-05,7.0,7.0,7.0,7.0,6.82532262802124,16000
2018-10-08,7.0,7.0,7.0,7.0,6.82532262802124,0
2018-10-09,6.5,6.5,6.5,6.5,6.3378005027771,16000
2018-10-10,6.5,6.5,6.5,6.5,6.3378005027771,0
2018-10-11,6.480000019073486,6.699999809265137,6.199999809265137,6.699999809265137,6.532808780670166,80000
2018-10-12,6.699999809265137,6.699999809265137,6.699999809265137,6.699999809265137,6.532808780670166,0
2018-10-15,6.420000076293945,6.96999979019165,6.409999847412109,6.920000076293945,6.747319221496582,144000
2018-10-16,6.920000076293945,6.920000076293945,6.920000076293945,6.920000076293945,6.747319221496582,0
2018-10-17,7.090000152587891,7.090000152587891,7.090000152587891,7.090000152587891,6.913077354431152,16000
2018-10-19,6.949999809265137,6.949999809265137,6.949999809265137,6.949999809265137,6.7765703201293945,16000
2018-10-22,7.0,7.0,6.510000228881836,6.510000228881836,6.347550868988037,48000
2018-10-23,6.150000095367432,7.0,6.150000095367432,6.800000190734863,6.630314350128174,112000
2018-10-24,6.369999885559082,6.599999904632568,6.369999885559082,6.599999904632568,6.435304641723633,32000
2018-10-25,6.199999809265137,6.199999809265137,6.199999809265137,6.199999809265137,6.045286655426025,16000
2018-10-26,6.400000095367432,6.400000095367432,6.199999809265137,6.289999961853027,6.133039951324463,80000
2018-10-29,6.429999828338623,6.429999828338623,6.429999828338623,6.429999828338623,6.269546031951904,16000
2018-10-30,6.5,6.704999923706055,6.5,6.704999923706055,6.537684440612793,160000
2018-10-31,6.864999771118164,6.869999885559082,6.5,6.5,6.3378005027771,64000
2018-11-01,6.619999885559082,6.619999885559082,6.5,6.599999904632568,6.435304641723633,48000
2018-11-02,6.735000133514404,6.735000133514404,6.735000133514404,6.735000133514404,6.566936492919922,16000
2018-11-05,6.735000133514404,6.735000133514404,6.735000133514404,6.735000133514404,6.566936492919922,0
2018-11-06,6.735000133514404,6.735000133514404,6.735000133514404,6.735000133514404,6.566936492919922,0
2018-11-07,6.735000133514404,6.735000133514404,6.735000133514404,6.735000133514404,6.566936492919922,0
2018-11-09,6.5,6.5,6.5,6.5,6.3378005027771,16000
2018-11-12,6.5,6.5,6.5,6.5,6.3378005027771,32000
2018-11-13,6.300000190734863,6.300000190734863,6.300000190734863,6.300000190734863,6.142790794372559,16000
2018-11-14,6.300000190734863,6.300000190734863,6.300000190734863,6.300000190734863,6.142790794372559,0
2018-11-15,6.300000190734863,6.5,6.300000190734863,6.5,6.3378005027771,64000
2018-11-16,6.5,6.59499979019165,6.5,6.59499979019165,6.430428981781006,64000
2018-11-19,6.59499979019165,6.59499979019165,6.59499979019165,6.59499979019165,6.430428981781006,0
2018-11-20,6.59499979019165,6.59499979019165,6.59499979019165,6.59499979019165,6.430428981781006,0
2018-11-21,6.59499979019165,6.59499979019165,6.59499979019165,6.59499979019165,6.430428981781006,0
2018-11-22,6.579999923706055,6.590000152587891,6.579999923706055,6.585000038146973,6.420679092407227,32000
2018-11-26,6.585000038146973,6.585000038146973,6.585000038146973,6.585000038146973,6.420679092407227,0
2018-11-27,6.585000038146973,6.585000038146973,6.585000038146973,6.585000038146973,6.420679092407227,0
2018-11-28,6.585000038146973,6.585000038146973,6.585000038146973,6.585000038146973,6.420679092407227,0
2018-11-29,6.585000038146973,6.585000038146973,6.585000038146973,6.585000038146973,6.420679092407227,0
2018-11-30,6.585000038146973,6.585000038146973,6.585000038146973,6.585000038146973,6.420679092407227,0
2018-12-03,6.585000038146973,6.585000038146973,6.585000038146973,6.585000038146973,6.420679092407227,0
2018-12-04,6.585000038146973,6.585000038146973,6.585000038146973,6.585000038146973,6.420679092407227,0
2018-12-05,6.585000038146973,6.585000038146973,6.585000038146973,6.585000038146973,6.420679092407227,0
2018-12-06,6.585000038146973,6.585000038146973,6.585000038146973,6.585000038146973,6.420679092407227,0
2018-12-07,6.585000038146973,6.585000038146973,6.585000038146973,6.585000038146973,6.420679092407227,0
2018-12-10,6.585000038146973,6.585000038146973,6.585000038146973,6.585000038146973,6.420679092407227,0
2018-12-11,6.550000190734863,6.550000190734863,6.550000190734863,6.550000190734863,6.386551856994629,16000
2018-12-12,6.550000190734863,6.550000190734863,6.550000190734863,6.550000190734863,6.386551856994629,0
2018-12-13,6.550000190734863,6.550000190734863,6.550000190734863,6.550000190734863,6.386551856994629,0
2018-12-14,6.550000190734863,6.550000190734863,6.550000190734863,6.550000190734863,6.386551856994629,0
2018-12-17,6.5,6.5,6.5,6.5,6.3378005027771,16000
2018-12-18,6.449999809265137,6.489999771118164,6.449999809265137,6.489999771118164,6.328049659729004,96000
2018-12-19,6.400000095367432,6.400000095367432,6.400000095367432,6.400000095367432,6.24029541015625,80000
2018-12-20,6.489999771118164,6.489999771118164,6.489999771118164,6.489999771118164,6.328049659729004,80000
2018-12-21,6.449999809265137,6.489999771118164,5.860000133514404,6.489999771118164,6.328049659729004,112000
2018-12-24,6.769999980926514,6.769999980926514,6.300000190734863,6.349999904632568,6.1915435791015625,80000
2018-12-26,6.349999904632568,6.349999904632568,6.349999904632568,6.349999904632568,6.1915435791015625,0
2018-12-27,6.494999885559082,6.494999885559082,6.099999904632568,6.099999904632568,5.947781085968018,160000
2018-12-28,6.050000190734863,6.445000171661377,6.050000190734863,6.445000171661377,6.284173011779785,112000
2018-12-31,6.445000171661377,6.445000171661377,6.445000171661377,6.445000171661377,6.284173011779785,0
2019-01-01,6.445000171661377,6.445000171661377,6.445000171661377,6.445000171661377,6.284173011779785,0
2019-01-02,6.445000171661377,6.445000171661377,6.445000171661377,6.445000171661377,6.284173011779785,0
2019-01-03,6.445000171661377,6.445000171661377,6.445000171661377,6.445000171661377,6.284173011779785,0
2019-01-04,6.445000171661377,6.445000171661377,6.445000171661377,6.445000171661377,6.284173011779785,0
2019-01-07,6.445000171661377,6.445000171661377,6.445000171661377,6.445000171661377,6.284173011779785,0
2019-01-08,6.445000171661377,6.445000171661377,6.445000171661377,6.445000171661377,6.284173011779785,0
2019-01-09,6.445000171661377,6.445000171661377,6.445000171661377,6.445000171661377,6.284173011779785,0
2019-01-10,6.445000171661377,6.445000171661377,6.445000171661377,6.445000171661377,6.284173011779785,0
2019-01-11,6.099999904632568,6.389999866485596,6.019999980926514,6.170000076293945,6.0160346031188965,48000
2019-01-14,6.170000076293945,6.170000076293945,6.170000076293945,6.170000076293945,6.0160346031188965,0
2019-01-15,6.5,6.5,6.5,6.5,6.3378005027771,32000
2019-01-16,6.199999809265137,6.275000095367432,6.0,6.190000057220459,6.0355353355407715,128000
2019-01-17,6.190000057220459,6.190000057220459,6.190000057220459,6.190000057220459,6.0355353355407715,0
2019-01-18,6.190000057220459,6.190000057220459,6.190000057220459,6.190000057220459,6.0355353355407715,0
2019-01-21,6.190000057220459,6.190000057220459,6.190000057220459,6.190000057220459,6.0355353355407715,0
2019-01-22,5.900000095367432,6.099999904632568,4.954999923706055,6.09499979019165,5.942906379699707,64000
2019-01-23,6.09499979019165,6.09499979019165,6.09499979019165,6.09499979019165,5.942906379699707,0
2019-01-24,6.09499979019165,6.09499979019165,6.09499979019165,6.09499979019165,5.942906379699707,0
2019-01-25,6.09499979019165,6.09499979019165,6.09499979019165,6.09499979019165,5.942906379699707,0
2019-01-28,6.09499979019165,6.09499979019165,6.09499979019165,6.09499979019165,5.942906379699707,0
2019-01-29,6.09499979019165,6.09499979019165,6.09499979019165,6.09499979019165,5.942906379699707,0
2019-01-30,6.139999866485596,6.139999866485596,6.139999866485596,6.139999866485596,5.986783027648926,16000
2019-01-31,6.139999866485596,6.139999866485596,6.139999866485596,6.139999866485596,5.986783027648926,0
2019-02-01,5.989999771118164,5.989999771118164,5.989999771118164,5.989999771118164,5.840526103973389,16000
2019-02-04,5.980000019073486,5.980000019073486,5.980000019073486,5.980000019073486,5.830776214599609,16000
2019-02-05,5.985000133514404,5.985000133514404,5.985000133514404,5.985000133514404,5.835651874542236,16000
2019-02-06,5.599999904632568,5.599999904632568,5.599999904632568,5.599999904632568,5.460258960723877,16000
2019-02-07,5.650000095367432,5.650000095367432,5.650000095367432,5.650000095367432,5.5090107917785645,16000
2019-02-08,5.800000190734863,5.800000190734863,5.800000190734863,5.800000190734863,5.655267715454102,32000
2019-02-11,5.420000076293945,5.889999866485596,5.409999847412109,5.889999866485596,5.7430219650268555,64000
2019-02-12,5.889999866485596,5.889999866485596,5.889999866485596,5.889999866485596,5.7430219650268555,0
2019-02-14,5.400000095367432,5.949999809265137,4.71999979019165,5.949999809265137,5.8015241622924805,112000
2019-02-15,5.949999809265137,5.949999809265137,5.949999809265137,5.949999809265137,5.8015241622924805,0
2019-02-18,5.980000019073486,5.980000019073486,5.960000038146973,5.960000038146973,5.811275005340576,48000
2019-02-19,5.929999828338623,5.945000171661377,5.929999828338623,5.945000171661377,5.79664945602417,112000
2019-02-20,5.894999980926514,5.894999980926514,5.889999866485596,5.894999980926514,5.747897624969482,80000
2019-02-21,5.889999866485596,5.940000057220459,5.889999866485596,5.929999828338623,5.782022953033447,80000
2019-02-22,5.420000076293945,5.945000171661377,5.420000076293945,5.940000057220459,5.791773796081543,128000
2019-02-25,5.840000152587891,5.840000152587891,5.789999961853027,5.789999961853027,5.645516872406006,176000
2019-02-26,5.400000095367432,5.840000152587891,5.400000095367432,5.739999771118164,5.596765041351318,80000
2019-02-27,5.880000114440918,5.894999980926514,5.880000114440918,5.894999980926514,5.747897624969482,288000
2019-02-28,5.849999904632568,5.849999904632568,5.800000190734863,5.800000190734863,5.655267715454102,32000
2019-03-01,5.894999980926514,5.894999980926514,5.829999923706055,5.889999866485596,5.7430219650268555,96000
2019-03-05,5.795000076293945,5.795000076293945,5.795000076293945,5.795000076293945,5.650392532348633,48000
2019-03-06,5.795000076293945,5.795000076293945,5.795000076293945,5.795000076293945,5.650392532348633,0
2019-03-07,5.795000076293945,5.795000076293945,5.795000076293945,5.795000076293945,5.650392532348633,0
2019-03-08,5.795000076293945,5.795000076293945,5.795000076293945,5.795000076293945,5.650392532348633,0
2019-03-11,5.795000076293945,5.795000076293945,5.795000076293945,5.795000076293945,5.650392532348633,0
2019-03-12,5.889999866485596,5.889999866485596,5.889999866485596,5.889999866485596,5.7430219650268555,48000
2019-03-13,5.690000057220459,5.980000019073486,5.690000057220459,5.980000019073486,5.830776214599609,128000
2019-03-14,5.989999771118164,6.0,5.440000057220459,6.0,5.850276947021484,224000
2019-03-15,5.494999885559082,5.989999771118164,5.460000038146973,5.989999771118164,5.840526103973389,368000
2019-03-18,5.989999771118164,5.989999771118164,5.989999771118164,5.989999771118164,5.840526103973389,0
2019-03-19,5.480000019073486,5.989999771118164,5.46999979019165,5.960000038146973,5.811275005340576,416000
2019-03-20,5.960000038146973,5.960000038146973,5.960000038146973,5.960000038146973,5.811275005340576,0
2019-03-22,5.585000038146973,5.974999904632568,5.539999961853027,5.965000152587891,5.816151142120361,272000
2019-03-25,5.519999980926514,5.900000095367432,5.510000228881836,5.894999980926514,5.747897624969482,176000
2019-03-26,5.949999809265137,5.994999885559082,5.894999980926514,5.894999980926514,5.747897624969482,240000
2019-03-27,6.0,6.5,5.800000190734863,6.289999961853027,6.133039951324463,464000
2019-03-28,6.150000095367432,7.0,6.150000095367432,7.0,6.82532262802124,944000
2019-04-01,8.5,8.5,8.5,8.5,8.287891387939453,16000
2019-04-02,8.300000190734863,8.300000190734863,8.300000190734863,8.300000190734863,8.092883110046387,16000
2019-04-03,8.300000190734863,8.699999809265137,8.300000190734863,8.635000228881836,8.419523239135742,528000
2019-04-04,8.635000228881836,8.635000228881836,8.635000228881836,8.635000228881836,8.419523239135742,0
2019-04-05,8.635000228881836,8.635000228881836,8.635000228881836,8.635000228881836,8.419523239135742,0
2019-04-08,8.635000228881836,8.635000228881836,8.635000228881836,8.635000228881836,8.419523239135742,0
2019-04-09,8.449999809265137,8.5,8.449999809265137,8.5,8.287891387939453,32000
2019-04-10,8.199999809265137,8.199999809265137,8.199999809265137,8.199999809265137,7.995377540588379,144000
2019-04-11,8.0,8.0,7.579999923706055,7.579999923706055,7.390850067138672,32000
2019-04-12,8.0,8.0,7.349999904632568,7.349999904632568,7.16658878326416,32000
2019-04-15,7.900000095367432,7.900000095367432,7.900000095367432,7.900000095367432,7.702865123748779,32000
2019-04-16,8.039999961853027,8.039999961853027,8.039999961853027,8.039999961853027,7.839371681213379,32000
2019-04-18,8.039999961853027,8.039999961853027,8.039999961853027,8.039999961853027,7.839371681213379,0
2019-04-22,8.199999809265137,8.199999809265137,8.199999809265137,8.199999809265137,7.995377540588379,32000
2019-04-23,8.199999809265137,8.199999809265137,8.199999809265137,8.199999809265137,7.995377540588379,0
2019-04-24,8.199999809265137,8.199999809265137,8.199999809265137,8.199999809265137,7.995377540588379,0
2019-04-25,8.199999809265137,8.199999809265137,8.199999809265137,8.199999809265137,7.995377540588379,0
2019-04-26,8.199999809265137,8.199999809265137,8.199999809265137,8.199999809265137,7.995377540588379,0
2019-04-30,8.0,8.0,7.679999828338623,7.679999828338623,7.488354206085205,48000
2019-05-02,7.679999828338623,7.679999828338623,7.679999828338623,7.679999828338623,7.488354206085205,0
2019-05-03,7.599999904632568,7.599999904632568,7.599999904632568,7.599999904632568,7.410350799560547,304000
2019-05-06,7.599999904632568,7.599999904632568,7.599999904632568,7.599999904632568,7.410350799560547,0
2019-05-07,7.599999904632568,7.599999904632568,7.599999904632568,7.599999904632568,7.410350799560547,0
2019-05-08,7.5,7.5,7.440000057220459,7.440000057220459,7.2543439865112305,576000
2019-05-09,7.440000057220459,7.440000057220459,7.440000057220459,7.440000057220459,7.2543439865112305,0
2019-05-10,7.699999809265137,7.699999809265137,7.699999809265137,7.699999809265137,7.507855415344238,16000
2019-05-13,7.230000019073486,7.230000019073486,7.230000019073486,7.230000019073486,7.049583911895752,16000
2019-05-14,7.199999809265137,7.199999809265137,7.199999809265137,7.199999809265137,7.020331859588623,32000
2019-05-15,7.25,7.300000190734863,7.25,7.300000190734863,7.117837905883789,96000
2019-05-16,7.5,7.900000095367432,7.5,7.900000095367432,7.702865123748779,96000
2019-05-17,7.300000190734863,7.505000114440918,7.300000190734863,7.505000114440918,7.317721843719482,32000
2019-05-20,7.505000114440918,7.505000114440918,7.505000114440918,7.505000114440918,7.317721843719482,0
2019-05-21,7.505000114440918,7.505000114440918,7.505000114440918,7.505000114440918,7.317721843719482,0
2019-05-22,7.300000190734863,7.5,7.300000190734863,7.340000152587891,7.156838893890381,96000
2019-05-23,7.340000152587891,7.340000152587891,7.340000152587891,7.340000152587891,7.156838893890381,0
2019-05-24,7.340000152587891,7.340000152587891,7.340000152587891,7.340000152587891,7.156838893890381,0
2019-05-27,7.199999809265137,7.199999809265137,7.199999809265137,7.199999809265137,7.020331859588623,16000
2019-05-28,7.199999809265137,7.199999809265137,7.199999809265137,7.199999809265137,7.020331859588623,0
2019-05-29,7.0,7.0,7.0,7.0,6.82532262802124,32000
2019-05-30,7.0,7.0,7.0,7.0,6.82532262802124,0
2019-05-31,7.0,7.0,7.0,7.0,6.82532262802124,480000
2019-06-03,7.0,7.0,7.0,7.0,6.82532262802124,176000
2019-06-04,6.599999904632568,6.994999885559082,6.300000190734863,6.550000190734863,6.386551856994629,208000
2019-06-06,6.150000095367432,6.389999866485596,6.150000095367432,6.389999866485596,6.2305450439453125,48000
2019-06-07,6.389999866485596,6.389999866485596,6.389999866485596,6.389999866485596,6.2305450439453125,0
2019-06-10,6.074999809265137,6.074999809265137,6.074999809265137,6.074999809265137,5.923405170440674,16000
2019-06-11,5.989999771118164,5.989999771118164,5.989999771118164,5.989999771118164,5.840526103973389,16000
2019-06-12,5.989999771118164,5.989999771118164,5.989999771118164,5.989999771118164,5.840526103973389,0
2019-06-13,5.989999771118164,5.989999771118164,5.989999771118164,5.989999771118164,5.840526103973389,0
2019-06-14,5.989999771118164,5.989999771118164,5.989999771118164,5.989999771118164,5.840526103973389,0
2019-06-17,6.28000020980835,6.28000020980835,6.28000020980835,6.28000020980835,6.123290538787842,16000
2019-06-18,6.28000020980835,6.28000020980835,6.28000020980835,6.28000020980835,6.123290538787842,0
2019-06-19,6.28000020980835,6.28000020980835,6.28000020980835,6.28000020980835,6.123290538787842,0
2019-06-20,6.28000020980835,6.28000020980835,6.28000020980835,6.28000020980835,6.123290538787842,16000
2019-06-21,6.28000020980835,6.28000020980835,6.28000020980835,6.28000020980835,6.123290538787842,0
2019-06-24,6.0,6.0,5.96999979019165,5.96999979019165,5.821025371551514,160000
2019-06-25,5.96999979019165,5.96999979019165,5.96999979019165,5.96999979019165,5.821025371551514,0
2019-06-26,5.96999979019165,5.96999979019165,5.96999979019165,5.96999979019165,5.821025371551514,0
2019-06-27,5.96999979019165,5.96999979019165,5.96999979019165,5.96999979019165,5.821025371551514,0
2019-06-28,5.96999979019165,5.96999979019165,5.96999979019165,5.96999979019165,5.821025371551514,0
2019-07-01,5.675000190734863,5.675000190734863,5.675000190734863,5.675000190734863,5.533387184143066,16000
2019-07-02,5.394999980926514,5.400000095367432,5.394999980926514,5.394999980926514,5.260373592376709,336000
2019-07-03,5.394999980926514,5.394999980926514,5.394999980926514,5.394999980926514,5.260373592376709,0
2019-07-04,5.199999809265137,5.199999809265137,5.130000114440918,5.130000114440918,5.001986980438232,432000
2019-07-05,5.130000114440918,5.130000114440918,5.130000114440918,5.130000114440918,5.001986980438232,0
2019-07-08,5.130000114440918,5.130000114440918,5.130000114440918,5.130000114440918,5.001986980438232,0
2019-07-09,5.0,5.0,4.875,4.875,4.753349781036377,48000
2019-07-10,4.635000228881836,4.635000228881836,4.635000228881836,4.635000228881836,4.519339084625244,16000
2019-07-11,4.40500020980835,4.40500020980835,4.40500020980835,4.40500020980835,4.295078754425049,16000
2019-07-12,4.184999942779541,4.184999942779541,4.184999942779541,4.184999942779541,4.080568313598633,16000
2019-07-15,3.9800000190734863,3.9800000190734863,3.9800000190734863,3.9800000190734863,3.8806838989257812,16000
2019-07-16,4.0,4.0,4.0,4.0,3.9001846313476562,16000
2019-07-17,4.0,4.0,4.0,4.0,3.9001846313476562,0
2019-07-18,4.0,4.0,4.0,4.0,3.9001846313476562,16000
2019-07-19,3.799999952316284,3.799999952316284,3.799999952316284,3.799999952316284,3.7051753997802734,16000
2019-07-22,3.799999952316284,3.799999952316284,3.799999952316284,3.799999952316284,3.7051753997802734,0
2019-07-23,3.799999952316284,3.799999952316284,3.799999952316284,3.799999952316284,3.7051753997802734,0
2019-07-24,3.609999895095825,3.609999895095825,3.609999895095825,3.609999895095825,3.519916534423828,16000
2019-07-25,3.5,3.5,3.5,3.5,3.41266131401062,16000
2019-07-26,3.4000000953674316,3.4000000953674316,3.325000047683716,3.3499999046325684,3.266404390335083,64000
2019-07-29,3.184999942779541,3.299999952316284,3.184999942779541,3.2100000381469727,3.1298980712890625,96000
2019-07-30,3.049999952316284,3.049999952316284,3.049999952316284,3.049999952316284,2.973890542984009,32000
2019-07-31,3.049999952316284,3.049999952316284,3.049999952316284,3.049999952316284,2.973890542984009,0
2019-08-01,2.755000114440918,2.990000009536743,2.755000114440918,2.8949999809265137,2.822758436203003,144000
2019-08-02,2.755000114440918,2.755000114440918,2.755000114440918,2.755000114440918,2.6862523555755615,32000
2019-08-05,2.755000114440918,2.755000114440918,2.755000114440918,2.755000114440918,2.6862523555755615,0
2019-08-06,2.640000104904175,2.6500000953674316,2.619999885559082,2.6500000953674316,2.5838723182678223,48000
2019-08-07,2.5199999809265137,2.5199999809265137,2.5199999809265137,2.5199999809265137,2.45711612701416,16000
2019-08-08,2.6449999809265137,2.6449999809265137,2.6449999809265137,2.6449999809265137,2.5789971351623535,16000
2019-08-09,2.6449999809265137,2.6449999809265137,2.6449999809265137,2.6449999809265137,2.5789971351623535,0
2019-08-13,2.515000104904175,2.7750000953674316,2.515000104904175,2.7750000953674316,2.7057530879974365,64000
2019-08-14,2.9100000858306885,2.9100000858306885,2.9100000858306885,2.9100000858306885,2.8373842239379883,32000
2019-08-16,2.9100000858306885,2.9100000858306885,2.9100000858306885,2.9100000858306885,2.8373842239379883,0
2019-08-19,3.055000066757202,3.055000066757202,3.055000066757202,3.055000066757202,2.9787659645080566,64000
2019-08-20,3.0999999046325684,3.2049999237060547,3.0999999046325684,3.200000047683716,3.120147705078125,64000
2019-08-21,3.3499999046325684,3.359999895095825,3.2200000286102295,3.3399999141693115,3.2566542625427246,96000
2019-08-22,3.505000114440918,3.505000114440918,3.5,3.505000114440918,3.417536735534668,208000
2019-08-23,3.674999952316284,3.674999952316284,3.674999952316284,3.674999952316284,3.58329439163208,32000
2019-08-26,3.684999942779541,3.694999933242798,3.640000104904175,3.640000104904175,3.549168109893799,64000
2019-08-27,3.819999933242798,3.819999933242798,3.4600000381469727,3.6500000953674316,3.5589189529418945,208000
2019-08-28,3.7200000286102295,3.799999952316284,3.569999933242798,3.799999952316284,3.7051753997802734,64000
2019-08-29,3.9000000953674316,3.9000000953674316,3.609999895095825,3.609999895095825,3.519916534423828,208000
2019-08-30,3.630000114440918,3.740000009536743,3.5,3.7200000286102295,3.6271719932556152,160000
2019-09-03,3.9000000953674316,3.9000000953674316,3.9000000953674316,3.9000000953674316,3.802680015563965,16000
2019-09-04,3.890000104904175,3.890000104904175,3.7049999237060547,3.7049999237060547,3.61254620552063,224000
2019-09-05,3.684999942779541,3.7699999809265137,3.684999942779541,3.7699999809265137,3.675924062728882,240000
2019-09-06,3.765000104904175,3.940000057220459,3.5999999046325684,3.9000000953674316,3.802680015563965,112000
2019-09-09,3.825000047683716,3.825000047683716,3.825000047683716,3.825000047683716,3.7295515537261963,80000
2019-09-11,3.75,3.8399999141693115,3.634999990463257,3.634999990463257,3.54429292678833,208000
2019-09-12,3.6500000953674316,3.680000066757202,3.630000114440918,3.680000066757202,3.588169813156128,192000
2019-09-13,3.680000066757202,3.680000066757202,3.5,3.5,3.41266131401062,176000
2019-09-16,3.3499999046325684,3.5399999618530273,3.325000047683716,3.5399999618530273,3.4516634941101074,288000
2019-09-17,3.4000000953674316,3.4000000953674316,3.4000000953674316,3.4000000953674316,3.315157175064087,16000
2019-09-18,3.5,3.569999933242798,3.5,3.565000057220459,3.4760396480560303,64000
2019-09-19,3.680000066757202,3.680000066757202,3.674999952316284,3.680000066757202,3.588169813156128,64000
2019-09-20,3.6500000953674316,3.740000009536743,3.6500000953674316,3.740000009536743,3.646672487258911,224000
2019-09-23,3.7899999618530273,3.7899999618530273,3.5999999046325684,3.5999999046325684,3.5101659297943115,176000
2019-09-24,3.75,3.759999990463257,3.615000009536743,3.684999942779541,3.5930449962615967,288000
2019-09-25,3.865000009536743,3.865000009536743,3.505000114440918,3.505000114440918,3.417536735534668,512000
2019-09-26,3.5999999046325684,3.674999952316284,3.3299999237060547,3.3299999237060547,3.246903657913208,528000
2019-09-27,3.494999885559082,3.494999885559082,3.1649999618530273,3.1649999618530273,3.0860211849212646,208000
2019-09-30,3.200000047683716,3.319999933242798,3.200000047683716,3.305000066757202,3.2225277423858643,400000
2019-10-01,3.305000066757202,3.305000066757202,3.305000066757202,3.305000066757202,3.2225277423858643,0
2019-10-03,3.305000066757202,3.305000066757202,3.305000066757202,3.305000066757202,3.2225277423858643,0
2019-10-04,3.305000066757202,3.305000066757202,3.305000066757202,3.305000066757202,3.2225277423858643,16000
2019-10-07,3.1500000953674316,3.1500000953674316,3.140000104904175,3.140000104904175,3.061645269393921,48000
2019-10-09,3.130000114440918,3.130000114440918,3.130000114440918,3.130000114440918,3.0518946647644043,16000
2019-10-10,3.130000114440918,3.130000114440918,3.130000114440918,3.130000114440918,3.0518946647644043,0
2019-10-11,3.130000114440918,3.130000114440918,3.130000114440918,3.130000114440918,3.0518946647644043,16000
2019-10-14,2.9749999046325684,3.0,2.9749999046325684,3.0,2.925138473510742,64000
2019-10-15,3.0,3.0,3.0,3.0,2.925138473510742,0
2019-10-16,3.009999990463257,3.009999990463257,2.8499999046325684,2.9049999713897705,2.8325088024139404,48000
2019-10-17,2.9049999713897705,2.9049999713897705,2.9049999713897705,2.9049999713897705,2.8325088024139404,0
2019-10-18,2.759999990463257,3.049999952316284,2.759999990463257,2.9049999713897705,2.8325088024139404,64000
2019-10-22,2.765000104904175,2.765000104904175,2.759999990463257,2.759999990463257,2.691127300262451,96000
2019-10-23,2.759999990463257,2.759999990463257,2.759999990463257,2.759999990463257,2.691127300262451,160000
2019-10-24,2.759999990463257,2.759999990463257,2.759999990463257,2.759999990463257,2.691127300262451,0
2019-10-25,2.759999990463257,2.759999990463257,2.759999990463257,2.759999990463257,2.691127300262451,0
2019-10-29,2.759999990463257,2.875,2.759999990463257,2.875,2.803257942199707,32000
2019-10-30,2.9000000953674316,2.9000000953674316,2.9000000953674316,2.9000000953674316,2.827633857727051,16000
2019-10-31,2.9000000953674316,2.9000000953674316,2.9000000953674316,2.9000000953674316,2.827633857727051,0
2019-11-01,2.9000000953674316,2.9000000953674316,2.9000000953674316,2.9000000953674316,2.827633857727051,0
2019-11-04,2.9200000762939453,2.9200000762939453,2.9200000762939453,2.9200000762939453,2.847135066986084,16000
2019-11-05,2.9200000762939453,2.9200000762939453,2.9200000762939453,2.9200000762939453,2.847135066986084,0
2019-11-06,2.9200000762939453,2.9200000762939453,2.9200000762939453,2.9200000762939453,2.847135066986084,0
2019-11-07,2.9200000762939453,2.9200000762939453,2.9200000762939453,2.9200000762939453,2.847135066986084,0
2019-11-08,2.9200000762939453,2.9200000762939453,2.9200000762939453,2.9200000762939453,2.847135066986084,0
2019-11-11,2.9200000762939453,2.9200000762939453,2.9200000762939453,2.9200000762939453,2.847135066986084,0
2019-11-13,2.9200000762939453,2.9200000762939453,2.9200000762939453,2.9200000762939453,2.847135066986084,0
2019-11-14,2.9200000762939453,2.9200000762939453,2.9200000762939453,2.9200000762939453,2.847135066986084,0
2019-11-15,2.9200000762939453,2.9200000762939453,2.9200000762939453,2.9200000762939453,2.847135066986084,0
2019-11-18,3.065000057220459,3.065000057220459,2.8499999046325684,2.8499999046325684,2.778881311416626,80000
2019-11-19,2.8499999046325684,2.8499999046325684,2.8499999046325684,2.8499999046325684,2.778881311416626,0
2019-11-20,3.119999885559082,3.119999885559082,2.859999895095825,2.9000000953674316,2.827633857727051,64000
2019-11-21,2.9000000953674316,2.9000000953674316,2.9000000953674316,2.9000000953674316,2.827633857727051,0
2019-11-22,3.0,3.0,2.9000000953674316,2.990000009536743,2.9153881072998047,64000
2019-11-25,2.990000009536743,2.990000009536743,2.8450000286102295,2.9000000953674316,2.827633857727051,48000
2019-11-26,2.9000000953674316,2.9000000953674316,2.9000000953674316,2.9000000953674316,2.827633857727051,0
2019-11-27,2.8399999141693115,2.8399999141693115,2.619999885559082,2.7100000381469727,2.6423752307891846,64000
2019-11-28,2.8450000286102295,2.8450000286102295,2.5999999046325684,2.8399999141693115,2.7691309452056885,192000
2019-11-29,2.9800000190734863,2.9800000190734863,2.700000047683716,2.700000047683716,2.632624864578247,48000
2019-12-02,2.8299999237060547,2.8299999237060547,2.565000057220459,2.609999895095825,2.544870376586914,80000
2019-12-03,2.680000066757202,2.680000066757202,2.680000066757202,2.680000066757202,2.613123893737793,16000
2019-12-04,2.680000066757202,2.680000066757202,2.680000066757202,2.680000066757202,2.613123893737793,0
2019-12-05,2.680000066757202,2.680000066757202,2.680000066757202,2.680000066757202,2.613123893737793,0
2019-12-06,2.680000066757202,2.680000066757202,2.680000066757202,2.680000066757202,2.613123893737793,0
2019-12-09,2.680000066757202,2.680000066757202,2.680000066757202,2.680000066757202,2.613123893737793,0
2019-12-10,2.565000057220459,2.565000057220459,2.565000057220459,2.565000057220459,2.500993490219116,16000
2019-12-11,2.565000057220459,2.565000057220459,2.565000057220459,2.565000057220459,2.500993490219116,0
2019-12-12,2.440000057220459,2.450000047683716,2.440000057220459,2.450000047683716,2.3888630867004395,32000
2019-12-13,2.450000047683716,2.450000047683716,2.450000047683716,2.450000047683716,2.3888630867004395,0
2019-12-16,2.444999933242798,2.444999933242798,2.305000066757202,2.305000066757202,2.247481346130371,80000
2019-12-17,2.4200000762939453,2.4200000762939453,2.4200000762939453,2.4200000762939453,2.359611988067627,112000
2019-12-18,2.5350000858306885,2.5399999618530273,2.4100000858306885,2.5399999618530273,2.4766170978546143,176000
2019-12-19,2.6649999618530273,2.6649999618530273,2.5199999809265137,2.5199999809265137,2.45711612701416,144000
2019-12-20,2.4549999237060547,2.490000009536743,2.4100000858306885,2.4700000286102295,2.4083640575408936,112000
2019-12-23,2.3550000190734863,2.5799999237060547,2.3550000190734863,2.390000104904175,2.3303606510162354,272000
2019-12-24,2.2799999713897705,2.505000114440918,2.2799999713897705,2.505000114440918,2.442490577697754,1168000
2019-12-26,2.4149999618530273,2.615000009536743,2.4000000953674316,2.615000009536743,2.549745559692383,688000
2019-12-27,2.680000066757202,2.680000066757202,2.484999895095825,2.505000114440918,2.442490577697754,96000
2019-12-30,2.5299999713897705,2.5799999237060547,2.390000104904175,2.4200000762939453,2.359611988067627,208000
2019-12-31,2.5350000858306885,2.5350000858306885,2.5299999713897705,2.5299999713897705,2.4668667316436768,64000
2020-01-01,2.5899999141693115,2.6549999713897705,2.559999942779541,2.6500000953674316,2.5838723182678223,160000
2020-01-02,2.6500000953674316,2.6500000953674316,2.5799999237060547,2.5999999046325684,2.5351197719573975,128000
2020-01-03,2.5999999046325684,2.5999999046325684,2.5999999046325684,2.5999999046325684,2.5351197719573975,0
2020-01-06,2.6600000858306885,2.6600000858306885,2.505000114440918,2.6500000953674316,2.5838723182678223,192000
2020-01-07,2.690000057220459,2.690000057220459,2.559999942779541,2.559999942779541,2.4961180686950684,848000
2020-01-08,2.625,2.625,2.450000047683716,2.450000047683716,2.3888630867004395,992000
2020-01-09,2.559999942779541,2.559999942779541,2.3299999237060547,2.3299999237060547,2.271857738494873,976000
2020-01-10,2.2950000762939453,2.2950000762939453,2.2149999141693115,2.2850000858306885,2.227980613708496,800000
2020-01-13,2.2850000858306885,2.2850000858306885,2.2200000286102295,2.2699999809265137,2.2133545875549316,736000
2020-01-14,2.2699999809265137,2.2699999809265137,2.1600000858306885,2.2699999809265137,2.2133545875549316,768000
2020-01-15,2.240000009536743,2.375,2.240000009536743,2.305000066757202,2.247481346130371,752000
2020-01-16,2.2899999618530273,2.305000066757202,2.2100000381469727,2.244999885559082,2.1889781951904297,96000
2020-01-17,2.3499999046325684,2.3499999046325684,2.2049999237060547,2.3399999141693115,2.2816081047058105,112000
2020-01-20,2.299999952316284,2.299999952316284,2.299999952316284,2.299999952316284,2.2426061630249023,16000
2020-01-21,2.299999952316284,2.299999952316284,2.299999952316284,2.299999952316284,2.2426061630249023,0
2020-01-22,2.184999942779541,2.184999942779541,2.184999942779541,2.184999942779541,2.1304757595062256,16000
2020-01-23,2.0799999237060547,2.0999999046325684,2.0799999237060547,2.0899999141693115,2.037846565246582,32000
2020-01-24,2.0899999141693115,2.0899999141693115,2.0899999141693115,2.0899999141693115,2.037846565246582,0
2020-01-27,2.0899999141693115,2.0899999141693115,2.0899999141693115,2.0899999141693115,2.037846565246582,0
2020-01-28,2.0899999141693115,2.0899999141693115,2.0899999141693115,2.0899999141693115,2.037846565246582,0
2020-01-29,2.0899999141693115,2.0899999141693115,2.0899999141693115,2.0899999141693115,2.037846565246582,0
2020-01-30,2.190000057220459,2.190000057220459,2.190000057220459,2.190000057220459,2.1353509426116943,16000
2020-01-31,2.0899999141693115,2.0899999141693115,2.0850000381469727,2.0850000381469727,2.0329713821411133,160000
2020-02-03,2.180000066757202,2.180000066757202,2.180000066757202,2.180000066757202,2.125600576400757,32000
2020-02-04,2.2850000858306885,2.2850000858306885,2.2850000858306885,2.2850000858306885,2.227980613708496,32000
2020-02-05,2.3949999809265137,2.3949999809265137,2.299999952316284,2.299999952316284,2.2426061630249023,80000
2020-02-06,2.4100000858306885,2.4149999618530273,2.4000000953674316,2.4100000858306885,2.3498613834381104,96000
2020-02-07,2.4149999618530273,2.5,2.305000066757202,2.365000009536743,2.3059842586517334,816000
2020-02-10,2.265000104904175,2.2950000762939453,2.265000104904175,2.2950000762939453,2.2377312183380127,720000
2020-02-11,2.184999942779541,2.265000104904175,2.184999942779541,2.265000104904175,2.208479642868042,752000
2020-02-12,2.3350000381469727,2.3350000381469727,2.1549999713897705,2.2750000953674316,2.2182302474975586,816000
2020-02-13,2.2750000953674316,2.375,2.2750000953674316,2.3450000286102295,2.2864835262298584,704000
2020-02-14,2.325000047683716,2.4200000762939453,2.325000047683716,2.4000000953674316,2.340111017227173,64000
2020-02-17,2.450000047683716,2.450000047683716,2.450000047683716,2.450000047683716,2.3888630867004395,16000
2020-02-18,2.3499999046325684,2.559999942779541,2.3499999046325684,2.4700000286102295,2.4083640575408936,48000
2020-02-19,2.3499999046325684,2.4600000381469727,2.3499999046325684,2.4600000381469727,2.398613691329956,64000
2020-02-20,2.569999933242798,2.569999933242798,2.3399999141693115,2.3399999141693115,2.2816081047058105,256000
2020-02-24,2.2300000190734863,2.3949999809265137,2.2249999046325684,2.259999990463257,2.2036044597625732,912000
2020-02-25,2.1500000953674316,2.184999942779541,2.1500000953674316,2.1500000953674316,2.0963494777679443,768000
2020-02-26,2.0450000762939453,2.1449999809265137,2.0450000762939453,2.1449999809265137,2.0914740562438965,976000
2020-02-27,2.244999885559082,2.244999885559082,2.059999942779541,2.240000009536743,2.18410325050354,1200000
2020-02-28,2.240000009536743,2.240000009536743,2.130000114440918,2.240000009536743,2.18410325050354,1152000
2020-03-02,2.3299999237060547,2.3299999237060547,2.130000114440918,2.130000114440918,2.076848268508911,1536000
2020-03-03,2.2200000286102295,2.2249999046325684,2.0250000953674316,2.0850000381469727,2.0329713821411133,1376000
2020-03-04,2.0899999141693115,2.0899999141693115,1.9850000143051147,1.9850000143051147,1.9354666471481323,1664000
2020-03-05,1.9550000429153442,1.9550000429153442,1.940000057220459,1.940000057220459,1.8915895223617554,704000
2020-03-06,1.8450000286102295,1.8450000286102295,1.8450000286102295,1.8450000286102295,1.7989602088928223,16000
2020-03-09,1.7549999952316284,1.7549999952316284,1.7549999952316284,1.7549999952316284,1.7112058401107788,16000
2020-03-11,1.6749999523162842,1.6749999523162842,1.6699999570846558,1.6699999570846558,1.6283271312713623,32000
2020-03-12,1.6699999570846558,1.6699999570846558,1.6699999570846558,1.6699999570846558,1.6283271312713623,0
2020-03-13,1.6699999570846558,1.6699999570846558,1.6699999570846558,1.6699999570846558,1.6283271312713623,0
2020-03-16,1.6699999570846558,1.6699999570846558,1.6699999570846558,1.6699999570846558,1.6283271312713623,0
2020-03-17,1.6699999570846558,1.6699999570846558,1.6699999570846558,1.6699999570846558,1.6283271312713623,0
2020-03-18,1.6699999570846558,1.6699999570846558,1.6699999570846558,1.6699999570846558,1.6283271312713623,0
2020-03-19,1.6699999570846558,1.6699999570846558,1.6699999570846558,1.6699999570846558,1.6283271312713623,0
2020-03-20,1.6699999570846558,1.6699999570846558,1.6699999570846558,1.6699999570846558,1.6283271312713623,0
2020-03-23,1.6699999570846558,1.6699999570846558,1.6699999570846558,1.6699999570846558,1.6283271312713623,0
2020-03-24,1.6699999570846558,1.6699999570846558,1.6699999570846558,1.6699999570846558,1.6283271312713623,0
2020-03-25,1.6699999570846558,1.6699999570846558,1.6699999570846558,1.6699999570846558,1.6283271312713623,0
2020-03-26,1.6699999570846558,1.6699999570846558,1.6699999570846558,1.6699999570846558,1.6283271312713623,0
2020-03-27,1.5149999856948853,1.5149999856948853,1.5149999856948853,1.5149999856948853,1.477194905281067,16000
2020-03-30,1.440000057220459,1.440000057220459,1.440000057220459,1.440000057220459,1.4040666818618774,48000
2020-03-31,1.375,1.375,1.3700000047683716,1.3700000047683716,1.335813283920288,80000
2020-04-01,1.3049999475479126,1.3049999475479126,1.3049999475479126,1.3049999475479126,1.272435188293457,32000
2020-04-03,1.2999999523162842,1.2999999523162842,1.2999999523162842,1.2999999523162842,1.2675598859786987,32000
2020-04-07,1.2350000143051147,1.309999942779541,1.2350000143051147,1.309999942779541,1.2773104906082153,176000
2020-04-08,1.2450000047683716,1.3600000143051147,1.2450000047683716,1.3600000143051147,1.326062798500061,48000
2020-04-09,1.2949999570846558,1.409999966621399,1.2949999570846558,1.409999966621399,1.3748149871826172,496000
2020-04-13,1.3450000286102295,1.4299999475479126,1.340000033378601,1.3849999904632568,1.3504389524459839,576000
2020-04-15,1.4299999475479126,1.4500000476837158,1.399999976158142,1.4500000476837158,1.4138169288635254,416000
2020-04-16,1.5199999809265137,1.5199999809265137,1.5199999809265137,1.5199999809265137,1.4820700883865356,16000
2020-04-17,1.5950000286102295,1.5950000286102295,1.5,1.590000033378601,1.550323486328125,64000
2020-04-20,1.6649999618530273,1.6649999618530273,1.6649999618530273,1.6649999618530273,1.623451828956604,16000
2020-04-21,1.5850000381469727,1.5850000381469727,1.5850000381469727,1.5850000381469727,1.5454483032226562,32000
2020-04-22,1.5099999904632568,1.649999976158142,1.5099999904632568,1.5449999570846558,1.506446123123169,96000
2020-04-23,1.4700000286102295,1.6100000143051147,1.4700000286102295,1.6100000143051147,1.5698243379592896,64000
2020-04-24,1.6100000143051147,1.6100000143051147,1.6100000143051147,1.6100000143051147,1.5698243379592896,0
2020-04-27,1.6799999475479126,1.6799999475479126,1.5700000524520874,1.6799999475479126,1.6380774974822998,48000
2020-04-28,1.7450000047683716,1.7450000047683716,1.7450000047683716,1.7450000047683716,1.7014554738998413,16000
2020-04-29,1.7450000047683716,1.7450000047683716,1.7450000047683716,1.7450000047683716,1.7014554738998413,0
2020-04-30,1.8250000476837158,1.8250000476837158,1.8250000476837158,1.8250000476837158,1.7794594764709473,16000
2020-05-04,1.8250000476837158,1.8250000476837158,1.8250000476837158,1.8250000476837158,1.7794594764709473,0
2020-05-05,1.8250000476837158,1.8250000476837158,1.8250000476837158,1.8250000476837158,1.7794594764709473,0
2020-05-06,1.7999999523162842,1.7999999523162842,1.7999999523162842,1.7999999523162842,1.7550829648971558,16000
2020-05-07,1.7999999523162842,1.7999999523162842,1.7999999523162842,1.7999999523162842,1.7550829648971558,0
2020-05-08,1.7100000381469727,1.7100000381469727,1.7100000381469727,1.7100000381469727,1.667328953742981,16000
2020-05-11,1.7100000381469727,1.7100000381469727,1.7100000381469727,1.7100000381469727,1.667328953742981,0
2020-05-12,1.7100000381469727,1.7100000381469727,1.7100000381469727,1.7100000381469727,1.667328953742981,0
2020-05-13,1.7100000381469727,1.715000033378601,1.7100000381469727,1.715000033378601,1.6722041368484497,64000
2020-05-14,1.7200000286102295,1.7200000286102295,1.715000033378601,1.7200000286102295,1.6770793199539185,48000
2020-05-15,1.725000023841858,1.725000023841858,1.725000023841858,1.725000023841858,1.6819546222686768,560000
2020-05-18,1.725000023841858,1.7300000190734863,1.725000023841858,1.7300000190734863,1.6868298053741455,64000
2020-05-19,1.7350000143051147,1.7350000143051147,1.7350000143051147,1.7350000143051147,1.6917051076889038,128000
2020-05-20,1.7350000143051147,1.7350000143051147,1.7350000143051147,1.7350000143051147,1.6917051076889038,0
2020-05-21,1.7300000190734863,1.7300000190734863,1.7200000286102295,1.7300000190734863,1.6868298053741455,688000
2020-05-22,1.7300000190734863,1.7300000190734863,1.7300000190734863,1.7300000190734863,1.6868298053741455,0
2020-05-26,1.7300000190734863,1.7300000190734863,1.7300000190734863,1.7300000190734863,1.6868298053741455,0
2020-05-27,1.7300000190734863,1.7300000190734863,1.7300000190734863,1.7300000190734863,1.6868298053741455,0
2020-05-28,1.7949999570846558,1.815000057220459,1.7949999570846558,1.815000057220459,1.7697088718414307,32000
2020-05-29,1.9049999713897705,1.9049999713897705,1.850000023841858,1.850000023841858,1.803835391998291,1744000
2020-06-01,1.940000057220459,1.940000057220459,1.7599999904632568,1.8799999952316284,1.8330867290496826,672000
2020-06-02,1.9700000286102295,1.9700000286102295,1.9700000286102295,1.9700000286102295,1.9208409786224365,32000
2020-06-03,2.0,2.065000057220459,2.0,2.065000057220459,2.01347017288208,80000
2020-06-04,1.965000033378601,2.1500000953674316,1.965000033378601,2.1500000953674316,2.0963494777679443,192000
2020-06-05,2.1600000858306885,2.2249999046325684,2.049999952316284,2.1050000190734863,2.0524723529815674,1392000
2020-06-08,2.2100000381469727,2.2100000381469727,2.2049999237060547,2.2100000381469727,2.1548519134521484,96000
2020-06-09,2.299999952316284,2.319999933242798,2.299999952316284,2.319999933242798,2.2621071338653564,48000
2020-06-10,2.4149999618530273,2.434999942779541,2.359999895095825,2.384999990463257,2.3254852294921875,208000
2020-06-11,2.359999895095825,2.4100000858306885,2.299999952316284,2.309999942779541,2.25235652923584,160000
2020-06-12,2.299999952316284,2.4000000953674316,2.299999952316284,2.4000000953674316,2.340111017227173,48000
2020-06-15,2.4000000953674316,2.5,2.4000000953674316,2.5,2.4376156330108643,32000
2020-06-16,2.450000047683716,2.625,2.450000047683716,2.625,2.5594961643218994,64000
2020-06-17,2.494999885559082,2.7249999046325684,2.494999885559082,2.5999999046325684,2.5351197719573975,528000
2020-06-18,2.7200000286102295,2.7300000190734863,2.5999999046325684,2.6500000953674316,2.5838723182678223,320000
2020-06-19,2.7200000286102295,2.7799999713897705,2.7200000286102295,2.7799999713897705,2.7106282711029053,96000
2020-06-22,2.9000000953674316,2.9149999618530273,2.9000000953674316,2.9149999618530273,2.842259407043457,384000
2020-06-23,3.049999952316284,3.059999942779541,3.049999952316284,3.059999942779541,2.9836411476135254,64000
2020-06-24,3.2100000381469727,3.2100000381469727,3.2100000381469727,3.2100000381469727,3.1298980712890625,32000
2020-06-25,3.369999885559082,3.369999885559082,3.369999885559082,3.369999885559082,3.285905361175537,16000
2020-06-26,3.369999885559082,3.369999885559082,3.369999885559082,3.369999885559082,3.285905361175537,0
2020-06-29,3.7100000381469727,3.7100000381469727,3.359999895095825,3.359999895095825,3.2761549949645996,416000
2020-06-30,3.2249999046325684,3.3499999046325684,3.194999933242798,3.255000114440918,3.1737754344940186,464000
2020-07-01,3.3450000286102295,3.4149999618530273,3.299999952316284,3.4000000953674316,3.315157175064087,192000
2020-07-02,3.4649999141693115,3.569999933242798,3.4649999141693115,3.569999933242798,3.480914831161499,96000
2020-07-03,3.700000047683716,3.744999885559082,3.6500000953674316,3.744999885559082,3.65154767036438,208000
2020-07-06,3.9100000858306885,3.9100000858306885,3.805000066757202,3.875,3.778303623199463,144000
2020-07-07,3.990000009536743,3.990000009536743,3.8499999046325684,3.9749999046325684,3.8758084774017334,384000
2020-07-08,4.139999866485596,4.139999866485596,3.950000047683716,3.9749999046325684,3.8758084774017334,224000
2020-07-09,3.934999942779541,3.994999885559082,3.934999942779541,3.994999885559082,3.8953092098236084,224000
2020-07-10,3.9149999618530273,3.990000009536743,3.9000000953674316,3.9000000953674316,3.802680015563965,64000
2020-07-13,4.0,4.0,4.0,4.0,3.9001846313476562,16000
2020-07-14,3.930000066757202,3.990000009536743,3.859999895095825,3.950000047683716,3.8514325618743896,112000
2020-07-15,4.0,4.099999904632568,3.9149999618530273,4.09499979019165,3.9928138256073,384000
2020-07-16,4.150000095367432,4.150000095367432,3.9700000286102295,4.090000152587891,3.987938642501831,240000
2020-07-17,4.099999904632568,4.099999904632568,4.0,4.03000020980835,3.929436445236206,240000
2020-07-20,4.039999961853027,4.039999961853027,3.934999942779541,3.934999942779541,3.836806535720825,32000
2020-07-21,3.9700000286102295,3.9700000286102295,3.9700000286102295,3.9700000286102295,3.8709332942962646,16000
2020-07-22,3.805000066757202,3.805000066757202,3.7750000953674316,3.7750000953674316,3.6807994842529297,80000
2020-07-23,3.950000047683716,3.950000047683716,3.8499999046325684,3.8499999046325684,3.753927707672119,32000
2020-07-24,3.6600000858306885,3.990000009536743,3.6600000858306885,3.880000114440918,3.7831790447235107,80000
2020-07-27,3.9049999713897705,3.9049999713897705,3.690000057220459,3.690000057220459,3.5979204177856445,176000
2020-07-28,3.509999990463257,3.625,3.509999990463257,3.625,3.5345423221588135,48000
2020-07-29,3.6500000953674316,3.7300000190734863,3.5,3.7300000190734863,3.6369221210479736,144000
2020-07-30,3.8399999141693115,3.8399999141693115,3.75,3.7850000858306885,3.690549850463867,192000
2020-07-31,3.674999952316284,3.890000104904175,3.6600000858306885,3.7950000762939453,3.7003002166748047,96000
2020-08-03,3.819999933242798,3.940000057220459,3.799999952316284,3.940000057220459,3.841681957244873,64000
2020-08-04,3.990000009536743,3.990000009536743,3.9049999713897705,3.930000066757202,3.8319313526153564,304000
2020-08-05,3.75,3.950000047683716,3.75,3.950000047683716,3.8514325618743896,48000
2020-08-06,3.994999885559082,3.994999885559082,3.994999885559082,3.994999885559082,3.8953092098236084,16000
2020-08-07,4.025000095367432,4.025000095367432,3.8299999237060547,4.014999866485596,3.9148104190826416,96000
2020-08-10,4.025000095367432,4.03000020980835,4.019999980926514,4.025000095367432,3.924561023712158,64000
2020-08-11,4.03000020980835,4.034999847412109,4.0,4.0,3.9001846313476562,80000
2020-08-12,4.010000228881836,4.010000228881836,3.9700000286102295,3.9700000286102295,3.8709332942962646,64000
2020-08-13,3.994999885559082,3.994999885559082,3.994999885559082,3.994999885559082,3.8953092098236084,16000
2020-08-14,3.990000009536743,3.990000009536743,3.990000009536743,3.990000009536743,3.8904340267181396,16000
2020-08-17,3.990000009536743,3.990000009536743,3.990000009536743,3.990000009536743,3.8904340267181396,0
2020-08-18,3.700000047683716,3.700000047683716,3.700000047683716,3.700000047683716,3.607670783996582,16000
2020-08-19,3.7950000762939453,3.7950000762939453,3.7950000762939453,3.7950000762939453,3.7003002166748047,16000
2020-08-20,3.7799999713897705,3.7799999713897705,3.7799999713897705,3.7799999713897705,3.6856746673583984,16000
2020-08-21,3.7799999713897705,3.7799999713897705,3.7799999713897705,3.7799999713897705,3.6856746673583984,0
2020-08-24,3.9000000953674316,3.9000000953674316,3.9000000953674316,3.9000000953674316,3.802680015563965,16000
2020-08-25,3.9700000286102295,3.9800000190734863,3.9700000286102295,3.9800000190734863,3.8806838989257812,48000
2020-08-26,3.9800000190734863,3.990000009536743,3.880000114440918,3.880000114440918,3.7831790447235107,48000
2020-08-27,4.260000228881836,4.260000228881836,3.809999942779541,3.809999942779541,3.714925527572632,64000
2020-08-28,4.0,4.0,3.924999952316284,4.0,3.9001846313476562,848000
2020-08-31,4.0,4.0,4.0,4.0,3.9001846313476562,16000
2020-09-01,4.0,4.0,3.9100000858306885,3.9100000858306885,3.8124306201934814,32000
2020-09-02,4.0,4.0,4.0,4.0,3.9001846313476562,16000
2020-09-03,4.239999771118164,4.239999771118164,4.239999771118164,4.239999771118164,4.134194850921631,16000
2020-09-04,4.0,4.0,3.865000009536743,3.869999885559082,3.773428440093994,64000
2020-09-07,3.799999952316284,3.799999952316284,3.7699999809265137,3.7699999809265137,3.675924062728882,32000
2020-09-08,3.9700000286102295,3.9700000286102295,3.9700000286102295,3.9700000286102295,3.8709332942962646,16000
2020-09-09,3.700000047683716,3.8499999046325684,3.575000047683716,3.8499999046325684,3.753927707672119,128000
2020-09-10,3.799999952316284,3.890000104904175,3.5999999046325684,3.890000104904175,3.7929296493530273,80000
2020-09-11,4.0,4.0,4.0,4.0,3.9001846313476562,16000
2020-09-14,3.799999952316284,3.799999952316284,3.799999952316284,3.799999952316284,3.7051753997802734,160000
2020-09-15,3.994999885559082,3.994999885559082,3.890000104904175,3.890000104904175,3.7929296493530273,32000
2020-09-16,3.990000009536743,3.994999885559082,3.8499999046325684,3.994999885559082,3.8953092098236084,64000
2020-09-17,3.805000066757202,3.9100000858306885,3.805000066757202,3.9100000858306885,3.8124306201934814,32000
2020-09-18,3.9000000953674316,3.9100000858306885,3.799999952316284,3.799999952316284,3.7051753997802734,48000
2020-09-21,3.8499999046325684,3.9749999046325684,3.799999952316284,3.9749999046325684,3.8758084774017334,64000
2020-09-22,3.700000047683716,3.7100000381469727,3.700000047683716,3.7100000381469727,3.6174213886260986,48000
2020-09-23,3.825000047683716,3.8399999141693115,3.7750000953674316,3.8350000381469727,3.739302158355713,80000
2020-09-24,3.805000066757202,3.8299999237060547,3.700000047683716,3.8299999237060547,3.734426736831665,80000
2020-09-25,3.8299999237060547,3.8299999237060547,3.700000047683716,3.700000047683716,3.607670783996582,48000
2020-09-28,3.799999952316284,3.799999952316284,3.7100000381469727,3.7100000381469727,3.6174213886260986,48000
2020-09-29,3.734999895095825,3.734999895095825,3.7300000190734863,3.7300000190734863,3.6369221210479736,32000
2020-09-30,3.759999990463257,3.759999990463257,3.6500000953674316,3.6500000953674316,3.5589189529418945,48000
2020-10-01,3.7249999046325684,3.7249999046325684,3.7200000286102295,3.7200000286102295,3.6271719932556152,32000
2020-10-05,3.75,3.75,3.5,3.5899999141693115,3.500415802001953,176000
2020-10-06,3.5,3.5,3.5,3.5,3.41266131401062,32000
2020-10-07,3.4000000953674316,3.4000000953674316,3.299999952316284,3.299999952316284,3.2176523208618164,32000
2020-10-08,3.4200000762939453,3.4200000762939453,3.4200000762939453,3.4200000762939453,3.334657907485962,16000
2020-10-09,3.25,3.25,3.25,3.25,3.16890025138855,16000
2020-10-12,3.25,3.25,3.25,3.25,3.16890025138855,0
2020-10-13,3.375,3.375,3.375,3.375,3.290780782699585,16000
2020-10-14,3.375,3.375,3.375,3.375,3.290780782699585,0
2020-10-15,3.25,3.25,3.25,3.25,3.16890025138855,16000
2020-10-16,3.25,3.25,3.25,3.25,3.16890025138855,0
2020-10-19,3.25,3.25,3.25,3.25,3.16890025138855,0
2020-10-20,3.25,3.25,3.25,3.25,3.16890025138855,0
2020-10-21,3.25,3.25,3.25,3.25,3.16890025138855,0
2020-10-22,3.25,3.25,3.25,3.25,3.16890025138855,0
2020-10-23,3.25,3.25,3.25,3.25,3.16890025138855,0
2020-10-26,3.0899999141693115,3.0899999141693115,3.0899999141693115,3.0899999141693115,3.012892246246338,16000
2020-10-27,3.0899999141693115,3.0899999141693115,3.0899999141693115,3.0899999141693115,3.012892246246338,0
2020-10-28,3.0899999141693115,3.0899999141693115,3.0899999141693115,3.0899999141693115,3.012892246246338,0
2020-10-29,3.240000009536743,3.240000009536743,3.240000009536743,3.240000009536743,3.159149646759033,32000
2020-10-30,3.240000009536743,3.240000009536743,3.240000009536743,3.240000009536743,3.159149646759033,0
2020-11-02,3.240000009536743,3.240000009536743,3.240000009536743,3.240000009536743,3.159149646759033,0
2020-11-03,3.240000009536743,3.240000009536743,3.240000009536743,3.240000009536743,3.159149646759033,0
2020-11-04,3.240000009536743,3.240000009536743,3.240000009536743,3.240000009536743,3.159149646759033,0
2020-11-05,3.240000009536743,3.240000009536743,3.240000009536743,3.240000009536743,3.159149646759033,0
2020-11-06,3.2249999046325684,3.2249999046325684,3.2249999046325684,3.2249999046325684,3.144523859024048,16000
2020-11-09,3.2249999046325684,3.2249999046325684,3.2249999046325684,3.2249999046325684,3.144523859024048,0
2020-11-10,3.2249999046325684,3.2249999046325684,3.2249999046325684,3.2249999046325684,3.144523859024048,0
2020-11-11,3.2249999046325684,3.2249999046325684,3.2249999046325684,3.2249999046325684,3.144523859024048,0
2020-11-12,3.299999952316284,3.299999952316284,3.299999952316284,3.299999952316284,3.2176523208618164,16000
2020-11-13,3.299999952316284,3.299999952316284,3.299999952316284,3.299999952316284,3.2176523208618164,0
2020-11-17,3.299999952316284,3.299999952316284,3.299999952316284,3.299999952316284,3.2176523208618164,0
2020-11-18,3.299999952316284,3.299999952316284,3.299999952316284,3.299999952316284,3.2176523208618164,0
2020-11-19,3.25,3.299999952316284,3.25,3.299999952316284,3.2176523208618164,32000
2020-11-20,3.134999990463257,3.1500000953674316,3.134999990463257,3.1500000953674316,3.0713953971862793,32000
2020-11-23,3.1500000953674316,3.1500000953674316,3.1500000953674316,3.1500000953674316,3.0713953971862793,0
2020-11-24,3.1500000953674316,3.1500000953674316,3.1500000953674316,3.1500000953674316,3.0713953971862793,0
2020-11-25,3.0,3.049999952316284,2.9800000190734863,3.049999952316284,2.973890542984009,48000
2020-11-26,2.9100000858306885,2.990000009536743,2.9000000953674316,2.990000009536743,2.9153881072998047,48000
2020-11-27,2.8450000286102295,3.0,2.8450000286102295,2.9649999141693115,2.8910114765167236,112000
2020-12-01,2.819999933242798,3.109999895095825,2.819999933242798,3.109999895095825,3.03239369392395,80000
2020-12-02,2.9549999237060547,2.9549999237060547,2.9549999237060547,2.9549999237060547,2.8812613487243652,16000
2020-12-03,2.809999942779541,2.809999942779541,2.809999942779541,2.809999942779541,2.739879846572876,16000
2020-12-04,2.680000066757202,2.700000047683716,2.6700000762939453,2.690000057220459,2.6228742599487305,64000
2020-12-07,2.640000104904175,2.819999933242798,2.559999942779541,2.765000104904175,2.696002721786499,128000
2020-12-08,2.890000104904175,2.9000000953674316,2.7049999237060547,2.7049999237060547,2.6374998092651367,48000
2020-12-09,2.799999952316284,2.8399999141693115,2.799999952316284,2.8399999141693115,2.7691309452056885,752000
2020-12-10,2.9800000190734863,2.9800000190734863,2.9800000190734863,2.9800000190734863,2.905637502670288,16000
2020-12-11,3.125,3.125,3.125,3.125,3.0470192432403564,11050
2020-12-14,3.2799999713897705,3.2799999713897705,3.2799999713897705,3.2799999713897705,3.1981513500213623,2500
2020-12-15,3.440000057220459,3.440000057220459,3.440000057220459,3.440000057220459,3.354158639907837,3500
2020-12-16,3.609999895095825,3.609999895095825,3.609999895095825,3.609999895095825,3.519916534423828,4000
2020-12-17,3.7899999618530273,3.7899999618530273,3.7899999618530273,3.7899999618530273,3.695425033569336,100
2020-12-18,3.9749999046325684,3.9749999046325684,3.700000047683716,3.7750000953674316,3.6807994842529297,671000
2020-12-21,3.75,3.930000066757202,3.5899999141693115,3.5899999141693115,3.500415802001953,179910
2020-12-22,3.5899999141693115,3.5999999046325684,3.4149999618530273,3.569999933242798,3.480914831161499,38500
2020-12-23,3.4000000953674316,3.744999885559082,3.4000000953674316,3.744999885559082,3.65154767036438,35570
2020-12-24,3.930000066757202,3.930000066757202,3.680000066757202,3.7200000286102295,3.6271719932556152,159600
2020-12-28,3.7200000286102295,3.9000000953674316,3.615000009536743,3.734999895095825,3.6417970657348633,584580
2020-12-29,3.9000000953674316,3.9000000953674316,3.559999942779541,3.565000057220459,3.4760396480560303,142870
2020-12-30,3.694999933242798,3.694999933242798,3.5450000762939453,3.680000066757202,3.588169813156128,8180
2020-12-31,3.799999952316284,3.799999952316284,3.5999999046325684,3.680000066757202,3.588169813156128,55120
2021-01-01,3.6050000190734863,3.7750000953674316,3.5850000381469727,3.680000066757202,3.588169813156128,50920
2021-01-04,3.680000066757202,3.765000104904175,3.609999895095825,3.619999885559082,3.5296669006347656,109390
2021-01-05,3.625,3.7950000762939453,3.509999990463257,3.690000057220459,3.5979204177856445,186390
2021-01-06,3.744999885559082,3.75,3.6500000953674316,3.7149999141693115,3.6222965717315674,463410
2021-01-07,3.7699999809265137,3.799999952316284,3.694999933242798,3.740000009536743,3.646672487258911,198070
2021-01-08,3.7950000762939453,3.924999952316284,3.700000047683716,3.924999952316284,3.8270561695098877,1584380
2021-01-11,4.005000114440918,4.119999885559082,3.990000009536743,4.034999847412109,3.9343113899230957,275330
2021-01-12,4.119999885559082,4.119999885559082,3.8350000381469727,3.8450000286102295,3.7490525245666504,370480
2021-01-13,3.9800000190734863,4.034999847412109,3.6700000762939453,3.8550000190734863,3.758803129196167,456090
2021-01-14,3.930000066757202,4.045000076293945,3.7100000381469727,4.034999847412109,3.9343113899230957,210510
2021-01-15,3.9000000953674316,4.199999809265137,3.8350000381469727,3.8399999141693115,3.7441771030426025,294890
2021-01-18,3.75,4.0,3.6500000953674316,3.865000009536743,3.7685532569885254,150100
2021-01-19,3.759999990463257,3.9800000190734863,3.759999990463257,3.9000000953674316,3.802680015563965,25600
2021-01-20,3.815000057220459,3.984999895095825,3.765000104904175,3.805000066757202,3.710050582885742,30720
2021-01-21,3.944999933242798,3.990000009536743,3.799999952316284,3.9000000953674316,3.802680015563965,937400
2021-01-22,3.805000066757202,3.934999942779541,3.7149999141693115,3.765000104904175,3.671048879623413,49110
2021-01-25,3.9000000953674316,3.9000000953674316,3.6050000190734863,3.7899999618530273,3.695425033569336,12370
2021-01-27,3.8949999809265137,3.9549999237060547,3.640000104904175,3.7750000953674316,3.6807994842529297,65690
2021-01-28,3.7750000953674316,3.9100000858306885,3.5899999141693115,3.7699999809265137,3.675924062728882,384680
2021-01-29,3.7750000953674316,3.805000066757202,3.5850000381469727,3.609999895095825,3.519916534423828,15120
2021-02-01,3.690000057220459,3.7899999618530273,3.430000066757202,3.674999952316284,3.58329439163208,2321880
2021-02-02,3.7850000858306885,3.8450000286102295,3.630000114440918,3.805000066757202,3.710050582885742,115310
2021-02-03,3.8499999046325684,3.994999885559082,3.680000066757202,3.984999895095825,3.885558843612671,232680
2021-02-04,4.09499979019165,4.179999828338623,4.03000020980835,4.179999828338623,4.075693130493164,314460
2021-02-05,3.825000047683716,4.59499979019165,3.799999952316284,4.59499979019165,4.480337142944336,286590
2021-02-08,5.050000190734863,5.050000190734863,4.71999979019165,5.0,4.8752312660217285,482920
2021-02-09,4.800000190734863,5.5,4.550000190734863,5.244999885559082,5.11411714553833,1223620
2021-02-10,5.5,5.5,5.119999885559082,5.21999979019165,5.089740753173828,342570
2021-02-11,5.5,5.739999771118164,5.300000190734863,5.585000038146973,5.445632457733154,352510
2021-02-12,5.824999809265137,5.824999809265137,5.309999942779541,5.505000114440918,5.367629528045654,368910
2021-02-15,5.650000095367432,5.650000095367432,5.385000228881836,5.420000076293945,5.284750461578369,309950
2021-02-16,5.5,5.690000057220459,5.34499979019165,5.690000057220459,5.548012733459473,263700
2021-02-17,5.599999904632568,5.96999979019165,5.599999904632568,5.894999980926514,5.747897624969482,281890
2021-02-18,6.0,6.150000095367432,5.619999885559082,5.644999980926514,5.5041351318359375,717620
2021-02-19,5.610000133514404,5.925000190734863,5.420000076293945,5.724999904632568,5.582139015197754,465580
2021-02-22,6.010000228881836,6.010000228881836,5.800000190734863,6.0,5.850276947021484,376690
2021-02-23,6.300000190734863,6.300000190734863,6.110000133514404,6.289999961853027,6.133039951324463,159670
2021-02-24,6.420000076293945,6.599999904632568,6.099999904632568,6.534999847412109,6.371926307678223,170510
2021-02-25,6.84499979019165,6.860000133514404,6.429999828338623,6.614999771118164,6.449930667877197,554970
2021-02-26,6.335000038146973,6.929999828338623,6.284999847412109,6.5,6.3378005027771,283000
2021-03-01,6.465000152587891,6.800000190734863,6.204999923706055,6.340000152587891,6.181793212890625,125910
2021-03-02,6.46999979019165,6.65500020980835,6.375,6.389999866485596,6.2305450439453125,142310
2021-03-03,6.644999980926514,6.644999980926514,6.199999809265137,6.255000114440918,6.09891414642334,59440
2021-03-04,6.005000114440918,6.300000190734863,5.949999809265137,5.960000038146973,5.811275005340576,208010
2021-03-05,5.994999885559082,5.994999885559082,5.664999961853027,5.695000171661377,5.552887439727783,139910
2021-03-08,5.414999961853027,5.684999942779541,5.414999961853027,5.440000057220459,5.304251194000244,114020
2021-03-09,5.425000190734863,5.639999866485596,5.25,5.46999979019165,5.333502292633057,21990
2021-03-10,5.400000095367432,5.474999904632568,5.309999942779541,5.420000076293945,5.284750461578369,107230
2021-03-12,5.489999771118164,5.690000057220459,5.355000019073486,5.380000114440918,5.245748519897461,290790
2021-03-15,5.639999866485596,5.639999866485596,5.130000114440918,5.309999942779541,5.177494525909424,58410
2021-03-16,5.494999885559082,5.5,5.355000019073486,5.485000133514404,5.348128795623779,495110
2021-03-17,5.639999866485596,5.639999866485596,5.215000152587891,5.224999904632568,5.094616413116455,146530
2021-03-18,5.224999904632568,5.485000133514404,5.110000133514404,5.389999866485596,5.255498886108398,201820
2021-03-19,5.269999980926514,5.284999847412109,5.210000038146973,5.260000228881836,5.128742694854736,24940
2021-03-22,5.489999771118164,5.489999771118164,5.260000228881836,5.480000019073486,5.343253135681152,9650
2021-03-23,5.489999771118164,5.75,5.210000038146973,5.59499979019165,5.455382823944092,437110
2021-03-24,5.614999771118164,5.829999923706055,5.510000228881836,5.59499979019165,5.455382823944092,60450
2021-03-25,5.525000095367432,5.679999828338623,5.320000171661377,5.324999809265137,5.192120552062988,36700
2021-03-26,5.400000095367432,5.400000095367432,5.059999942779541,5.090000152587891,4.962985038757324,70900
2021-03-30,5.340000152587891,5.340000152587891,4.914999961853027,5.010000228881836,4.884981155395508,69240
2021-03-31,5.199999809265137,5.199999809265137,4.909999847412109,5.005000114440918,4.880106449127197,571990
2021-04-01,5.25,5.255000114440918,5.070000171661377,5.25,5.118992328643799,47090
2021-04-05,5.144999980926514,5.164999961853027,4.989999771118164,4.989999771118164,4.865479946136475,66170
2021-04-06,4.989999771118164,5.224999904632568,4.755000114440918,5.190000057220459,5.060489177703857,128700
2021-04-07,5.400000095367432,5.445000171661377,5.045000076293945,5.380000114440918,5.245748519897461,81720
2021-04-08,5.90500020980835,5.90500020980835,5.255000114440918,5.650000095367432,5.5090107917785645,16110
2021-04-09,5.650000095367432,5.695000171661377,5.40500020980835,5.664999961853027,5.523636341094971,37260
2021-04-12,5.400000095367432,5.40500020980835,5.150000095367432,5.389999866485596,5.255498886108398,214620
2021-04-13,5.630000114440918,5.630000114440918,5.25,5.349999904632568,5.216496467590332,9480
2021-04-15,5.5,5.885000228881836,5.300000190734863,5.860000133514404,5.713770866394043,718020
2021-04-16,5.875,6.300000190734863,5.619999885559082,5.90500020980835,5.757647514343262,366380
2021-04-19,5.699999809265137,5.949999809265137,5.315000057220459,5.90500020980835,5.757647514343262,168060
2021-04-20,6.050000190734863,6.184999942779541,5.510000228881836,5.989999771118164,5.840526103973389,202000
2021-04-22,6.099999904632568,6.300000190734863,5.675000190734863,6.164999961853027,6.0111589431762695,251830
2021-04-23,6.300000190734863,6.425000190734863,5.614999771118164,5.824999809265137,5.679643630981445,107960
2021-04-26,5.699999809265137,5.934999942779541,5.650000095367432,5.885000228881836,5.738147258758545,43690
2021-04-27,6.079999923706055,6.079999923706055,5.96999979019165,6.014999866485596,5.864902496337891,9670
2021-04-28,6.139999866485596,6.139999866485596,5.949999809265137,5.974999904632568,5.825901031494141,15790
2021-04-29,6.005000114440918,6.099999904632568,5.800000190734863,6.034999847412109,5.884403228759766,78680
2021-04-30,5.994999885559082,6.045000076293945,5.820000171661377,5.914999961853027,5.767397880554199,46040
2021-05-03,6.184999942779541,6.190000057220459,5.849999904632568,5.929999828338623,5.782022953033447,42830
2021-05-04,6.46999979019165,6.519999980926514,5.90500020980835,6.090000152587891,5.938031196594238,606050
2021-05-05,6.099999904632568,6.394999980926514,5.739999771118164,5.920000076293945,5.772273063659668,305480
2021-05-06,6.150000095367432,6.150000095367432,5.909999847412109,6.085000038146973,5.9331560134887695,248450
2021-05-07,6.079999923706055,6.085000038146973,5.900000095367432,6.065000057220459,5.913654804229736,45700
2021-05-10,6.195000171661377,6.199999809265137,5.914999961853027,6.059999942779541,5.908779621124268,30020
2021-05-11,6.0,6.099999904632568,5.505000114440918,6.0,5.850276947021484,101550
2021-05-12,6.139999866485596,6.139999866485596,5.630000114440918,6.0,5.850276947021484,103200
2021-05-14,6.190000057220459,6.190000057220459,5.889999866485596,6.014999866485596,5.864902496337891,18980
2021-05-17,6.144999980926514,6.144999980926514,6.005000114440918,6.065000057220459,5.913654804229736,24480
2021-05-18,6.170000076293945,6.179999828338623,6.079999923706055,6.144999980926514,5.991659164428711,63510
2021-05-19,6.199999809265137,6.199999809265137,6.039999961853027,6.130000114440918,5.9770331382751465,419060
2021-05-20,6.295000076293945,6.295000076293945,6.15500020980835,6.15500020980835,6.00140905380249,9920
2021-05-21,6.215000152587891,6.25,6.050000190734863,6.195000171661377,6.04041051864624,28090
2021-05-24,6.199999809265137,6.389999866485596,5.579999923706055,5.699999809265137,5.557762622833252,315720
2021-05-25,5.46999979019165,6.099999904632568,5.309999942779541,5.965000152587891,5.816151142120361,349620
2021-05-26,6.0,6.099999904632568,5.934999942779541,6.014999866485596,5.864902496337891,85040
2021-05-27,6.050000190734863,6.050000190734863,5.900000095367432,5.954999923706055,5.806399822235107,96400
2021-05-28,6.010000228881836,6.050000190734863,5.864999771118164,5.965000152587891,5.816151142120361,422660
2021-05-31,5.980000019073486,6.300000190734863,5.800000190734863,5.985000133514404,5.835651874542236,157140
2021-06-01,6.199999809265137,6.235000133514404,5.934999942779541,6.054999828338623,5.903903961181641,92800
2021-06-02,6.150000095367432,6.150000095367432,5.900000095367432,6.03000020980835,5.879528045654297,70600
2021-06-03,6.099999904632568,6.099999904632568,5.954999923706055,6.034999847412109,5.884403228759766,35390
2021-06-04,6.039999961853027,6.150000095367432,5.824999809265137,5.920000076293945,5.772273063659668,110330
2021-06-07,6.09499979019165,7.099999904632568,5.809999942779541,7.09499979019165,6.917952060699463,1058330
2021-06-08,7.09499979019165,8.494999885559082,7.09499979019165,8.135000228881836,7.932000160217285,3098360
2021-06-09,9.630000114440918,9.630000114440918,8.319999694824219,8.539999961853027,8.326892852783203,3369380
2021-06-10,8.539999961853027,8.899999618530273,8.029999732971191,8.579999923706055,8.365896224975586,572230
2021-06-11,8.795000076293945,9.0,8.300000190734863,8.345000267028809,8.136760711669922,255230
2021-06-14,8.3149995803833,8.5,8.039999961853027,8.489999771118164,8.278141975402832,248650
2021-06-15,8.149999618530273,8.420000076293945,8.074999809265137,8.244999885559082,8.039255142211914,461880
2021-06-16,8.069999694824219,8.470000267028809,8.039999961853027,8.380000114440918,8.17088794708252,141170
2021-06-17,8.425000190734863,8.425000190734863,8.050000190734863,8.225000381469727,8.019755363464355,102310
2021-06-18,8.0,8.399999618530273,7.900000095367432,8.079999923706055,7.878373146057129,175390
2021-06-21,7.625,8.1899995803833,7.625,8.114999771118164,7.912498474121094,149280
2021-06-22,7.934999942779541,8.295000076293945,7.934999942779541,8.050000190734863,7.849122047424316,91520
2021-06-23,8.149999618530273,8.229999542236328,7.989999771118164,8.015000343322754,7.814995288848877,25940
2021-06-24,8.199999809265137,8.449999809265137,7.869999885559082,8.375,8.166011810302734,1100960
2021-06-25,8.449999809265137,8.494999885559082,7.724999904632568,8.09000015258789,7.888123512268066,420860
2021-06-28,8.289999961853027,8.289999961853027,7.804999828338623,7.920000076293945,7.7223663330078125,138260
2021-06-29,8.085000038146973,8.085000038146973,7.159999847412109,7.360000133514404,7.176339626312256,632770
2021-06-30,7.175000190734863,7.349999904632568,7.099999904632568,7.255000114440918,7.0739593505859375,243940
2021-07-01,7.039999961853027,7.775000095367432,7.039999961853027,7.644999980926514,7.454228401184082,193710
2021-07-02,7.864999771118164,8.270000457763672,7.414999961853027,8.03499984741211,7.834495544433594,317310
2021-07-05,7.974999904632568,7.994999885559082,7.84499979019165,7.949999809265137,7.751616954803467,139430
2021-07-06,8.050000190734863,8.399999618530273,7.800000190734863,7.940000057220459,7.741866588592529,164520
2021-07-07,8.194999694824219,8.300000190734863,7.744999885559082,8.210000038146973,8.005127906799316,156750
2021-07-08,8.395000457763672,8.395000457763672,7.940000057220459,8.1899995803833,7.9856276512146,110550
2021-07-09,8.595000267028809,8.595000267028809,7.925000190734863,8.1899995803833,7.9856276512146,94130
2021-07-12,8.069999694824219,9.005000114440918,8.0,8.920000076293945,8.69741153717041,1504860
2021-07-13,9.359999656677246,9.779999732971191,8.960000038146973,9.300000190734863,9.067930221557617,2283020
2021-07-14,9.295000076293945,9.34000015258789,9.015000343322754,9.069999694824219,8.843668937683105,171830
2021-07-15,9.069999694824219,9.470000267028809,8.914999961853027,9.079999923706055,8.853418350219727,277580
2021-07-16,9.380000114440918,9.380000114440918,8.739999771118164,8.880000114440918,8.65841007232666,153140
2021-07-19,8.505000114440918,8.779999732971191,8.354999542236328,8.609999656677246,8.395148277282715,172290
2021-07-20,8.329999923706055,8.930000305175781,8.329999923706055,8.670000076293945,8.45365047454834,525870
2021-07-22,8.699999809265137,9.369999885559082,8.454999923706055,9.255000114440918,9.024052619934082,831800
2021-07-23,9.479999542236328,9.479999542236328,9.010000228881836,9.180000305175781,8.95092487335205,195170
2021-07-26,9.180000305175781,9.239999771118164,8.944999694824219,9.180000305175781,8.95092487335205,97410
2021-07-27,9.449999809265137,9.449999809265137,8.53499984741211,8.770000457763672,8.551155090332031,374850
2021-07-28,8.670000076293945,9.229999542236328,8.670000076293945,9.125,8.897295951843262,510170
2021-07-29,9.28499984741211,9.28499984741211,8.8100004196167,9.130000114440918,8.902172088623047,56980
2021-07-30,9.25,9.255000114440918,9.0,9.21500015258789,8.985050201416016,362130
2021-08-02,9.21500015258789,9.720000267028809,9.104999542236328,9.550000190734863,9.311690330505371,923480
2021-08-03,9.774999618530273,9.774999618530273,9.199999809265137,9.399999618530273,9.165433883666992,275120
2021-08-04,9.595000267028809,9.800000190734863,9.300000190734863,9.5649995803833,9.326315879821777,427060
2021-08-05,9.71500015258789,10.520000457763672,9.039999961853027,10.079999923706055,9.82846450805664,2626290
2021-08-06,10.300000190734863,12.095000267028809,10.135000228881836,12.069999694824219,11.768806457519531,9277900
2021-08-09,12.975000381469727,13.229999542236328,10.635000228881836,10.994999885559082,10.720632553100586,5692000
2021-08-10,11.0,11.234999656677246,9.904999732971191,10.380000114440918,10.120978355407715,1777600
2021-08-11,10.390000343322754,11.15999984741211,9.510000228881836,10.704999923706055,10.43786907196045,970320
2021-08-12,11.270000457763672,11.600000381469727,10.53499984741211,10.9399995803833,10.667004585266113,1086480
2021-08-13,11.045000076293945,11.220000267028809,10.430000305175781,10.600000381469727,10.335489273071289,371090
2021-08-16,10.6899995803833,10.885000228881836,10.300000190734863,10.635000228881836,10.369616508483887,243490
2021-08-17,10.600000381469727,10.770000457763672,10.300000190734863,10.324999809265137,10.067351341247559,142160
2021-08-18,10.484999656677246,10.484999656677246,10.199999809265137,10.324999809265137,10.067351341247559,171060
2021-08-20,9.649999618530273,12.100000381469727,9.649999618530273,11.460000038146973,11.174030303955078,2927440
2021-08-23,11.975000381469727,12.699999809265137,10.729999542236328,11.119999885559082,10.842513084411621,3205200
2021-08-24,11.5,11.5,10.774999618530273,10.880000114440918,10.608502388000488,331140
2021-08-25,10.585000038146973,11.5,10.585000038146973,11.194999694824219,10.915640830993652,345120
2021-08-26,11.420000076293945,11.420000076293945,10.699999809265137,10.880000114440918,10.608502388000488,149710
2021-08-27,11.050000190734863,12.380000114440918,10.699999809265137,11.664999961853027,11.373913764953613,1273870
2021-08-30,11.699999809265137,11.979999542236328,11.0649995803833,11.225000381469727,10.944894790649414,432750
2021-08-31,11.399999618530273,12.09000015258789,10.739999771118164,11.460000038146973,11.174030303955078,1335620
2021-09-01,11.664999961853027,12.470000267028809,11.300000190734863,12.114999771118164,11.812684059143066,2741860
2021-09-02,12.114999771118164,12.90999984741211,11.899999618530273,12.710000038146973,12.392836570739746,2473710
2021-09-03,12.84000015258789,14.899999618530273,12.265000343322754,14.270000457763672,13.913908958435059,10628460
2021-09-06,14.444999694824219,14.765000343322754,13.729999542236328,14.25,13.894407272338867,1938800
2021-09-07,14.100000381469727,15.170000076293945,13.649999618530273,14.154999732971191,13.801777839660645,4193500
2021-09-08,14.0,14.585000038146973,14.0,14.114999771118164,13.762777328491211,991300
2021-09-09,13.949999809265137,14.449999809265137,13.71500015258789,13.880000114440918,13.53364086151123,1512620
2021-09-13,13.970000267028809,14.25,13.699999809265137,13.725000381469727,13.382509231567383,523820
2021-09-14,13.869999885559082,14.050000190734863,13.65999984741211,13.760000228881836,13.416634559631348,534830
2021-09-15,13.6850004196167,13.885000228881836,13.350000381469727,13.654999732971191,13.314254760742188,661180
2021-09-16,13.420000076293945,13.765000343322754,13.199999809265137,13.229999542236328,12.899861335754395,493620
2021-09-17,13.199999809265137,13.484999656677246,12.510000228881836,12.699999809265137,12.383087158203125,484560
2021-09-20,12.430000305175781,12.850000381469727,12.335000038146973,12.654999732971191,12.33920955657959,414660
2021-09-21,12.524999618530273,13.454999923706055,12.045000076293945,12.994999885559082,12.670724868774414,1204350
2021-09-22,13.395000457763672,13.395000457763672,12.914999961853027,13.104999542236328,12.777979850769043,687870
2021-09-23,13.109999656677246,13.720000267028809,13.100000381469727,13.619999885559082,13.280128479003906,1171970
2021-09-24,13.875,13.875,13.020000457763672,13.274999618530273,12.943737983703613,957990
2021-09-27,13.274999618530273,13.574999809265137,13.199999809265137,13.395000457763672,13.060742378234863,710740
2021-09-28,13.395000457763672,13.494999885559082,13.050000190734863,13.390000343322754,13.055869102478027,731410
2021-09-29,12.954999923706055,13.4350004196167,12.954999923706055,13.225000381469727,12.89498519897461,540550
2021-09-30,13.380000114440918,13.694999694824219,13.119999885559082,13.274999618530273,12.943737983703613,669130
2021-10-01,13.210000038146973,13.5,12.805000305175781,13.104999542236328,12.777979850769043,702570
2021-10-04,13.114999771118164,13.399999618530273,13.024999618530273,13.260000228881836,12.929112434387207,482320
2021-10-05,13.550000190734863,14.399999618530273,13.1850004196167,13.345000267028809,13.011992454528809,1182110
2021-10-06,13.645000457763672,14.345000267028809,13.350000381469727,13.609999656677246,13.270378112792969,993780
2021-10-07,14.095000267028809,14.095000267028809,13.40999984741211,13.574999809265137,13.236251831054688,458880
2021-10-08,13.770000457763672,14.574999809265137,13.5649995803833,14.074999809265137,13.723774909973145,2800660
2021-10-11,14.5,14.859999656677246,14.109999656677246,14.399999618530273,14.040663719177246,1265170
2021-10-12,14.6850004196167,16.579999923706055,14.21500015258789,16.155000686645508,15.751872062683105,6659650
2021-10-13,16.350000381469727,17.799999237060547,15.630000114440918,17.44499969482422,17.009679794311523,3121810
2021-10-14,17.690000534057617,17.700000762939453,16.200000762939453,17.135000228881836,16.707416534423828,2471300
2021-10-18,16.915000915527344,18.334999084472656,16.635000228881836,17.420000076293945,16.98530387878418,1144230
2021-10-19,17.420000076293945,17.645000457763672,16.7549991607666,17.010000228881836,16.58553695678711,455130
2021-10-20,17.459999084472656,17.459999084472656,16.25,16.415000915527344,16.005386352539062,470420
2021-10-21,16.30500030517578,17.450000762939453,16.299999237060547,17.020000457763672,16.595285415649414,405100
2021-10-22,17.299999237060547,17.399999618530273,16.530000686645508,16.815000534057617,16.395402908325195,275770
2021-10-25,17.0,18.375,16.969999313354492,17.225000381469727,16.7951717376709,1045750
2021-10-26,17.770000457763672,17.770000457763672,17.165000915527344,17.420000076293945,16.98530387878418,293190
2021-10-27,17.524999618530273,17.9950008392334,17.200000762939453,17.31999969482422,16.887800216674805,253620
2021-10-28,17.399999618530273,17.399999618530273,16.704999923706055,16.875,16.453903198242188,335080
2021-10-29,17.295000076293945,17.299999237060547,16.354999542236328,17.1299991607666,16.702539443969727,681720
2021-11-01,17.1299991607666,17.600000381469727,16.799999237060547,17.264999389648438,16.83417320251465,294570
2021-11-02,17.5,17.9950008392334,17.014999389648438,17.795000076293945,17.350948333740234,782290
2021-11-03,18.155000686645508,18.635000228881836,17.360000610351562,17.760000228881836,17.31682014465332,749070
2021-11-04,17.600000381469727,18.485000610351562,17.600000381469727,18.204999923706055,17.750715255737305,145450
2021-11-08,18.399999618530273,19.184999465942383,18.030000686645508,18.170000076293945,17.716588973999023,512500
2021-11-09,18.270000457763672,18.434999465942383,17.850000381469727,18.059999465942383,17.609333038330078,318200
2021-11-10,18.149999618530273,18.989999771118164,18.145000457763672,18.65999984741211,18.194360733032227,494800
2021-11-11,18.989999771118164,18.989999771118164,18.21500015258789,18.44499969482422,17.984725952148438,199950
2021-11-12,18.625,21.200000762939453,18.5,19.725000381469727,19.232784271240234,2324390
2021-11-15,19.809999465942383,20.1200008392334,19.145000457763672,19.639999389648438,19.149906158447266,740970
2021-11-16,19.540000915527344,19.989999771118164,18.69499969482422,19.049999237060547,18.574628829956055,277810
2021-11-17,19.049999237060547,19.5,18.524999618530273,18.68000030517578,18.213865280151367,356780
2021-11-18,18.850000381469727,19.135000228881836,18.155000686645508,18.309999465942383,17.85309600830078,269810
2021-11-22,18.559999465942383,18.799999237060547,17.524999618530273,18.2549991607666,17.799467086791992,795250
2021-11-23,18.3700008392334,19.899999618530273,17.704999923706055,19.479999542236328,18.993896484375,823500
2021-11-24,19.889999389648438,20.219999313354492,19.309999465942383,19.434999465942383,18.95001983642578,1184050
2021-11-25,19.799999237060547,19.799999237060547,19.34000015258789,19.459999084472656,18.974395751953125,208410
2021-11-26,18.81999969482422,19.549999237060547,18.5049991607666,19.260000228881836,18.779388427734375,274960
2021-11-29,19.075000762939453,19.600000381469727,18.05500030517578,19.145000457763672,18.667261123657227,2398260
2021-11-30,19.145000457763672,19.799999237060547,18.315000534057617,18.770000457763672,18.301616668701172,560250
2021-12-01,18.954999923706055,19.55500030517578,18.799999237060547,19.315000534057617,18.83301544189453,430010
2021-12-02,19.399999618530273,20.0,19.084999084472656,19.434999465942383,18.95001983642578,391950
2021-12-03,19.600000381469727,19.600000381469727,18.924999237060547,19.125,18.64775848388672,280600
2021-12-06,19.2450008392334,19.600000381469727,18.65999984741211,19.045000076293945,18.56975555419922,716740
2021-12-07,19.299999237060547,19.5,18.950000762939453,19.114999771118164,18.63800811767578,446550
2021-12-08,19.2549991607666,19.260000228881836,18.6200008392334,18.7450008392334,18.277238845825195,290970
2021-12-09,18.850000381469727,19.5,18.5049991607666,19.239999771118164,18.759889602661133,443350
2021-12-10,19.239999771118164,20.5,18.915000915527344,20.204999923706055,19.700807571411133,1261820
2021-12-13,20.690000534057617,21.100000381469727,20.399999618530273,20.540000915527344,20.027448654174805,580910
2021-12-14,20.600000381469727,21.479999542236328,20.31999969482422,20.670000076293945,20.154203414916992,786540
2021-12-15,20.780000686645508,21.479999542236328,20.700000762939453,21.184999465942383,20.656352996826172,503630
2021-12-16,21.399999618530273,21.885000228881836,20.795000076293945,21.110000610351562,20.583223342895508,406390
2021-12-17,21.350000381469727,21.350000381469727,20.010000228881836,20.229999542236328,19.725183486938477,257990
2021-12-20,20.170000076293945,20.170000076293945,16.760000228881836,18.760000228881836,18.291868209838867,1734370
2021-12-21,19.399999618530273,19.75,19.020000457763672,19.405000686645508,18.920772552490234,474860
2021-12-22,19.920000076293945,19.920000076293945,19.2450008392334,19.594999313354492,19.106027603149414,225490
2021-12-23,19.78499984741211,19.850000381469727,19.200000762939453,19.309999465942383,18.828140258789062,153800
2021-12-24,19.125,19.489999771118164,19.104999542236328,19.299999237060547,18.818389892578125,67680
2021-12-27,18.799999237060547,20.299999237060547,18.799999237060547,20.049999237060547,19.54967498779297,1390230
2021-12-28,20.239999771118164,20.69499969482422,19.959999084472656,20.239999771118164,19.734933853149414,236730
2021-12-29,20.399999618530273,21.0,19.889999389648438,20.829999923706055,20.310213088989258,1859470
2021-12-30,20.920000076293945,20.920000076293945,20.235000610351562,20.354999542236328,19.847063064575195,249830
2021-12-31,20.709999084472656,20.709999084472656,20.31999969482422,20.424999237060547,19.91531753540039,97210
2022-01-03,20.545000076293945,22.5,20.139999389648438,21.780000686645508,21.23650550842285,1158090
2022-01-04,21.68000030517578,21.885000228881836,21.204999923706055,21.635000228881836,21.095125198364258,712990
2022-01-05,21.69499969482422,21.799999237060547,21.2549991607666,21.549999237060547,21.012243270874023,400740
2022-01-06,21.5,22.700000762939453,21.05500030517578,21.329999923706055,20.7977352142334,886770
2022-01-07,21.475000381469727,22.3799991607666,21.399999618530273,21.55500030517578,21.017122268676758,362800
2022-01-10,21.7450008392334,21.815000534057617,21.100000381469727,21.655000686645508,21.114625930786133,348850
2022-01-11,21.655000686645508,22.299999237060547,20.53499984741211,21.079999923706055,20.553972244262695,703890
2022-01-12,21.079999923706055,21.325000762939453,20.799999237060547,21.264999389648438,20.73435401916504,235650
2022-01-13,20.940000534057617,22.0,20.71500015258789,21.81999969482422,21.2755069732666,1477660
2022-01-14,21.969999313354492,22.3700008392334,21.600000381469727,21.7549991607666,21.21213150024414,512890
2022-01-17,22.290000915527344,22.290000915527344,21.0049991607666,21.09000015258789,20.563722610473633,299770
2022-01-18,21.270000457763672,21.790000915527344,20.7450008392334,21.329999923706055,20.7977352142334,522390
2022-01-19,21.795000076293945,21.795000076293945,20.844999313354492,21.084999084472656,20.558847427368164,251810
2022-01-20,21.260000228881836,21.299999237060547,20.459999084472656,21.165000915527344,20.636852264404297,259670
2022-01-21,21.079999923706055,21.100000381469727,20.2549991607666,20.75,20.232210159301758,334050
2022-01-24,20.75,20.75,18.924999237060547,20.2549991607666,19.749557495117188,788530
2022-01-25,19.399999618530273,20.80500030517578,19.1299991607666,20.540000915527344,20.027448654174805,859940
2022-01-27,20.684999465942383,20.684999465942383,19.65999984741211,20.21500015258789,19.710561752319336,93140
2022-01-28,20.3799991607666,20.950000762939453,19.334999084472656,19.834999084472656,19.34004020690918,200590
2022-01-31,20.079999923706055,20.69499969482422,19.704999923706055,19.799999237060547,19.3059139251709,114110
2022-02-01,19.815000534057617,19.989999771118164,19.375,19.4950008392334,19.008527755737305,508480
2022-02-02,19.329999923706055,19.959999084472656,19.329999923706055,19.739999771118164,19.24740982055664,461160
2022-02-03,20.600000381469727,20.600000381469727,19.915000915527344,20.125,19.622804641723633,217290
2022-02-04,20.59000015258789,20.59000015258789,19.579999923706055,20.030000686645508,19.530174255371094,107050
2022-02-07,20.200000762939453,20.229999542236328,19.584999084472656,19.7549991607666,19.262035369873047,1213770
2022-02-08,20.3799991607666,20.3799991607666,18.309999465942383,19.040000915527344,18.56488037109375,421860
2022-02-09,18.6200008392334,19.190000534057617,18.200000762939453,18.954999923706055,18.48200035095215,236050
2022-02-10,18.94499969482422,19.190000534057617,18.704999923706055,18.954999923706055,18.48200035095215,94760
2022-02-11,18.854999542236328,20.799999237060547,18.5049991607666,20.520000457763672,20.00794792175293,779500
2022-02-14,20.299999237060547,20.489999771118164,18.94499969482422,20.239999771118164,19.734933853149414,222420
2022-02-15,20.600000381469727,23.959999084472656,19.81999969482422,23.155000686645508,22.577194213867188,2743150
2022-02-16,24.014999389648438,25.889999389648438,22.799999237060547,23.440000534057617,22.855083465576172,4201020
2022-02-17,23.700000762939453,25.649999618530273,20.665000915527344,25.31999969482422,24.688169479370117,2801450
2022-02-18,25.0,25.795000076293945,24.0,24.579999923706055,24.20563316345215,1168140
2022-02-21,24.895000457763672,25.200000762939453,24.0,24.704999923706055,24.3287296295166,654570
2022-02-22,24.299999237060547,24.704999923706055,22.795000076293945,23.71500015258789,23.35380744934082,614500
2022-02-23,23.799999237060547,24.795000076293945,23.514999389648438,23.850000381469727,23.486751556396484,357340
2022-02-24,22.329999923706055,23.799999237060547,21.354999542236328,23.350000381469727,22.994365692138672,635280
2022-02-25,24.5,24.5,22.510000228881836,22.844999313354492,22.521167755126953,299230
2022-02-28,22.110000610351562,23.475000381469727,21.709999084472656,23.100000381469727,22.77255630493164,262510
2022-03-02,22.950000762939453,23.68000030517578,22.600000381469727,23.190000534057617,22.86128044128418,291890
2022-03-03,23.600000381469727,23.885000228881836,22.6200008392334,22.905000686645508,22.580322265625,282130
2022-03-04,22.5,23.290000915527344,22.125,23.049999237060547,22.723262786865234,270650
2022-03-07,22.040000915527344,23.399999618530273,22.040000915527344,22.815000534057617,22.491594314575195,446480
2022-03-08,22.149999618530273,23.395000457763672,22.149999618530273,22.65999984741211,22.33879280090332,252050
2022-03-09,23.010000228881836,24.905000686645508,22.719999313354492,24.735000610351562,24.384380340576172,747450
2022-03-10,25.0,26.200000762939453,24.209999084472656,24.584999084472656,24.23650550842285,1257810
2022-03-11,24.950000762939453,24.950000762939453,23.200000762939453,23.575000762939453,23.24082374572754,365990
2022-03-14,23.575000762939453,24.325000762939453,23.399999618530273,23.6200008392334,23.285184860229492,162400
2022-03-15,24.079999923706055,24.53499984741211,23.540000915527344,23.93000030517578,23.590789794921875,232600
2022-03-16,24.450000762939453,26.489999771118164,24.450000762939453,25.510000228881836,25.148393630981445,1996780
2022-03-17,25.760000228881836,25.985000610351562,25.010000228881836,25.079999923706055,24.7244873046875,496620
2022-03-21,25.100000381469727,25.364999771118164,23.735000610351562,24.25,23.906253814697266,269480
2022-03-22,23.90999984741211,25.200000762939453,23.90999984741211,24.635000228881836,24.285797119140625,345190
2022-03-23,25.424999237060547,26.0,24.610000610351562,24.790000915527344,24.438600540161133,1348480
2022-03-24,24.735000610351562,25.059999465942383,24.059999465942383,24.440000534057617,24.09356117248535,2361850
2022-03-25,24.334999084472656,24.68000030517578,23.110000610351562,24.415000915527344,24.06891632080078,990780
2022-03-28,24.5,24.5,22.69499969482422,23.3799991607666,23.048585891723633,614200
2022-03-29,23.3700008392334,24.149999618530273,22.799999237060547,23.0049991607666,22.67890167236328,307090
2022-03-30,23.69499969482422,24.235000610351562,23.104999542236328,23.524999618530273,23.1915283203125,693650
2022-03-31,23.625,24.9950008392334,23.149999618530273,24.049999237060547,23.709087371826172,420970
2022-04-01,24.18000030517578,24.8700008392334,23.799999237060547,24.344999313354492,23.999906539916992,303230
2022-04-04,24.200000762939453,24.235000610351562,23.774999618530273,23.875,23.536569595336914,285590
2022-04-05,23.979999542236328,24.0,23.40999984741211,23.46500015258789,23.132381439208984,463590
2022-04-06,23.329999923706055,23.954999923706055,23.295000076293945,23.704999923706055,23.36897850036621,381060
2022-04-07,23.829999923706055,23.969999313354492,23.114999771118164,23.235000610351562,22.905641555786133,372210
2022-04-08,23.424999237060547,24.5,23.360000610351562,23.704999923706055,23.36897850036621,233880
2022-04-11,23.889999389648438,23.969999313354492,23.209999084472656,23.594999313354492,23.26053810119629,1467750
2022-04-12,23.25,23.635000228881836,22.5,22.639999389648438,22.319076538085938,340980
2022-04-13,22.989999771118164,23.59000015258789,22.989999771118164,23.459999084472656,23.12744903564453,279890
2022-04-18,24.0,25.399999618530273,23.610000610351562,23.934999465942383,23.595720291137695,521530
2022-04-19,24.2450008392334,24.2450008392334,21.235000610351562,22.315000534057617,21.99868392944336,462470
2022-04-20,22.59000015258789,23.549999237060547,22.59000015258789,22.834999084472656,22.511310577392578,135900
2022-04-21,22.600000381469727,23.094999313354492,22.600000381469727,22.854999542236328,22.53102684020996,257830
2022-04-22,22.795000076293945,22.885000228881836,22.059999465942383,22.295000076293945,21.978965759277344,191110
2022-04-25,22.0,22.290000915527344,21.700000762939453,21.844999313354492,21.535343170166016,94040
2022-04-26,22.389999389648438,22.7549991607666,21.1200008392334,21.360000610351562,21.057220458984375,220120
2022-04-27,21.0,21.5,20.389999389648438,21.280000686645508,20.97835350036621,307700
2022-04-28,21.204999923706055,22.290000915527344,20.815000534057617,21.424999237060547,21.12129783630371,104690
2022-04-29,21.75,22.389999389648438,21.395000457763672,22.145000457763672,21.831092834472656,97860
2022-05-02,22.770000457763672,23.290000915527344,22.0,23.084999084472656,22.757766723632812,318030
2022-05-04,23.899999618530273,23.915000915527344,22.709999084472656,23.700000762939453,23.364051818847656,342380
2022-05-05,24.149999618530273,24.5,22.729999542236328,23.864999771118164,23.526710510253906,301400
2022-05-06,23.700000762939453,23.700000762939453,22.799999237060547,23.28499984741211,22.954933166503906,236040
2022-05-09,22.94499969482422,23.940000534057617,21.53499984741211,23.395000457763672,23.063373565673828,262840
2022-05-10,23.395000457763672,23.399999618530273,22.610000610351562,23.239999771118164,22.91057014465332,674670
2022-05-11,22.895000457763672,23.450000762939453,21.579999923706055,22.559999465942383,22.240209579467773,278110
2022-05-12,22.905000686645508,22.905000686645508,21.5,22.665000915527344,22.343721389770508,255720
2022-05-13,22.420000076293945,24.104999542236328,22.03499984741211,23.635000228881836,23.299972534179688,551970
2022-05-16,22.795000076293945,24.350000381469727,22.795000076293945,23.81999969482422,23.482349395751953,426460
2022-05-17,23.469999313354492,24.475000381469727,23.469999313354492,24.15999984741211,23.817529678344727,196450
2022-05-18,24.395000457763672,24.475000381469727,23.854999542236328,24.295000076293945,23.95061683654785,279370
2022-05-19,23.934999465942383,23.985000610351562,23.104999542236328,23.760000228881836,23.423198699951172,148960
2022-05-20,23.989999771118164,24.46500015258789,23.5049991607666,23.915000915527344,23.576004028320312,238220
2022-05-23,23.600000381469727,24.0049991607666,23.03499984741211,23.80500030517578,23.467561721801758,141320
2022-05-24,23.559999465942383,24.03499984741211,23.364999771118164,23.684999465942383,23.349260330200195,92150
2022-05-25,23.969999313354492,27.299999237060547,23.415000915527344,26.94499969482422,26.563053131103516,5246740
2022-05-26,26.975000381469727,27.19499969482422,24.65999984741211,25.18000030517578,24.823070526123047,1413190
2022-05-27,25.5,29.639999389648438,25.2549991607666,28.139999389648438,27.741113662719727,5229650
2022-05-30,29.0,30.299999237060547,28.0,29.170000076293945,28.756513595581055,3401840
2022-05-31,27.399999618530273,28.799999237060547,26.600000381469727,27.225000381469727,26.83908462524414,1488750
2022-06-01,27.56999969482422,28.045000076293945,26.565000534057617,27.014999389648438,26.63205909729004,1110580
2022-06-02,27.315000534057617,27.434999465942383,26.600000381469727,27.020000457763672,26.63698959350586,455490
2022-06-03,27.25,27.3799991607666,26.649999618530273,27.024999618530273,26.641916275024414,418830
2022-06-06,27.139999389648438,28.0049991607666,23.610000610351562,24.014999389648438,23.674583435058594,1678640
2022-06-07,23.5,23.969999313354492,20.334999084472656,20.915000915527344,20.618528366088867,1302760
2022-06-08,21.469999313354492,21.469999313354492,20.030000686645508,20.395000457763672,20.105899810791016,511430
2022-06-09,20.579999923706055,20.600000381469727,19.40999984741211,19.625,19.346813201904297,394130
2022-06-10,19.125,23.549999237060547,18.690000534057617,23.540000915527344,23.20631980895996,2058990
2022-06-13,23.049999237060547,27.299999237060547,22.0,25.829999923706055,25.463857650756836,4630310
2022-06-14,25.649999618530273,27.440000534057617,23.30500030517578,24.53499984741211,24.187211990356445,1539300
2022-06-15,24.405000686645508,26.09000015258789,24.0,25.235000610351562,24.877294540405273,1113130
2022-06-16,25.600000381469727,26.290000915527344,23.110000610351562,23.514999389648438,23.181671142578125,918330
2022-06-17,22.764999389648438,23.454999923706055,20.5,21.989999771118164,21.67829132080078,745680
2022-06-20,21.815000534057617,23.399999618530273,20.239999771118164,21.905000686645508,21.594497680664062,998390
2022-06-21,22.6200008392334,24.469999313354492,22.2549991607666,22.46500015258789,22.146556854248047,1475840
2022-06-22,22.700000762939453,23.5,21.3700008392334,21.985000610351562,21.67336082458496,722380
2022-06-23,22.190000534057617,22.479999542236328,21.399999618530273,21.6299991607666,21.32339096069336,361500
2022-06-24,21.989999771118164,21.989999771118164,20.5,20.69499969482422,20.40164566040039,429210
2022-06-27,20.895000457763672,21.3799991607666,19.84000015258789,20.290000915527344,20.00238609313965,580050
2022-06-28,20.600000381469727,20.600000381469727,20.094999313354492,20.360000610351562,20.071395874023438,175450
2022-06-29,20.190000534057617,22.094999313354492,20.0,21.28499984741211,20.98328399658203,640830
2022-06-30,21.28499984741211,21.940000534057617,21.155000686645508,21.709999084472656,21.402257919311523,354350
2022-07-01,21.9950008392334,21.9950008392334,20.549999237060547,20.895000457763672,20.598814010620117,98590
2022-07-04,20.68000030517578,21.114999771118164,20.0049991607666,20.334999084472656,20.0467472076416,185900
2022-07-05,20.770000457763672,21.795000076293945,20.5,21.0,20.70232391357422,264580
2022-07-06,21.0,21.56999969482422,20.454999923706055,20.94499969482422,20.648101806640625,390370
2022-07-07,21.100000381469727,21.600000381469727,20.969999313354492,21.364999771118164,21.06214714050293,115820
2022-07-08,21.360000610351562,21.68000030517578,20.674999237060547,21.06999969482422,20.771329879760742,263920
2022-07-11,20.709999084472656,21.399999618530273,20.709999084472656,21.010000228881836,20.712181091308594,155970
2022-07-12,20.600000381469727,21.399999618530273,20.600000381469727,21.049999237060547,20.75161361694336,254980
2022-07-13,21.200000762939453,21.395000457763672,20.514999389648438,20.65999984741211,20.367143630981445,157500
2022-07-14,20.56999969482422,21.0,20.56999969482422,20.8700008392334,20.574167251586914,76280
2022-07-15,21.094999313354492,21.094999313354492,20.0,20.2450008392334,19.958026885986328,152010
2022-07-18,20.6299991607666,20.649999618530273,20.100000381469727,20.2549991607666,19.967884063720703,220240
2022-07-19,20.69499969482422,20.889999389648438,20.100000381469727,20.71500015258789,20.421361923217773,312750
2022-07-20,21.0,21.0,20.309999465942383,20.385000228881836,20.096040725708008,106460
2022-07-21,20.329999923706055,20.565000534057617,20.225000381469727,20.34000015258789,20.051679611206055,121780
2022-07-22,20.700000762939453,20.700000762939453,20.34000015258789,20.420000076293945,20.130542755126953,80950
2022-07-25,20.969999313354492,20.969999313354492,20.344999313354492,20.459999084472656,20.16997528076172,229170
2022-07-26,20.725000381469727,20.725000381469727,19.614999771118164,19.860000610351562,19.57848358154297,283460
2022-07-27,20.200000762939453,20.200000762939453,19.905000686645508,20.040000915527344,19.755931854248047,118240
2022-07-28,19.860000610351562,20.5,19.799999237060547,20.139999389648438,19.854511260986328,192380
2022-07-29,20.145000457763672,20.5,20.084999084472656,20.309999465942383,20.02210235595703,139780
2022-08-01,20.790000915527344,21.0049991607666,19.889999389648438,20.594999313354492,20.303064346313477,243010
2022-08-02,20.700000762939453,20.78499984741211,20.399999618530273,20.53499984741211,20.243913650512695,140220
2022-08-03,20.489999771118164,21.0,20.405000686645508,20.875,20.57909393310547,164620
2022-08-04,21.329999923706055,21.329999923706055,20.850000381469727,21.05500030517578,20.75654411315918,460460
2022-08-05,21.05500030517578,21.15999984741211,20.8700008392334,21.094999313354492,20.795976638793945,105310
2022-08-08,21.395000457763672,21.850000381469727,21.0,21.690000534057617,21.382543563842773,297530
2022-08-10,22.0,22.110000610351562,21.5,21.764999389648438,21.456480026245117,305680
2022-08-11,21.764999389648438,22.040000915527344,21.110000610351562,21.450000762939453,21.145944595336914,291150
2022-08-12,21.450000762939453,21.575000762939453,21.065000534057617,21.18000030517578,20.879772186279297,87380
2022-08-16,21.5,21.5,20.899999618530273,20.950000762939453,20.653032302856445,132580
2022-08-17,20.600000381469727,20.989999771118164,20.344999313354492,20.709999084472656,20.416433334350586,230740
2022-08-18,20.520000457763672,21.0,20.520000457763672,20.825000762939453,20.529804229736328,70180
2022-08-19,20.899999618530273,20.899999618530273,20.344999313354492,20.5049991607666,20.459957122802734,266080
2022-08-22,20.5049991607666,20.700000762939453,20.010000228881836,20.334999084472656,20.31509780883789,76460
2022-08-23,20.334999084472656,20.815000534057617,19.989999771118164,20.510000228881836,20.489927291870117,104790
2022-08-24,20.334999084472656,20.850000381469727,20.31999969482422,20.405000686645508,20.38503074645996,91390
2022-08-25,20.59000015258789,20.860000610351562,19.78499984741211,20.295000076293945,20.27513885498047,279150
2022-08-26,20.125,20.4950008392334,20.100000381469727,20.18000030517578,20.16025161743164,49030
2022-08-29,20.0,20.395000457763672,19.854999542236328,20.110000610351562,20.090320587158203,119910
2022-08-30,20.674999237060547,20.674999237060547,20.104999542236328,20.190000534057617,20.170242309570312,113560
2022-09-01,20.549999237060547,20.549999237060547,20.100000381469727,20.1200008392334,20.100311279296875,77150
2022-09-02,20.030000686645508,20.549999237060547,20.0,20.094999313354492,20.075332641601562,85570
2022-09-05,20.0,20.200000762939453,19.645000457763672,19.889999389648438,19.870534896850586,101770
2022-09-06,20.0,20.18000030517578,19.889999389648438,20.0049991607666,19.985422134399414,83520
2022-09-07,20.100000381469727,20.59000015258789,19.885000228881836,20.21500015258789,20.19521713256836,189260
2022-09-08,20.30500030517578,24.2549991607666,20.225000381469727,24.2549991607666,24.23126220703125,2747180
2022-09-09,25.280000686645508,25.280000686645508,23.719999313354492,24.28499984741211,24.261234283447266,2593340
2022-09-12,23.969999313354492,24.55500030517578,23.610000610351562,23.854999542236328,23.831653594970703,448030
2022-09-13,23.639999389648438,24.334999084472656,23.354999542236328,24.135000228881836,24.111379623413086,494580
2022-09-14,23.19499969482422,24.299999237060547,23.139999389648438,24.084999084472656,24.06142807006836,237130
2022-09-15,24.0,24.44499969482422,23.844999313354492,24.165000915527344,24.1413516998291,942050
2022-09-16,24.209999084472656,24.264999389648438,22.700000762939453,23.204999923706055,23.18229103088379,1466250
2022-09-19,23.5,25.799999237060547,23.15999984741211,24.354999542236328,24.331165313720703,2153210
2022-09-20,24.5,25.799999237060547,24.299999237060547,25.68000030517578,25.654869079589844,1340850
2022-09-21,25.670000076293945,25.700000762939453,24.625,25.545000076293945,25.520000457763672,671910
2022-09-22,25.4950008392334,26.200000762939453,25.1299991607666,25.579999923706055,25.579999923706055,455180
2022-09-23,25.850000381469727,26.0,25.0,25.780000686645508,25.780000686645508,360370
2022-09-26,25.5,25.5,24.5049991607666,24.9950008392334,24.9950008392334,777860
2022-09-27,24.9950008392334,26.059999465942383,24.8700008392334,25.770000457763672,25.770000457763672,1920850
2022-09-28,25.5,26.4950008392334,25.020000457763672,25.424999237060547,25.424999237060547,1346010
2022-09-29,25.93000030517578,26.229999542236328,25.450000762939453,25.979999542236328,25.979999542236328,909930
2022-09-30,26.510000228881836,26.94499969482422,25.799999237060547,26.065000534057617,26.065000534057617,258880
2022-10-03,26.190000534057617,26.979999542236328,26.030000686645508,26.46500015258789,26.46500015258789,935400
2022-10-04,26.895000457763672,27.5,25.5,26.219999313354492,26.219999313354492,942540
2022-10-06,26.575000762939453,27.295000076293945,26.19499969482422,26.93000030517578,26.93000030517578,620190
2022-10-07,26.510000228881836,26.924999237060547,26.450000762939453,26.670000076293945,26.670000076293945,501060
2022-10-10,26.485000610351562,26.700000762939453,26.010000228881836,26.209999084472656,26.209999084472656,172810
2022-10-11,26.985000610351562,26.985000610351562,25.219999313354492,25.665000915527344,25.665000915527344,428340
2022-10-12,25.299999237060547,26.084999084472656,24.905000686645508,25.264999389648438,25.264999389648438,321240
2022-10-13,25.889999389648438,27.030000686645508,25.375,26.415000915527344,26.415000915527344,422170
2022-10-14,26.94499969482422,26.94499969482422,26.010000228881836,26.420000076293945,26.420000076293945,150500
2022-10-17,26.8700008392334,26.8700008392334,25.625,26.065000534057617,26.065000534057617,643590
2022-10-18,26.799999237060547,26.799999237060547,25.899999618530273,26.225000381469727,26.225000381469727,492010
2022-10-19,26.5,26.5,25.024999618530273,25.489999771118164,25.489999771118164,510810
2022-10-20,25.200000762939453,25.665000915527344,24.979999542236328,25.434999465942383,25.434999465942383,253250
2022-10-21,25.899999618530273,25.899999618530273,24.75,25.3799991607666,25.3799991607666,383820
2022-10-24,25.600000381469727,26.940000534057617,25.014999389648438,26.469999313354492,26.469999313354492,319900
2022-10-25,25.625,26.290000915527344,24.399999618530273,24.6200008392334,24.6200008392334,753650
2022-10-27,24.989999771118164,24.989999771118164,23.510000228881836,23.985000610351562,23.985000610351562,414760
2022-10-28,23.899999618530273,24.299999237060547,23.875,24.209999084472656,24.209999084472656,78090
2022-10-31,24.21500015258789,24.579999923706055,23.100000381469727,23.385000228881836,23.385000228881836,186710
2022-11-01,23.385000228881836,23.399999618530273,22.905000686645508,23.270000457763672,23.270000457763672,288770
2022-11-02,22.920000076293945,23.270000457763672,22.170000076293945,22.584999084472656,22.584999084472656,104970
2022-11-03,22.270000457763672,22.700000762939453,22.0049991607666,22.299999237060547,22.299999237060547,910110
2022-11-04,22.299999237060547,22.375,17.8799991607666,21.975000381469727,21.975000381469727,1687640
2022-11-07,21.600000381469727,24.0,21.600000381469727,22.344999313354492,22.344999313354492,1964880
2022-11-09,22.149999618530273,22.25,20.360000610351562,20.920000076293945,20.920000076293945,958290
2022-11-10,20.764999389648438,21.139999389648438,20.600000381469727,20.735000610351562,20.735000610351562,197360
2022-11-11,21.0,21.0,20.579999923706055,20.655000686645508,20.655000686645508,248920
2022-11-14,21.200000762939453,21.200000762939453,19.899999618530273,20.059999465942383,20.059999465942383,699300
2022-11-15,20.489999771118164,20.489999771118164,19.260000228881836,19.395000457763672,19.395000457763672,779620
2022-11-16,19.2549991607666,19.889999389648438,18.799999237060547,18.975000381469727,18.975000381469727,669770
2022-11-17,18.899999618530273,19.014999389648438,18.700000762939453,18.7450008392334,18.7450008392334,79410
2022-11-18,18.7450008392334,19.190000534057617,18.704999923706055,18.989999771118164,18.989999771118164,172420
2022-11-21,19.3700008392334,19.3700008392334,18.80500030517578,18.975000381469727,18.975000381469727,332900
2022-11-22,18.889999389648438,18.889999389648438,17.600000381469727,17.719999313354492,17.719999313354492,292310
2022-11-23,17.639999389648438,18.25,17.5,17.764999389648438,17.764999389648438,183220
2022-11-24,17.764999389648438,18.079999923706055,17.764999389648438,17.920000076293945,17.920000076293945,251130
2022-11-25,18.100000381469727,18.489999771118164,17.924999237060547,18.40999984741211,18.40999984741211,171060
2022-11-28,18.700000762939453,18.9950008392334,18.5,18.889999389648438,18.889999389648438,192510
2022-11-29,19.280000686645508,19.600000381469727,18.75,18.78499984741211,18.78499984741211,2979670
2022-11-30,18.889999389648438,19.28499984741211,18.104999542236328,18.584999084472656,18.584999084472656,3094650
2022-12-01,18.989999771118164,18.989999771118164,18.315000534057617,18.415000915527344,18.415000915527344,2307340
2022-12-02,18.415000915527344,18.5,18.100000381469727,18.19499969482422,18.19499969482422,217840
2022-12-05,18.2549991607666,19.0,18.200000762939453,18.270000457763672,18.270000457763672,193470
2022-12-06,18.25,18.30500030517578,18.100000381469727,18.170000076293945,18.170000076293945,121060
2022-12-07,18.219999313354492,18.290000915527344,18.05500030517578,18.149999618530273,18.149999618530273,80910
2022-12-08,18.149999618530273,18.389999389648438,17.68000030517578,17.799999237060547,17.799999237060547,177380
2022-12-09,17.799999237060547,18.075000762939453,17.31999969482422,17.649999618530273,17.649999618530273,168490
2022-12-12,17.5,17.985000610351562,17.5,17.764999389648438,17.764999389648438,64200
2022-12-13,17.639999389648438,17.889999389648438,17.639999389648438,17.799999237060547,17.799999237060547,59810
2022-12-14,17.889999389648438,18.19499969482422,17.75,17.844999313354492,17.844999313354492,497450
2022-12-15,18.399999618530273,18.399999618530273,17.4950008392334,17.69499969482422,17.69499969482422,229550
2022-12-16,17.969999313354492,17.969999313354492,17.479999542236328,17.639999389648438,17.639999389648438,100990
2022-12-19,17.799999237060547,17.799999237060547,17.399999618530273,17.514999389648438,17.514999389648438,52310
2022-12-20,17.405000686645508,17.645000457763672,17.100000381469727,17.21500015258789,17.21500015258789,193290
2022-12-21,17.344999313354492,17.350000381469727,16.299999237060547,16.704999923706055,16.704999923706055,267150
2022-12-22,16.5049991607666,16.670000076293945,15.40999984741211,15.725000381469727,15.725000381469727,192500
2022-12-23,15.949999809265137,15.949999809265137,14.489999771118164,14.625,14.625,130580
2022-12-26,14.600000381469727,17.549999237060547,14.600000381469727,16.645000457763672,16.645000457763672,701360
2022-12-27,16.655000686645508,17.295000076293945,16.459999084472656,16.665000915527344,16.665000915527344,237400
2022-12-28,16.604999542236328,18.450000762939453,16.604999542236328,17.31999969482422,17.31999969482422,1488640
2022-12-29,17.520000457763672,18.110000610351562,17.200000762939453,17.235000610351562,17.235000610351562,334190
2022-12-30,17.459999084472656,17.459999084472656,16.524999618530273,16.790000915527344,16.790000915527344,120100
2023-01-02,16.8799991607666,16.885000228881836,16.360000610351562,16.655000686645508,16.655000686645508,100500
2023-01-03,16.604999542236328,16.75,16.5,16.520000457763672,16.520000457763672,65560
2023-01-04,16.530000686645508,16.6200008392334,16.299999237060547,16.40999984741211,16.40999984741211,56820
2023-01-05,16.889999389648438,17.0,16.165000915527344,16.290000915527344,16.290000915527344,162990
2023-01-06,16.299999237060547,16.420000076293945,15.914999961853027,16.040000915527344,16.040000915527344,8242660
2023-01-09,16.799999237060547,18.59000015258789,16.415000915527344,17.959999084472656,17.959999084472656,2702050
2023-01-10,17.655000686645508,18.225000381469727,17.299999237060547,17.700000762939453,17.700000762939453,607860
2023-01-11,17.434999465942383,18.19499969482422,17.434999465942383,17.729999542236328,17.729999542236328,287290
2023-01-12,17.9950008392334,18.09000015258789,17.209999084472656,17.274999618530273,17.274999618530273,124580
2023-01-13,17.510000228881836,17.844999313354492,17.28499984741211,17.639999389648438,17.639999389648438,105760
2023-01-16,17.639999389648438,18.469999313354492,17.09000015258789,18.040000915527344,18.040000915527344,295470
2023-01-17,18.309999465942383,19.200000762939453,18.09000015258789,18.954999923706055,18.954999923706055,1340090
2023-01-18,19.299999237060547,19.385000228881836,18.209999084472656,18.475000381469727,18.475000381469727,423890
2023-01-19,18.299999237060547,18.450000762939453,18.0,18.209999084472656,18.209999084472656,599220
2023-01-20,18.200000762939453,18.44499969482422,18.024999618530273,18.174999237060547,18.174999237060547,589790
2023-01-23,18.149999618530273,19.5,17.934999465942383,19.264999389648438,19.264999389648438,1958560
2023-01-24,19.34000015258789,19.375,18.93000030517578,18.959999084472656,18.959999084472656,138050
2023-01-25,19.600000381469727,19.600000381469727,18.325000762939453,18.565000534057617,18.565000534057617,135650
2023-01-27,19.190000534057617,19.190000534057617,17.219999313354492,17.579999923706055,17.579999923706055,2172620
2023-01-30,18.25,18.25,17.40999984741211,17.635000228881836,17.635000228881836,113890
2023-01-31,17.895000457763672,17.895000457763672,17.5,17.655000686645508,17.655000686645508,53800
2023-02-01,17.850000381469727,18.295000076293945,17.399999618530273,17.59000015258789,17.59000015258789,116650
2023-02-02,17.18000030517578,17.94499969482422,16.860000610351562,17.010000228881836,17.010000228881836,216410
2023-02-03,17.21500015258789,17.690000534057617,16.809999465942383,17.184999465942383,17.184999465942383,193000
2023-02-06,17.44499969482422,17.78499984741211,17.31999969482422,17.46500015258789,17.46500015258789,58760
2023-02-07,17.350000381469727,17.770000457763672,17.350000381469727,17.40999984741211,17.40999984741211,57520
2023-02-08,17.40999984741211,17.799999237060547,17.225000381469727,17.665000915527344,17.665000915527344,213870
2023-02-09,17.979999542236328,17.979999542236328,17.399999618530273,17.600000381469727,17.600000381469727,105200
2023-02-10,17.895000457763672,17.895000457763672,17.2549991607666,17.420000076293945,17.420000076293945,83060
2023-02-13,17.8799991607666,18.5,17.704999923706055,18.375,18.375,278460
2023-02-14,18.700000762939453,18.985000610351562,18.5,18.78499984741211,18.78499984741211,395610
2023-02-15,19.899999618530273,22.5,18.75,21.899999618530273,21.899999618530273,840343
2023-02-16,21.850000381469727,21.899999618530273,19.149999618530273,19.299999237060547,19.299999237060547,480516
2023-02-17,18.549999237060547,19.0,17.75,18.149999618530273,18.149999618530273,243488
2023-02-20,18.200000762939453,19.0,17.200000762939453,17.600000381469727,17.600000381469727,150834
2023-02-21,17.299999237060547,17.700000762939453,17.0,17.149999618530273,17.149999618530273,53177
2023-02-22,17.25,17.899999618530273,15.25,16.899999618530273,16.899999618530273,119624
2023-02-23,16.899999618530273,17.450000762939453,16.200000762939453,16.75,16.75,106049
2023-02-24,17.0,17.049999237060547,15.850000381469727,16.549999237060547,16.549999237060547,75178
2023-02-27,16.549999237060547,16.700000762939453,15.699999809265137,16.0,16.0,42790
2023-02-28,16.399999618530273,16.399999618530273,15.75,16.049999237060547,16.049999237060547,32377
2023-03-01,16.049999237060547,16.399999618530273,15.800000190734863,16.100000381469727,16.100000381469727,71601
2023-03-02,16.299999237060547,16.299999237060547,15.800000190734863,15.899999618530273,15.899999618530273,695383
2023-03-03,16.200000762939453,17.799999237060547,15.699999809265137,17.200000762939453,17.200000762939453,217017
2023-03-06,17.700000762939453,18.0,16.899999618530273,17.049999237060547,17.049999237060547,233485
2023-03-08,17.049999237060547,17.049999237060547,16.5,16.799999237060547,16.799999237060547,35505
2023-03-09,17.0,17.0,16.25,16.399999618530273,16.399999618530273,112666
2023-03-10,16.25,16.700000762939453,16.149999618530273,16.399999618530273,16.399999618530273,32765
2023-03-13,16.850000381469727,16.850000381469727,15.800000190734863,16.25,16.25,43843
2023-03-14,16.100000381469727,16.600000381469727,15.600000381469727,16.0,16.0,18272
2023-03-15,16.100000381469727,16.450000762939453,15.5,15.899999618530273,15.899999618530273,101537
2023-03-16,16.25,16.25,15.300000190734863,15.949999809265137,15.949999809265137,131871
2023-03-17,16.200000762939453,16.200000762939453,15.300000190734863,15.600000381469727,15.600000381469727,39271
2023-03-20,18.649999618530273,18.649999618530273,15.0,15.199999809265137,15.199999809265137,118127
2023-03-21,15.25,15.949999809265137,15.050000190734863,15.399999618530273,15.399999618530273,29188
2023-03-22,15.75,15.75,14.550000190734863,14.949999809265137,14.949999809265137,65025
2023-03-23,14.699999809265137,15.300000190734863,14.649999618530273,14.949999809265137,14.949999809265137,33210
2023-03-24,15.0,15.25,14.5,14.600000381469727,14.600000381469727,97873
2023-03-27,14.5,14.75,12.75,13.449999809265137,13.449999809265137,82923
2023-03-28,13.800000190734863,14.0,12.350000381469727,13.449999809265137,13.449999809265137,121205
2023-03-29,13.800000190734863,13.850000381469727,12.699999809265137,13.25,13.25,129474
2023-03-31,13.949999809265137,14.850000381469727,12.850000381469727,13.25,13.25,181312
2023-04-03,13.25,14.5,13.25,13.850000381469727,13.850000381469727,62793
2023-04-05,13.850000381469727,14.300000190734863,13.600000381469727,14.100000381469727,14.100000381469727,58067
2023-04-06,14.399999618530273,14.399999618530273,13.649999618530273,14.199999809265137,14.199999809265137,64844
2023-04-10,14.100000381469727,14.449999809265137,13.699999809265137,13.800000190734863,13.800000190734863,68613
2023-04-11,14.0,16.549999237060547,13.800000190734863,16.25,16.25,433506
2023-04-12,16.350000381469727,17.350000381469727,15.699999809265137,16.850000381469727,16.850000381469727,315789
2023-04-13,16.899999618530273,16.899999618530273,16.350000381469727,16.450000762939453,16.450000762939453,64710
2023-04-17,16.600000381469727,16.600000381469727,15.5,15.850000381469727,15.850000381469727,76954
2023-04-18,15.800000190734863,16.299999237060547,15.800000190734863,16.0,16.0,34362
2023-04-19,16.100000381469727,17.950000762939453,15.75,17.149999618530273,17.149999618530273,464406
2023-04-20,16.450000762939453,16.5,15.75,15.850000381469727,15.850000381469727,395119
2023-04-21,16.0,16.299999237060547,15.100000381469727,15.5,15.5,108557
2023-04-24,15.600000381469727,16.0,15.350000381469727,15.550000190734863,15.550000190734863,66651
2023-04-25,15.600000381469727,15.75,15.0,15.5,15.5,69233
2023-04-26,15.699999809265137,15.949999809265137,14.949999809265137,14.949999809265137,14.949999809265137,156096
2023-04-27,15.0,15.399999618530273,14.850000381469727,14.899999618530273,14.899999618530273,82332
2023-04-28,15.300000190734863,15.300000190734863,14.699999809265137,14.949999809265137,14.949999809265137,67181
2023-05-02,15.25,16.25,14.800000190734863,14.899999618530273,14.899999618530273,246407
2023-05-03,15.0,15.199999809265137,13.949999809265137,14.100000381469727,14.100000381469727,726331
2023-05-04,14.449999809265137,14.449999809265137,13.350000381469727,13.649999618530273,13.649999618530273,535012
2023-05-05,13.949999809265137,14.100000381469727,13.149999618530273,13.350000381469727,13.350000381469727,655732
2023-05-08,13.300000190734863,13.850000381469727,13.149999618530273,13.300000190734863,13.300000190734863,403122
2023-05-09,13.350000381469727,13.850000381469727,13.149999618530273,13.199999809265137,13.199999809265137,326343
2023-05-10,13.050000190734863,13.550000190734863,12.899999618530273,13.0,13.0,310688
2023-05-11,13.199999809265137,13.300000190734863,12.100000381469727,12.5,12.5,537799
2023-05-12,13.0,13.350000381469727,12.699999809265137,13.050000190734863,13.050000190734863,329478
2023-05-15,13.550000190734863,13.850000381469727,12.5,12.949999809265137,12.949999809265137,468001
2023-05-16,12.800000190734863,13.199999809265137,11.899999618530273,12.0,12.0,1533256
2023-05-17,12.199999809265137,12.25,11.800000190734863,11.899999618530273,11.899999618530273,348338
2023-05-18,12.100000381469727,12.100000381469727,11.600000381469727,11.949999809265137,11.949999809265137,263975
2023-05-19,12.0,12.149999618530273,11.350000381469727,11.449999809265137,11.449999809265137,320669
2023-05-22,11.550000190734863,11.850000381469727,11.149999618530273,11.199999809265137,11.199999809265137,358641
2023-05-23,11.350000381469727,11.699999809265137,10.850000381469727,11.100000381469727,11.100000381469727,290679
2023-05-24,11.149999618530273,12.5,10.850000381469727,12.0,12.0,988757
2023-05-25,12.350000381469727,12.550000190734863,11.899999618530273,12.050000190734863,12.050000190734863,323099
2023-05-26,12.199999809265137,12.199999809265137,11.649999618530273,11.699999809265137,11.699999809265137,294464
2023-05-29,11.75,12.050000190734863,11.399999618530273,11.449999809265137,11.449999809265137,523047
2023-05-30,11.449999809265137,11.600000381469727,10.600000381469727,10.949999809265137,10.949999809265137,872858
2023-05-31,11.149999618530273,11.25,10.850000381469727,11.0,11.0,214186
2023-06-01,11.0,11.149999618530273,10.800000190734863,11.050000190734863,11.050000190734863,341431
2023-06-02,11.149999618530273,11.199999809265137,10.25,10.699999809265137,10.699999809265137,997733
2023-06-05,10.899999618530273,10.949999809265137,10.449999809265137,10.850000381469727,10.850000381469727,572794
2023-06-06,11.0,11.25,10.699999809265137,10.850000381469727,10.850000381469727,649040
2023-06-07,10.949999809265137,11.949999809265137,10.5,11.5,11.5,1081984
2023-06-08,11.600000381469727,13.699999809265137,11.449999809265137,13.149999618530273,13.149999618530273,3366357
2023-06-09,13.149999618530273,14.0,12.899999618530273,13.0,13.0,1420935
2023-06-12,13.300000190734863,14.199999809265137,12.350000381469727,12.649999618530273,12.649999618530273,2076373
2023-06-13,12.800000190734863,13.050000190734863,11.949999809265137,12.0,12.0,2176705
2023-06-14,12.149999618530273,12.25,11.899999618530273,12.050000190734863,12.050000190734863,649437
2023-06-15,12.199999809265137,12.850000381469727,11.949999809265137,12.199999809265137,12.199999809265137,669573
2023-06-16,12.399999618530273,12.399999618530273,11.75,11.850000381469727,11.850000381469727,882907
2023-06-19,12.100000381469727,12.25,11.149999618530273,11.300000190734863,11.300000190734863,1367376
2023-06-20,11.600000381469727,11.600000381469727,10.850000381469727,10.899999618530273,10.899999618530273,1449825
2023-06-21,11.149999618530273,11.149999618530273,10.449999809265137,10.550000190734863,10.550000190734863,2793900
2023-06-22,10.550000190734863,10.75,10.399999618530273,10.550000190734863,10.550000190734863,2128110
2023-06-23,10.5,10.649999618530273,10.199999809265137,10.25,10.25,1298515
2023-06-26,10.350000381469727,10.449999809265137,9.800000190734863,9.949999809265137,9.949999809265137,1665496
2023-06-27,10.149999618530273,11.350000381469727,10.050000190734863,11.149999618530273,11.149999618530273,1091413
2023-06-28,11.5,11.800000190734863,10.850000381469727,11.100000381469727,11.100000381469727,1355007
2023-06-30,11.399999618530273,11.550000190734863,11.199999809265137,11.399999618530273,11.399999618530273,852668
2023-07-03,11.550000190734863,11.649999618530273,11.050000190734863,11.199999809265137,11.199999809265137,470070
2023-07-04,11.25,11.25,11.0,11.0,11.0,401340
2023-07-05,10.600000381469727,11.100000381469727,10.600000381469727,10.850000381469727,10.850000381469727,217739
2023-07-06,10.75,10.949999809265137,10.75,10.899999618530273,10.899999618530273,225007
2023-07-07,10.949999809265137,10.949999809265137,10.699999809265137,10.800000190734863,10.800000190734863,189651
2023-07-10,10.399999618530273,10.949999809265137,10.399999618530273,10.5,10.5,328983
2023-07-11,10.600000381469727,10.800000190734863,10.399999618530273,10.5,10.5,178808
2023-07-12,10.75,10.75,10.300000190734863,10.550000190734863,10.550000190734863,436852
2023-07-13,10.550000190734863,10.699999809265137,10.350000381469727,10.350000381469727,10.350000381469727,168284
2023-07-14,10.600000381469727,10.600000381469727,10.300000190734863,10.399999618530273,10.399999618530273,111204
2023-07-17,10.600000381469727,10.600000381469727,10.199999809265137,10.300000190734863,10.300000190734863,114400
2023-07-18,10.550000190734863,10.550000190734863,10.25,10.350000381469727,10.350000381469727,110901
2023-07-19,10.550000190734863,10.550000190734863,10.149999618530273,10.300000190734863,10.300000190734863,154916
2023-07-20,10.5,10.600000381469727,10.25,10.449999809265137,10.449999809265137,282455
2023-07-21,10.300000190734863,10.699999809265137,10.300000190734863,10.600000381469727,10.600000381469727,219689
2023-07-24,10.800000190734863,10.800000190734863,10.5,10.649999618530273,10.649999618530273,147517
2023-07-25,10.899999618530273,11.0,10.25,10.649999618530273,10.649999618530273,351982
2023-07-26,10.800000190734863,10.800000190734863,10.5,10.600000381469727,10.600000381469727,91470
2023-07-27,10.600000381469727,10.699999809265137,10.25,10.350000381469727,10.350000381469727,442316
2023-07-28,10.699999809265137,10.75,10.25,10.399999618530273,10.399999618530273,160124
2023-07-31,10.600000381469727,10.600000381469727,10.199999809265137,10.350000381469727,10.350000381469727,121239
2023-08-01,10.550000190734863,10.550000190734863,10.199999809265137,10.199999809265137,10.199999809265137,406848
2023-08-02,10.399999618530273,10.399999618530273,10.050000190734863,10.050000190734863,10.050000190734863,363703
2023-08-03,10.050000190734863,10.199999809265137,9.899999618530273,9.949999809265137,9.949999809265137,245589
2023-08-04,10.25,10.25,9.850000381469727,9.949999809265137,9.949999809265137,208767
2023-08-07,10.149999618530273,10.199999809265137,9.850000381469727,9.899999618530273,9.899999618530273,229116
2023-08-08,10.0,10.149999618530273,9.800000190734863,9.949999809265137,9.949999809265137,139681
2023-08-09,9.800000190734863,10.100000381469727,9.800000190734863,9.850000381469727,9.850000381469727,211982
2023-08-10,10.0,10.0,9.649999618530273,9.699999809265137,9.699999809265137,377498
2023-08-11,9.949999809265137,9.949999809265137,9.649999618530273,9.75,9.75,160156
2023-08-14,9.699999809265137,9.699999809265137,9.449999809265137,9.5,9.5,402429
2023-08-16,9.5,9.699999809265137,9.199999809265137,9.350000381469727,9.350000381469727,211682
2023-08-17,9.5,9.5,8.949999809265137,9.050000190734863,9.050000190734863,484519
2023-08-18,9.25,9.25,8.75,8.949999809265137,8.949999809265137,1457559
2023-08-21,9.050000190734863,9.350000381469727,8.649999618530273,8.75,8.75,438317
2023-08-22,8.949999809265137,9.149999618530273,8.699999809265137,8.75,8.75,364292
2023-08-23,9.0,9.0,8.600000381469727,8.649999618530273,8.649999618530273,312548
2023-08-24,8.949999809265137,8.949999809265137,8.399999618530273,8.75,8.75,604555
2023-08-25,8.899999618530273,8.899999618530273,8.449999809265137,8.699999809265137,8.699999809265137,89322
2023-08-28,8.800000190734863,8.800000190734863,8.350000381469727,8.449999809265137,8.449999809265137,183552
2023-08-29,8.600000381469727,8.600000381469727,8.149999618530273,8.149999618530273,8.149999618530273,740151
2023-08-30,8.350000381469727,8.550000190734863,8.199999809265137,8.550000190734863,8.550000190734863,231576
2023-08-31,8.850000381469727,8.949999809265137,8.550000190734863,8.949999809265137,8.949999809265137,276981
2023-09-01,9.350000381469727,9.350000381469727,9.25,9.350000381469727,9.350000381469727,276442
2023-09-04,9.5,9.800000190734863,9.449999809265137,9.649999618530273,9.649999618530273,403769
2023-09-05,9.800000190734863,9.800000190734863,9.25,9.300000190734863,9.300000190734863,443511
2023-09-06,9.300000190734863,9.600000381469727,8.899999618530273,8.949999809265137,8.949999809265137,267132
2023-09-07,9.0,9.199999809265137,8.899999618530273,9.050000190734863,9.050000190734863,265750
2023-09-08,9.149999618530273,9.25,9.0,9.149999618530273,9.149999618530273,261307
2023-09-11,9.300000190734863,9.600000381469727,9.0,9.25,9.25,309280
2023-09-12,9.5,9.5,8.800000190734863,8.850000381469727,8.850000381469727,301825
2023-09-13,9.149999618530273,9.149999618530273,8.899999618530273,8.949999809265137,8.949999809265137,182509
2023-09-14,9.149999618530273,9.199999809265137,8.899999618530273,8.899999618530273,8.899999618530273,174576
2023-09-15,9.100000381469727,9.100000381469727,8.850000381469727,8.949999809265137,8.949999809265137,162767
2023-09-18,9.149999618530273,9.149999618530273,8.899999618530273,9.050000190734863,9.050000190734863,131981
2023-09-20,9.050000190734863,9.100000381469727,8.850000381469727,8.949999809265137,8.949999809265137,167133
2023-09-21,9.050000190734863,9.050000190734863,8.800000190734863,8.800000190734863,8.800000190734863,193199
2023-09-22,8.899999618530273,9.0,8.800000190734863,8.850000381469727,8.850000381469727,91641
2023-09-25,9.0,9.0,8.449999809265137,8.600000381469727,8.600000381469727,330310
2023-09-26,8.800000190734863,8.800000190734863,8.600000381469727,8.649999618530273,8.649999618530273,172467
2023-09-27,8.75,8.75,8.350000381469727,8.5,8.5,284618
2023-09-28,8.699999809265137,8.699999809265137,8.100000381469727,8.5,8.5,972176
2023-09-29,8.5,8.649999618530273,8.199999809265137,8.300000190734863,8.300000190734863,629084
2023-10-03,8.5,8.550000190734863,8.199999809265137,8.25,8.25,326358
2023-10-04,8.449999809265137,8.449999809265137,8.0,8.100000381469727,8.100000381469727,479220
2023-10-05,8.25,8.449999809265137,8.0,8.100000381469727,8.100000381469727,545914
2023-10-06,8.300000190734863,8.5,8.199999809265137,8.5,8.5,378262
2023-10-09,8.850000381469727,8.850000381469727,8.100000381469727,8.199999809265137,8.199999809265137,355133
2023-10-10,8.0,8.449999809265137,7.949999809265137,8.0,8.0,398047
2023-10-11,8.199999809265137,8.300000190734863,8.0,8.149999618530273,8.149999618530273,318989
2023-10-12,8.25,8.300000190734863,7.849999904632568,8.0,8.0,543244
2023-10-13,8.050000190734863,8.199999809265137,7.949999809265137,8.050000190734863,8.050000190734863,390017
2023-10-16,8.100000381469727,8.100000381469727,7.900000095367432,7.949999809265137,7.949999809265137,287882
2023-10-17,8.100000381469727,8.100000381469727,7.949999809265137,7.949999809265137,7.949999809265137,186261
2023-10-18,8.0,8.100000381469727,7.599999904632568,7.849999904632568,7.849999904632568,268973
2023-10-19,7.900000095367432,8.0,7.800000190734863,7.900000095367432,7.900000095367432,236222
2023-10-20,7.900000095367432,8.100000381469727,7.849999904632568,7.900000095367432,7.900000095367432,264855
2023-10-23,8.0,8.0,7.5,7.599999904632568,7.599999904632568,337059
2023-10-25,7.75,7.900000095367432,7.349999904632568,7.400000095367432,7.400000095367432,359849
2023-10-26,7.5,7.5,7.050000190734863,7.300000190734863,7.300000190734863,265229
2023-10-27,7.349999904632568,7.599999904632568,7.300000190734863,7.300000190734863,7.300000190734863,181198
2023-10-30,7.550000190734863,7.550000190734863,7.099999904632568,7.400000095367432,7.400000095367432,74454
2023-10-31,7.599999904632568,7.599999904632568,7.349999904632568,7.400000095367432,7.400000095367432,113184
2023-11-01,7.5,7.599999904632568,7.400000095367432,7.449999809265137,7.449999809265137,83421
2023-11-02,7.550000190734863,7.599999904632568,7.300000190734863,7.449999809265137,7.449999809265137,121162
2023-11-03,7.550000190734863,7.800000190734863,7.449999809265137,7.800000190734863,7.800000190734863,242969
2023-11-06,8.850000381469727,9.350000381469727,8.449999809265137,9.050000190734863,9.050000190734863,2314497
2023-11-07,9.449999809265137,10.149999618530273,9.350000381469727,10.050000190734863,10.050000190734863,1745055
2023-11-08,10.300000190734863,10.649999618530273,9.550000190734863,9.600000381469727,9.600000381469727,1678861
2023-11-09,9.899999618530273,9.899999618530273,9.600000381469727,9.75,9.75,422089
2023-11-10,9.75,9.899999618530273,9.25,9.399999618530273,9.399999618530273,498228
2023-11-13,9.850000381469727,9.850000381469727,9.399999618530273,9.800000190734863,9.800000190734863,506026
2023-11-15,10.050000190734863,10.149999618530273,9.600000381469727,9.75,9.75,486239
2023-11-16,9.800000190734863,9.899999618530273,9.550000190734863,9.75,9.75,485694
2023-11-17,9.800000190734863,9.800000190734863,9.300000190734863,9.449999809265137,9.449999809265137,433671
2023-11-20,9.550000190734863,9.649999618530273,9.100000381469727,9.300000190734863,9.300000190734863,198451
2023-11-21,9.5,9.600000381469727,9.199999809265137,9.350000381469727,9.350000381469727,225121
2023-11-22,9.449999809265137,9.5,9.100000381469727,9.25,9.25,166547
2023-11-23,9.449999809265137,9.449999809265137,8.899999618530273,9.0,9.0,320727
2023-11-24,9.300000190734863,9.300000190734863,8.600000381469727,8.75,8.75,367984
2023-11-28,9.0,9.149999618530273,8.5,8.800000190734863,8.800000190734863,575160
2023-11-29,9.0,9.0,8.449999809265137,8.649999618530273,8.649999618530273,506947
2023-11-30,8.949999809265137,8.949999809265137,8.25,8.600000381469727,8.600000381469727,538535
2023-12-01,8.649999618530273,8.699999809265137,8.199999809265137,8.449999809265137,8.449999809265137,617257
2023-12-04,8.75,8.75,8.050000190734863,8.300000190734863,8.300000190734863,688732
2023-12-05,8.199999809265137,8.5,8.0,8.050000190734863,8.050000190734863,711193
2023-12-06,8.300000190734863,8.300000190734863,7.849999904632568,7.900000095367432,7.900000095367432,954125
2023-12-07,8.199999809265137,8.25,8.100000381469727,8.25,8.25,940140
2023-12-08,8.649999618530273,8.649999618530273,8.649999618530273,8.649999618530273,8.649999618530273,297302
2023-12-11,9.050000190734863,9.050000190734863,9.050000190734863,9.050000190734863,9.050000190734863,288777
2023-12-12,9.5,9.5,9.5,9.5,9.5,263030
2023-12-13,9.949999809265137,9.949999809265137,9.050000190734863,9.800000190734863,9.800000190734863,4630409
2023-12-14,9.350000381469727,9.850000381469727,9.350000381469727,9.600000381469727,9.600000381469727,1188594
2023-12-15,9.800000190734863,9.800000190734863,9.350000381469727,9.550000190734863,9.550000190734863,483260
2023-12-18,9.800000190734863,9.800000190734863,9.399999618530273,9.5,9.5,575820
2023-12-19,9.699999809265137,9.699999809265137,9.300000190734863,9.399999618530273,9.399999618530273,356807
2023-12-20,9.550000190734863,9.550000190734863,8.949999809265137,8.949999809265137,8.949999809265137,622754
2023-12-21,8.800000190734863,9.050000190734863,8.550000190734863,9.0,9.0,382232
2023-12-22,9.25,9.449999809265137,9.25,9.449999809265137,9.449999809265137,1011170
2023-12-26,9.399999618530273,9.600000381469727,9.25,9.5,9.5,482445
2023-12-27,9.75,9.800000190734863,9.449999809265137,9.5,9.5,531450
2023-12-28,9.75,9.800000190734863,9.449999809265137,9.5,9.5,613722
2023-12-29,9.800000190734863,9.800000190734863,9.449999809265137,9.649999618530273,9.649999618530273,301058
2024-01-01,9.800000190734863,9.800000190734863,9.5,9.600000381469727,9.600000381469727,411540
2024-01-02,9.699999809265137,10.050000190734863,9.550000190734863,10.050000190734863,10.050000190734863,1585590
2024-01-03,10.550000190734863,10.550000190734863,10.550000190734863,10.550000190734863,10.550000190734863,501008
2024-01-04,11.050000190734863,11.050000190734863,11.050000190734863,11.050000190734863,11.050000190734863,933412
2024-01-05,10.899999618530273,11.449999809265137,10.5,11.199999809265137,11.199999809265137,2709219
2024-01-08,11.75,11.75,11.550000190734863,11.75,11.75,873152
2024-01-09,12.300000190734863,12.300000190734863,11.800000190734863,12.300000190734863,12.300000190734863,2958269
2024-01-10,12.850000381469727,12.850000381469727,11.800000190734863,12.649999618530273,12.649999618530273,2097045
2024-01-11,12.850000381469727,12.850000381469727,12.5,12.75,12.75,965433
2024-01-12,13.050000190734863,13.050000190734863,12.75,12.899999618530273,12.899999618530273,1278960
2024-01-15,12.899999618530273,12.899999618530273,12.899999618530273,12.899999618530273,12.899999618530273,0
2024-01-16,12.899999618530273,13.199999809265137,12.25,12.300000190734863,12.300000190734863,1081998
2024-01-17,12.600000381469727,12.899999618530273,12.199999809265137,12.899999618530273,12.899999618530273,1581467
2024-01-18,13.149999618530273,13.5,13.0,13.5,13.5,2137424
2024-01-19,14.0,14.149999618530273,14.0,14.149999618530273,14.149999618530273,575759
2024-01-23,15.550000190734863,15.550000190734863,14.100000381469727,14.149999618530273,14.149999618530273,2782643
2024-01-24,13.449999809265137,14.699999809265137,13.449999809265137,14.399999618530273,14.399999618530273,1521231
2024-01-25,14.949999809265137,15.100000381469727,14.399999618530273,15.100000381469727,15.100000381469727,1402518
2024-01-29,15.850000381469727,15.850000381469727,15.449999809265137,15.850000381469727,15.850000381469727,771941
2024-01-30,16.5,16.600000381469727,16.200000762939453,16.600000381469727,16.600000381469727,2797241
2024-01-31,17.399999618530273,17.399999618530273,17.049999237060547,17.399999618530273,17.399999618530273,1245344
2024-02-01,18.25,18.25,16.549999237060547,18.0,18.0,3232518
2024-02-02,17.649999618530273,17.649999618530273,17.649999618530273,17.649999618530273,17.649999618530273,205031
2024-02-05,17.299999237060547,17.299999237060547,17.299999237060547,17.299999237060547,17.299999237060547,150829
2024-02-06,16.950000762939453,16.950000762939453,16.950000762939453,16.950000762939453,16.950000762939453,81604
2024-02-07,16.649999618530273,16.649999618530273,16.649999618530273,16.649999618530273,16.649999618530273,77520
2024-02-08,16.350000381469727,16.350000381469727,16.350000381469727,16.350000381469727,16.350000381469727,67465
2024-02-09,16.049999237060547,16.049999237060547,16.049999237060547,16.049999237060547,16.049999237060547,44704
2024-02-12,15.75,15.75,15.75,15.75,15.75,29717
2024-02-13,15.449999809265137,15.449999809265137,15.449999809265137,15.449999809265137,15.449999809265137,20990
2024-02-14,15.149999618530273,15.149999618530273,15.149999618530273,15.149999618530273,15.149999618530273,23966
2024-02-15,14.850000381469727,14.850000381469727,14.850000381469727,14.850000381469727,14.850000381469727,42529
2024-02-16,14.550000190734863,14.550000190734863,14.550000190734863,14.550000190734863,14.550000190734863,61932
2024-02-19,14.25,14.25,14.25,14.25,14.25,101354
2024-02-20,14.0,14.0,14.0,14.0,14.0,43309
2024-02-21,13.75,13.75,13.75,13.75,13.75,41593
2024-02-22,13.5,13.5,13.5,13.5,13.5,24452
2024-02-23,13.25,13.25,13.25,13.25,13.25,118035
2024-02-26,13.0,13.0,13.0,13.0,13.0,84090
2024-02-27,12.75,12.75,12.75,12.75,12.75,68655
2024-02-28,12.5,12.5,12.5,12.5,12.5,33994
2024-02-29,12.25,12.25,12.25,12.25,12.25,38059
2024-03-01,12.0,12.0,12.0,12.0,12.0,96979
2024-03-04,11.600000381469727,11.600000381469727,11.600000381469727,11.600000381469727,11.600000381469727,108258
2024-03-05,11.399999618530273,11.399999618530273,11.399999618530273,11.399999618530273,11.399999618530273,27022
2024-03-06,11.199999809265137,11.199999809265137,11.199999809265137,11.199999809265137,11.199999809265137,22292
2024-03-07,11.0,11.0,11.0,11.0,11.0,59983
2024-03-11,10.449999809265137,10.800000190734863,10.449999809265137,10.449999809265137,10.449999809265137,1549856
2024-03-12,9.949999809265137,9.949999809265137,9.949999809265137,9.949999809265137,9.949999809265137,122693
2024-03-13,9.449999809265137,9.449999809265137,9.449999809265137,9.449999809265137,9.449999809265137,110902
2024-03-14,9.0,9.0,9.0,9.0,9.0,292283
2024-03-15,8.550000190734863,8.949999809265137,8.550000190734863,8.550000190734863,8.550000190734863,1187949
2024-03-18,8.399999618530273,8.949999809265137,8.149999618530273,8.949999809265137,8.949999809265137,1395702
2024-03-19,9.350000381469727,9.350000381469727,9.350000381469727,9.350000381469727,9.350000381469727,345285
2024-03-20,9.800000190734863,9.800000190734863,9.800000190734863,9.800000190734863,9.800000190734863,148058
2024-03-21,10.25,10.25,10.25,10.25,10.25,139314
2024-03-22,10.75,10.75,10.75,10.75,10.75,118772
2024-03-26,11.25,11.25,10.25,10.300000190734863,10.300000190734863,1384294
2024-03-27,10.100000381469727,10.100000381469727,10.100000381469727,10.100000381469727,10.100000381469727,80075
2024-03-28,9.899999618530273,9.899999618530273,9.899999618530273,9.899999618530273,9.899999618530273,49016
2024-04-01,9.699999809265137,9.699999809265137,9.699999809265137,9.699999809265137,9.699999809265137,91239
2024-04-02,9.5,9.600000381469727,9.5,9.5,9.5,189559
2024-04-03,9.350000381469727,9.350000381469727,9.350000381469727,9.350000381469727,9.350000381469727,197898
2024-04-04,9.199999809265137,9.199999809265137,9.199999809265137,9.199999809265137,9.199999809265137,185508
2024-04-05,9.25,9.25,9.199999809265137,9.25,9.25,155888
2024-04-08,9.149999618530273,9.25,9.100000381469727,9.149999618530273,9.149999618530273,157646
2024-04-09,9.0,9.100000381469727,9.0,9.0,9.0,100094
2024-04-10,8.899999618530273,8.899999618530273,8.899999618530273,8.899999618530273,8.899999618530273,128647
2024-04-12,8.75,8.899999618530273,8.75,8.75,8.75,181144
2024-04-15,8.699999809265137,8.75,8.699999809265137,8.699999809265137,8.699999809265137,73221
2024-04-16,8.649999618530273,8.649999618530273,8.649999618530273,8.649999618530273,8.649999618530273,117670
2024-04-18,8.800000190734863,8.800000190734863,8.649999618530273,8.800000190734863,8.800000190734863,70767
2024-04-19,8.949999809265137,8.949999809265137,8.800000190734863,8.949999809265137,8.949999809265137,85818
2024-04-22,9.0,9.100000381469727,9.0,9.0,9.0,353772
2024-04-23,9.0,9.050000190734863,9.0,9.0,9.0,352121
2024-04-24,8.949999809265137,9.0,8.949999809265137,8.949999809265137,8.949999809265137,46514
2024-04-25,9.100000381469727,9.100000381469727,8.949999809265137,9.100000381469727,9.100000381469727,92634
2024-04-26,9.25,9.25,9.100000381469727,9.25,9.25,58622
2024-04-29,9.399999618530273,9.399999618530273,9.350000381469727,9.399999618530273,9.399999618530273,209154
2024-04-30,9.350000381469727,9.399999618530273,9.350000381469727,9.350000381469727,9.350000381469727,51962
2024-05-02,9.300000190734863,9.350000381469727,9.300000190734863,9.300000190734863,9.300000190734863,129030
2024-05-03,9.449999809265137,9.449999809265137,9.449999809265137,9.449999809265137,9.449999809265137,115044
2024-05-06,9.899999618530273,9.899999618530273,9.050000190734863,9.850000381469727,9.850000381469727,579395
2024-05-07,9.5,9.75,9.350000381469727,9.399999618530273,9.399999618530273,288598
2024-05-08,9.300000190734863,9.399999618530273,9.0,9.300000190734863,9.300000190734863,119867
2024-05-09,9.050000190734863,9.550000190734863,8.850000381469727,8.899999618530273,8.899999618530273,390885
2024-05-10,8.850000381469727,9.100000381469727,8.550000190734863,9.0,9.0,138907
2024-05-13,9.0,9.050000190734863,8.649999618530273,8.949999809265137,8.949999809265137,126319
2024-05-14,8.75,9.149999618530273,8.75,8.949999809265137,8.949999809265137,181895
2024-05-15,9.100000381469727,9.300000190734863,8.899999618530273,8.949999809265137,8.949999809265137,178779
2024-05-16,8.800000190734863,9.149999618530273,8.800000190734863,8.899999618530273,8.899999618530273,128822
2024-05-17,8.899999618530273,8.949999809265137,8.5,8.75,8.75,325121
2024-05-21,9.350000381469727,9.550000190734863,8.75,9.25,9.25,469141
2024-05-22,9.399999618530273,9.399999618530273,8.899999618530273,9.149999618530273,9.149999618530273,276359
2024-05-23,9.25,9.25,8.75,9.0,9.0,219847
2024-05-24,9.100000381469727,9.149999618530273,8.699999809265137,8.75,8.75,440019
2024-05-27,8.75,8.949999809265137,8.75,8.800000190734863,8.800000190734863,376041
2024-05-28,8.949999809265137,8.949999809265137,8.800000190734863,8.899999618530273,8.899999618530273,170544
2024-05-29,9.0,9.199999809265137,8.899999618530273,9.149999618530273,9.149999618530273,236807
2024-05-30,9.399999618530273,9.399999618530273,9.0,9.050000190734863,9.050000190734863,538213
2024-05-31,9.25,9.25,8.899999618530273,9.100000381469727,9.100000381469727,269070
2024-06-03,9.399999618530273,9.399999618530273,8.850000381469727,8.899999618530273,8.899999618530273,356435
2024-06-04,9.050000190734863,9.050000190734863,8.449999809265137,8.449999809265137,8.449999809265137,528247
2024-06-05,8.449999809265137,8.75,8.050000190734863,8.300000190734863,8.300000190734863,466842
2024-06-06,8.399999618530273,8.699999809265137,8.399999618530273,8.600000381469727,8.600000381469727,291585
2024-06-07,8.850000381469727,9.050000190734863,8.800000190734863,8.949999809265137,8.949999809265137,280548
2024-06-10,9.149999618530273,9.300000190734863,9.050000190734863,9.180000305175781,9.180000305175781,371418
2024-06-11,9.399999618530273,9.399999618530273,9.229999542236328,9.380000114440918,9.380000114440918,324172
2024-06-12,9.600000381469727,10.3100004196167,9.5,10.3100004196167,10.3100004196167,704321
2024-06-13,10.699999809265137,11.34000015258789,10.609999656677246,11.34000015258789,11.34000015258789,581689
2024-06-14,11.899999618530273,11.899999618530273,11.899999618530273,11.899999618530273,11.899999618530273,463160
2024-06-18,12.489999771118164,12.489999771118164,11.300000190734863,11.300000190734863,11.300000190734863,2789879
2024-06-19,11.199999809265137,11.199999809265137,10.729999542236328,10.729999542236328,10.729999542236328,1014415
2024-06-20,10.5,11.260000228881836,10.3100004196167,11.260000228881836,11.260000228881836,652432
2024-06-21,11.699999809265137,11.819999694824219,11.5,11.819999694824219,11.819999694824219,819817
2024-06-24,11.75,12.40999984741211,11.5,12.40999984741211,12.40999984741211,1901257
2024-06-25,12.890000343322754,13.029999732971191,12.720000267028809,13.029999732971191,13.029999732971191,1134257
2024-06-26,13.399999618530273,13.680000305175781,12.40999984741211,12.569999694824219,12.569999694824219,2288449
2024-06-27,12.390000343322754,12.609999656677246,11.9399995803833,12.390000343322754,12.390000343322754,858514
2024-06-28,12.4399995803833,13.0,12.4399995803833,12.989999771118164,12.989999771118164,1005093
