Date,Open,High,Low,Close,Adj Close,Volume
2015-01-01,2.9000000953674316,3.5,2.9000000953674316,3.5,3.5,267439
2015-01-02,3.5,3.549999952316284,3.299999952316284,3.3499999046325684,3.3499999046325684,108940
2015-01-05,3.299999952316284,3.549999952316284,3.25,3.5,3.5,77787
2015-01-06,3.5,3.5,3.25,3.25,3.25,107812
2015-01-07,3.25,3.4000000953674316,3.0999999046325684,3.200000047683716,3.200000047683716,88110
2015-01-08,3.1500000953674316,3.4000000953674316,3.1500000953674316,3.200000047683716,3.200000047683716,33232
2015-01-09,3.200000047683716,3.299999952316284,3.0999999046325684,3.200000047683716,3.200000047683716,25910
2015-01-12,3.1500000953674316,3.5,3.049999952316284,3.200000047683716,3.200000047683716,211969
2015-01-13,3.4000000953674316,3.4000000953674316,3.0999999046325684,3.299999952316284,3.299999952316284,106430
2015-01-14,3.25,3.3499999046325684,3.200000047683716,3.200000047683716,3.200000047683716,44780
2015-01-15,3.25,3.299999952316284,3.0999999046325684,3.1500000953674316,3.1500000953674316,41363
2015-01-16,3.1500000953674316,3.4000000953674316,3.0999999046325684,3.3499999046325684,3.3499999046325684,105273
2015-01-19,3.3499999046325684,3.3499999046325684,3.200000047683716,3.299999952316284,3.299999952316284,57604
2015-01-20,3.299999952316284,3.3499999046325684,3.1500000953674316,3.299999952316284,3.299999952316284,108358
2015-01-21,3.25,3.299999952316284,3.0999999046325684,3.200000047683716,3.200000047683716,19534
2015-01-22,3.25,3.3499999046325684,3.200000047683716,3.25,3.25,114682
2015-01-23,3.1500000953674316,3.25,3.0999999046325684,3.1500000953674316,3.1500000953674316,17177
2015-01-27,3.1500000953674316,3.299999952316284,3.049999952316284,3.049999952316284,3.049999952316284,58427
2015-01-28,3.049999952316284,3.3499999046325684,3.049999952316284,3.25,3.25,61192
2015-01-29,3.200000047683716,3.299999952316284,3.049999952316284,3.0999999046325684,3.0999999046325684,73027
2015-01-30,3.1500000953674316,3.25,3.0999999046325684,3.1500000953674316,3.1500000953674316,20362
2015-02-02,3.0999999046325684,3.25,3.0999999046325684,3.200000047683716,3.200000047683716,28104
2015-02-03,3.200000047683716,3.299999952316284,3.0999999046325684,3.25,3.25,93107
2015-02-04,3.200000047683716,3.25,3.0999999046325684,3.1500000953674316,3.1500000953674316,31762
2015-02-05,3.0999999046325684,3.3499999046325684,3.0999999046325684,3.200000047683716,3.200000047683716,179108
2015-02-06,3.1500000953674316,3.200000047683716,3.0,3.200000047683716,3.200000047683716,95550
2015-02-09,3.200000047683716,3.25,3.0,3.049999952316284,3.049999952316284,80334
2015-02-10,3.0999999046325684,3.200000047683716,3.049999952316284,3.0999999046325684,3.0999999046325684,34466
2015-02-11,3.200000047683716,3.200000047683716,2.8499999046325684,3.049999952316284,3.049999952316284,29434
2015-02-12,3.0,3.3499999046325684,2.950000047683716,3.299999952316284,3.299999952316284,95764
2015-02-13,3.299999952316284,3.450000047683716,3.1500000953674316,3.299999952316284,3.299999952316284,193379
2015-02-16,3.3499999046325684,3.75,3.299999952316284,3.450000047683716,3.450000047683716,320669
2015-02-18,3.5,3.5999999046325684,3.3499999046325684,3.5,3.5,143512
2015-02-19,3.6500000953674316,4.199999809265137,3.4000000953674316,4.050000190734863,4.050000190734863,929695
2015-02-20,4.099999904632568,4.199999809265137,3.9000000953674316,3.950000047683716,3.950000047683716,787157
2015-02-23,4.050000190734863,4.150000095367432,3.8499999046325684,3.9000000953674316,3.9000000953674316,453731
2015-02-24,3.9000000953674316,3.950000047683716,3.5999999046325684,3.700000047683716,3.700000047683716,120596
2015-02-25,3.9000000953674316,3.9000000953674316,3.450000047683716,3.5,3.5,98372
2015-02-26,3.5,3.8499999046325684,3.5,3.6500000953674316,3.6500000953674316,84643
2015-02-27,3.8499999046325684,3.950000047683716,3.5999999046325684,3.75,3.75,103542
2015-03-02,3.5999999046325684,3.700000047683716,3.5,3.5,3.5,91668
2015-03-03,3.6500000953674316,3.700000047683716,3.3499999046325684,3.6500000953674316,3.6500000953674316,97899
2015-03-04,3.6500000953674316,3.8499999046325684,3.3499999046325684,3.4000000953674316,3.4000000953674316,165602
2015-03-05,3.5999999046325684,3.5999999046325684,3.4000000953674316,3.549999952316284,3.549999952316284,91551
2015-03-09,3.5999999046325684,3.75,3.1500000953674316,3.5,3.5,80496
2015-03-10,3.5,3.700000047683716,3.3499999046325684,3.4000000953674316,3.4000000953674316,93566
2015-03-11,3.6500000953674316,3.6500000953674316,3.200000047683716,3.299999952316284,3.299999952316284,70273
2015-03-12,3.5,3.549999952316284,3.25,3.4000000953674316,3.4000000953674316,149844
2015-03-13,3.549999952316284,3.5999999046325684,3.25,3.299999952316284,3.299999952316284,96862
2015-03-16,3.5,3.5,2.950000047683716,3.0,3.0,288339
2015-03-17,3.1500000953674316,3.25,3.0,3.049999952316284,3.049999952316284,86414
2015-03-18,3.1500000953674316,3.1500000953674316,3.0,3.049999952316284,3.049999952316284,51535
2015-03-19,3.0,3.1500000953674316,2.9000000953674316,2.950000047683716,2.950000047683716,88823
2015-03-20,3.0,3.0,2.8499999046325684,2.9000000953674316,2.9000000953674316,123842
2015-03-23,2.950000047683716,2.950000047683716,2.799999952316284,2.799999952316284,2.799999952316284,90536
2015-03-24,2.799999952316284,2.950000047683716,2.6500000953674316,2.700000047683716,2.700000047683716,154798
2015-03-25,2.8499999046325684,2.9000000953674316,2.700000047683716,2.75,2.75,90101
2015-03-26,2.700000047683716,2.799999952316284,2.5999999046325684,2.6500000953674316,2.6500000953674316,113541
2015-03-27,2.75,2.799999952316284,2.5,2.549999952316284,2.549999952316284,94278
2015-03-30,2.5,3.049999952316284,2.5,2.950000047683716,2.950000047683716,125197
2015-03-31,3.049999952316284,3.049999952316284,2.75,2.9000000953674316,2.9000000953674316,42972
2015-04-01,3.049999952316284,3.0999999046325684,2.9000000953674316,3.0,3.0,31278
2015-04-06,2.8499999046325684,3.1500000953674316,2.8499999046325684,3.049999952316284,3.049999952316284,36909
2015-04-07,3.0,3.200000047683716,3.0,3.049999952316284,3.049999952316284,89217
2015-04-08,3.049999952316284,3.200000047683716,3.0,3.0999999046325684,3.0999999046325684,106058
2015-04-09,3.0999999046325684,3.25,3.049999952316284,3.25,3.25,86825
2015-04-10,3.1500000953674316,3.5999999046325684,3.1500000953674316,3.5,3.5,226445
2015-04-13,3.799999952316284,3.799999952316284,3.4000000953674316,3.5,3.5,126940
2015-04-15,3.5,3.75,3.5,3.5999999046325684,3.5999999046325684,189826
2015-04-16,3.5,3.6500000953674316,3.25,3.3499999046325684,3.3499999046325684,118068
2015-04-17,3.3499999046325684,3.5999999046325684,3.1500000953674316,3.299999952316284,3.299999952316284,138853
2015-04-20,3.25,3.450000047683716,3.25,3.3499999046325684,3.3499999046325684,83509
2015-04-21,3.25,3.4000000953674316,3.0999999046325684,3.200000047683716,3.200000047683716,76940
2015-04-22,3.0999999046325684,3.4000000953674316,3.0999999046325684,3.25,3.25,49548
2015-04-23,3.1500000953674316,3.4000000953674316,3.1500000953674316,3.25,3.25,40092
2015-04-24,3.25,3.299999952316284,3.1500000953674316,3.1500000953674316,3.1500000953674316,56457
2015-04-27,3.1500000953674316,3.1500000953674316,2.950000047683716,3.049999952316284,3.049999952316284,143841
2015-04-28,3.0999999046325684,3.0999999046325684,2.9000000953674316,3.049999952316284,3.049999952316284,75074
2015-04-29,3.0999999046325684,3.0999999046325684,3.0,3.049999952316284,3.049999952316284,35271
2015-04-30,3.0,3.0999999046325684,2.950000047683716,3.0,3.0,32512
2015-05-04,3.0,3.1500000953674316,2.950000047683716,3.0999999046325684,3.0999999046325684,49918
2015-05-05,3.049999952316284,3.0999999046325684,3.0,3.049999952316284,3.049999952316284,21234
2015-05-06,3.049999952316284,3.200000047683716,2.9000000953674316,3.0,3.0,42225
2015-05-07,3.049999952316284,3.0999999046325684,2.9000000953674316,2.950000047683716,2.950000047683716,37757
2015-05-08,3.0999999046325684,3.0999999046325684,2.950000047683716,3.0,3.0,11190
2015-05-11,3.0,3.0999999046325684,2.950000047683716,3.0,3.0,67530
2015-05-12,3.049999952316284,3.049999952316284,2.9000000953674316,3.0,3.0,15724
2015-05-13,3.0999999046325684,3.0999999046325684,2.799999952316284,2.9000000953674316,2.9000000953674316,29587
2015-05-14,3.0,3.0,2.8499999046325684,2.8499999046325684,2.8499999046325684,31496
2015-05-15,2.9000000953674316,3.0,2.799999952316284,2.8499999046325684,2.8499999046325684,46555
2015-05-18,2.9000000953674316,3.049999952316284,2.799999952316284,2.8499999046325684,2.8499999046325684,98546
2015-05-19,2.9000000953674316,2.950000047683716,2.799999952316284,2.8499999046325684,2.8499999046325684,20035
2015-05-20,2.8499999046325684,2.9000000953674316,2.799999952316284,2.799999952316284,2.799999952316284,97199
2015-05-21,2.799999952316284,3.0,2.799999952316284,2.950000047683716,2.950000047683716,56897
2015-05-22,3.0,3.0999999046325684,2.8499999046325684,2.950000047683716,2.950000047683716,74361
2015-05-25,3.0,3.0999999046325684,2.8499999046325684,3.0,3.0,120363
2015-05-26,2.950000047683716,3.049999952316284,2.9000000953674316,2.950000047683716,2.950000047683716,75142
2015-05-27,2.9000000953674316,3.049999952316284,2.9000000953674316,2.9000000953674316,2.9000000953674316,37543
2015-05-28,2.9000000953674316,3.049999952316284,2.9000000953674316,2.950000047683716,2.950000047683716,74870
2015-05-29,3.0,3.0999999046325684,3.0,3.049999952316284,3.049999952316284,149708
2015-06-01,2.950000047683716,3.0,2.8499999046325684,2.8499999046325684,2.8499999046325684,87161
2015-06-02,2.8499999046325684,2.9000000953674316,2.6500000953674316,2.75,2.75,176732
2015-06-03,2.799999952316284,2.8499999046325684,2.5999999046325684,2.75,2.75,95240
2015-06-04,2.75,2.8499999046325684,2.549999952316284,2.6500000953674316,2.6500000953674316,129153
2015-06-05,2.799999952316284,2.799999952316284,2.5999999046325684,2.6500000953674316,2.6500000953674316,47191
2015-06-08,2.5999999046325684,2.700000047683716,2.5,2.549999952316284,2.549999952316284,114656
2015-06-09,2.549999952316284,2.700000047683716,2.450000047683716,2.5,2.5,74278
2015-06-10,2.5,2.799999952316284,2.450000047683716,2.6500000953674316,2.6500000953674316,92882
2015-06-11,2.5999999046325684,2.700000047683716,2.3499999046325684,2.450000047683716,2.450000047683716,117379
2015-06-12,2.5,2.75,2.4000000953674316,2.6500000953674316,2.6500000953674316,90111
2015-06-15,2.700000047683716,2.75,2.549999952316284,2.6500000953674316,2.6500000953674316,27297
2015-06-16,2.6500000953674316,2.700000047683716,2.549999952316284,2.700000047683716,2.700000047683716,39088
2015-06-17,2.6500000953674316,2.75,2.5,2.700000047683716,2.700000047683716,27543
2015-06-18,2.700000047683716,2.799999952316284,2.5999999046325684,2.75,2.75,73744
2015-06-19,2.6500000953674316,2.799999952316284,2.5999999046325684,2.6500000953674316,2.6500000953674316,29900
2015-06-22,2.6500000953674316,2.75,2.549999952316284,2.700000047683716,2.700000047683716,28990
2015-06-23,2.9000000953674316,2.9000000953674316,2.700000047683716,2.799999952316284,2.799999952316284,55854
2015-06-24,2.799999952316284,2.799999952316284,2.700000047683716,2.75,2.75,26019
2015-06-25,2.75,2.8499999046325684,2.6500000953674316,2.799999952316284,2.799999952316284,39877
2015-06-26,2.75,2.8499999046325684,2.75,2.75,2.75,44330
2015-06-29,2.75,2.799999952316284,2.6500000953674316,2.75,2.75,16991
2015-06-30,2.799999952316284,3.299999952316284,2.700000047683716,3.1500000953674316,3.1500000953674316,774563
2015-07-01,3.0999999046325684,3.25,2.950000047683716,2.950000047683716,2.950000047683716,170937
2015-07-02,2.950000047683716,3.049999952316284,2.950000047683716,2.950000047683716,2.950000047683716,47641
2015-07-03,2.950000047683716,3.0999999046325684,2.8499999046325684,3.0,3.0,76108
2015-07-06,3.049999952316284,3.0999999046325684,2.950000047683716,3.0999999046325684,3.0999999046325684,67171
2015-07-07,3.049999952316284,3.200000047683716,3.0,3.0,3.0,146052
2015-07-08,3.0,3.049999952316284,2.950000047683716,3.0,3.0,47709
2015-07-09,3.049999952316284,3.1500000953674316,2.9000000953674316,3.049999952316284,3.049999952316284,130248
2015-07-10,3.049999952316284,3.049999952316284,2.950000047683716,3.0,3.0,25334
2015-07-13,3.049999952316284,3.0999999046325684,3.0,3.0,3.0,21251
2015-07-14,3.049999952316284,3.0999999046325684,2.950000047683716,2.950000047683716,2.950000047683716,29388
2015-07-15,3.0,3.049999952316284,2.950000047683716,3.0,3.0,98686
2015-07-16,3.049999952316284,3.049999952316284,2.9000000953674316,2.9000000953674316,2.9000000953674316,98193
2015-07-17,3.0,3.200000047683716,2.950000047683716,3.1500000953674316,3.1500000953674316,264549
2015-07-20,3.049999952316284,3.1500000953674316,3.0,3.0999999046325684,3.0999999046325684,28236
2015-07-21,3.0,3.0999999046325684,3.0,3.0,3.0,39700
2015-07-22,3.0,3.0999999046325684,3.0,3.049999952316284,3.049999952316284,46238
2015-07-23,3.0,3.049999952316284,2.950000047683716,2.950000047683716,2.950000047683716,33528
2015-07-24,3.049999952316284,3.049999952316284,2.5,2.9000000953674316,2.9000000953674316,118336
2015-07-27,3.0,3.0999999046325684,2.8499999046325684,2.8499999046325684,2.8499999046325684,57688
2015-07-28,2.950000047683716,2.950000047683716,2.8499999046325684,2.8499999046325684,2.8499999046325684,14419
2015-07-29,2.950000047683716,2.950000047683716,2.799999952316284,2.950000047683716,2.950000047683716,128500
2015-07-30,2.950000047683716,3.0,2.8499999046325684,3.0,3.0,45560
2015-07-31,3.0,3.0,2.8499999046325684,2.950000047683716,2.950000047683716,46815
2015-08-03,3.0,3.0,2.950000047683716,3.0,3.0,15469
2015-08-04,2.950000047683716,3.0,2.9000000953674316,2.950000047683716,2.950000047683716,50967
2015-08-05,3.049999952316284,3.5,3.0,3.5,3.5,679802
2015-08-06,3.5999999046325684,3.5999999046325684,3.200000047683716,3.3499999046325684,3.3499999046325684,473825
2015-08-07,3.4000000953674316,3.450000047683716,3.25,3.25,3.25,68758
2015-08-10,3.4000000953674316,3.4000000953674316,3.200000047683716,3.299999952316284,3.299999952316284,105590
2015-08-11,3.200000047683716,3.4000000953674316,3.0999999046325684,3.0999999046325684,3.0999999046325684,116705
2015-08-12,3.0999999046325684,3.0999999046325684,3.0999999046325684,3.0999999046325684,3.0999999046325684,0
2015-08-13,3.049999952316284,3.200000047683716,3.0,3.049999952316284,3.049999952316284,66410
2015-08-14,3.0,3.1500000953674316,3.0,3.049999952316284,3.049999952316284,70937
2015-08-17,3.0999999046325684,3.0999999046325684,3.0,3.049999952316284,3.049999952316284,38539
2015-08-18,3.0999999046325684,3.0999999046325684,3.0,3.049999952316284,3.049999952316284,18778
2015-08-19,3.0,3.0999999046325684,2.9000000953674316,3.0,3.0,65580
2015-08-20,3.0,3.0,2.950000047683716,2.950000047683716,2.950000047683716,26655
2015-08-21,2.950000047683716,3.049999952316284,2.799999952316284,2.950000047683716,2.950000047683716,45405
2015-08-24,2.8499999046325684,2.9000000953674316,2.6500000953674316,2.6500000953674316,2.6500000953674316,126593
2015-08-25,2.6500000953674316,2.799999952316284,2.4000000953674316,2.549999952316284,2.549999952316284,147475
2015-08-26,2.5999999046325684,2.6500000953674316,2.450000047683716,2.5999999046325684,2.5999999046325684,223767
2015-08-27,2.5999999046325684,2.799999952316284,2.5999999046325684,2.700000047683716,2.700000047683716,63280
2015-08-28,2.700000047683716,2.950000047683716,2.5999999046325684,2.700000047683716,2.700000047683716,196957
2015-08-31,2.6500000953674316,2.799999952316284,2.6500000953674316,2.700000047683716,2.700000047683716,19922
2015-09-01,2.700000047683716,2.700000047683716,2.5999999046325684,2.5999999046325684,2.5999999046325684,17254
2015-09-02,2.5999999046325684,2.75,2.549999952316284,2.549999952316284,2.549999952316284,21824
2015-09-03,2.6500000953674316,2.8499999046325684,2.549999952316284,2.700000047683716,2.700000047683716,82358
2015-09-04,2.799999952316284,2.799999952316284,2.5999999046325684,2.700000047683716,2.700000047683716,15561
2015-09-07,2.700000047683716,2.75,2.549999952316284,2.5999999046325684,2.5999999046325684,19002
2015-09-08,2.6500000953674316,2.700000047683716,2.549999952316284,2.549999952316284,2.549999952316284,51221
2015-09-09,2.700000047683716,2.8499999046325684,2.5999999046325684,2.6500000953674316,2.6500000953674316,83969
2015-09-10,2.6500000953674316,2.75,2.549999952316284,2.75,2.75,20997
2015-09-11,2.75,2.75,2.549999952316284,2.6500000953674316,2.6500000953674316,59731
2015-09-14,2.5999999046325684,2.75,2.549999952316284,2.5999999046325684,2.5999999046325684,46598
2015-09-15,2.5999999046325684,2.5999999046325684,2.5999999046325684,2.5999999046325684,2.5999999046325684,0
2015-09-16,2.6500000953674316,2.700000047683716,2.549999952316284,2.5999999046325684,2.5999999046325684,59174
2015-09-18,2.700000047683716,2.700000047683716,2.5,2.5999999046325684,2.5999999046325684,135886
2015-09-21,2.5999999046325684,2.6500000953674316,2.450000047683716,2.450000047683716,2.450000047683716,122216
2015-09-22,2.549999952316284,2.700000047683716,2.5,2.5,2.5,71371
2015-09-23,2.5,2.5999999046325684,2.450000047683716,2.5,2.5,44727
2015-09-24,2.5999999046325684,2.5999999046325684,2.450000047683716,2.450000047683716,2.450000047683716,57019
2015-09-28,2.5,2.549999952316284,2.3499999046325684,2.450000047683716,2.450000047683716,111110
2015-09-29,2.450000047683716,2.5,2.4000000953674316,2.5,2.5,21509
2015-09-30,2.549999952316284,2.5999999046325684,2.450000047683716,2.549999952316284,2.549999952316284,18870
2015-10-01,2.5,2.5999999046325684,2.450000047683716,2.549999952316284,2.549999952316284,126947
2015-10-05,2.450000047683716,2.5999999046325684,2.450000047683716,2.549999952316284,2.549999952316284,14062
2015-10-06,2.549999952316284,2.5999999046325684,2.450000047683716,2.5,2.5,22009
2015-10-07,2.5999999046325684,2.8499999046325684,2.5,2.799999952316284,2.799999952316284,138029
2015-10-08,2.8499999046325684,2.8499999046325684,2.5,2.549999952316284,2.549999952316284,189968
2015-10-09,2.5999999046325684,2.950000047683716,2.5999999046325684,2.8499999046325684,2.8499999046325684,433554
2015-10-12,2.8499999046325684,3.0,2.799999952316284,2.8499999046325684,2.8499999046325684,131811
2015-10-13,2.950000047683716,2.950000047683716,2.75,2.799999952316284,2.799999952316284,43145
2015-10-14,2.799999952316284,2.799999952316284,2.5999999046325684,2.700000047683716,2.700000047683716,129125
2015-10-15,2.75,3.0,2.6500000953674316,2.799999952316284,2.799999952316284,232322
2015-10-16,2.799999952316284,2.799999952316284,2.799999952316284,2.799999952316284,2.799999952316284,0
2015-10-19,2.700000047683716,3.1500000953674316,2.700000047683716,3.0,3.0,190558
2015-10-20,3.0999999046325684,3.450000047683716,3.0,3.25,3.25,583872
2015-10-21,3.299999952316284,3.3499999046325684,3.0999999046325684,3.200000047683716,3.200000047683716,133297
2015-10-23,3.200000047683716,3.25,2.950000047683716,3.0,3.0,146428
2015-10-26,3.0,3.0,2.75,2.75,2.75,168468
2015-10-27,2.799999952316284,3.0,2.799999952316284,2.950000047683716,2.950000047683716,73854
2015-10-28,2.950000047683716,3.0,2.799999952316284,2.8499999046325684,2.8499999046325684,37441
2015-10-29,2.950000047683716,2.950000047683716,2.75,2.8499999046325684,2.8499999046325684,50297
2015-10-30,2.9000000953674316,2.9000000953674316,2.75,2.799999952316284,2.799999952316284,41005
2015-11-02,2.8499999046325684,2.8499999046325684,2.3499999046325684,2.5999999046325684,2.5999999046325684,1061735
2015-11-03,2.5999999046325684,2.8499999046325684,2.5999999046325684,2.75,2.75,188067
2015-11-04,2.799999952316284,2.950000047683716,2.75,2.799999952316284,2.799999952316284,161748
2015-11-05,2.799999952316284,2.799999952316284,2.5999999046325684,2.799999952316284,2.799999952316284,91579
2015-11-06,2.799999952316284,2.799999952316284,2.6500000953674316,2.700000047683716,2.700000047683716,53229
2015-11-09,2.75,2.799999952316284,2.5999999046325684,2.75,2.75,80125
2015-11-10,2.700000047683716,2.75,2.6500000953674316,2.700000047683716,2.700000047683716,31843
2015-11-13,2.75,2.799999952316284,2.5999999046325684,2.700000047683716,2.700000047683716,110038
2015-11-16,2.700000047683716,2.799999952316284,2.5999999046325684,2.700000047683716,2.700000047683716,128943
2015-11-17,2.75,2.799999952316284,2.5999999046325684,2.700000047683716,2.700000047683716,58437
2015-11-18,2.700000047683716,2.75,2.5999999046325684,2.5999999046325684,2.5999999046325684,30826
2015-11-19,2.6500000953674316,2.6500000953674316,2.5999999046325684,2.5999999046325684,2.5999999046325684,42432
2015-11-20,2.6500000953674316,2.8499999046325684,2.5999999046325684,2.700000047683716,2.700000047683716,295695
2015-11-23,2.700000047683716,2.799999952316284,2.700000047683716,2.700000047683716,2.700000047683716,48960
2015-11-24,2.75,2.799999952316284,2.700000047683716,2.700000047683716,2.700000047683716,48745
2015-11-26,2.799999952316284,2.799999952316284,2.700000047683716,2.700000047683716,2.700000047683716,40115
2015-11-27,2.75,2.9000000953674316,2.75,2.799999952316284,2.799999952316284,128862
2015-11-30,2.799999952316284,2.799999952316284,2.799999952316284,2.799999952316284,2.799999952316284,0
2015-12-01,2.950000047683716,2.950000047683716,2.799999952316284,2.9000000953674316,2.9000000953674316,68682
2015-12-02,2.9000000953674316,3.450000047683716,2.9000000953674316,3.450000047683716,3.450000047683716,1098358
2015-12-03,3.5,3.9000000953674316,3.200000047683716,3.5999999046325684,3.5999999046325684,2135290
2015-12-04,3.5,4.099999904632568,3.299999952316284,3.950000047683716,3.950000047683716,1603080
2015-12-07,4.0,4.099999904632568,3.5999999046325684,3.5999999046325684,3.5999999046325684,691905
2015-12-08,3.6500000953674316,3.75,3.25,3.25,3.25,629272
2015-12-09,3.3499999046325684,3.4000000953674316,3.0,3.0999999046325684,3.0999999046325684,311217
2015-12-10,3.200000047683716,3.25,2.950000047683716,3.25,3.25,470832
2015-12-11,3.4000000953674316,3.4000000953674316,3.299999952316284,3.4000000953674316,3.4000000953674316,425498
2015-12-14,3.5,3.5,3.25,3.450000047683716,3.450000047683716,251179
2015-12-15,3.5,3.5,3.3499999046325684,3.3499999046325684,3.3499999046325684,83509
2015-12-16,3.299999952316284,3.5,3.299999952316284,3.4000000953674316,3.4000000953674316,144423
2015-12-17,3.5,3.5,3.3499999046325684,3.4000000953674316,3.4000000953674316,86159
2015-12-18,3.450000047683716,3.450000047683716,3.3499999046325684,3.4000000953674316,3.4000000953674316,82949
2015-12-21,3.3499999046325684,3.549999952316284,3.3499999046325684,3.549999952316284,3.549999952316284,89618
2015-12-22,3.700000047683716,3.700000047683716,3.700000047683716,3.700000047683716,3.700000047683716,197374
2015-12-23,3.8499999046325684,3.8499999046325684,3.8499999046325684,3.8499999046325684,3.8499999046325684,83823
2015-12-24,4.0,4.0,3.700000047683716,3.950000047683716,3.950000047683716,1085998
2015-12-28,3.9000000953674316,4.050000190734863,3.799999952316284,4.050000190734863,4.050000190734863,414052
2015-12-29,4.050000190734863,4.199999809265137,3.8499999046325684,3.8499999046325684,3.8499999046325684,289277
2015-12-30,3.75,3.950000047683716,3.700000047683716,3.700000047683716,3.700000047683716,257052
2015-12-31,3.799999952316284,3.8499999046325684,3.6500000953674316,3.75,3.75,238782
2016-01-01,3.8499999046325684,3.9000000953674316,3.700000047683716,3.9000000953674316,3.9000000953674316,94028
2016-01-04,4.050000190734863,4.050000190734863,4.050000190734863,4.050000190734863,4.050000190734863,134850
2016-01-05,4.25,4.25,4.25,4.25,4.25,153965
2016-01-06,4.449999809265137,4.449999809265137,4.449999809265137,4.449999809265137,4.449999809265137,204481
2016-01-07,4.650000095367432,4.650000095367432,4.25,4.650000095367432,4.650000095367432,1195974
2016-01-08,4.849999904632568,4.849999904632568,4.75,4.849999904632568,4.849999904632568,212341
2016-01-11,5.050000190734863,5.050000190734863,4.900000095367432,5.050000190734863,5.050000190734863,393213
2016-01-12,5.300000190734863,5.300000190734863,5.099999904632568,5.300000190734863,5.300000190734863,484228
2016-01-13,5.550000190734863,5.550000190734863,5.050000190734863,5.050000190734863,5.050000190734863,1459590
2016-01-14,4.800000190734863,5.199999809265137,4.800000190734863,4.800000190734863,4.800000190734863,661252
2016-01-15,4.900000095367432,4.949999809265137,4.599999904632568,4.599999904632568,4.599999904632568,326128
2016-01-18,4.449999809265137,4.449999809265137,4.400000095367432,4.400000095367432,4.400000095367432,55029
2016-01-19,4.199999809265137,4.400000095367432,4.199999809265137,4.199999809265137,4.199999809265137,463677
2016-01-20,4.0,4.0,4.0,4.0,4.0,15739
2016-01-21,3.799999952316284,4.0,3.799999952316284,3.799999952316284,3.799999952316284,209394
2016-01-22,3.700000047683716,3.950000047683716,3.6500000953674316,3.950000047683716,3.950000047683716,498227
2016-01-25,4.099999904632568,4.099999904632568,4.099999904632568,4.099999904632568,4.099999904632568,74866
2016-01-27,4.150000095367432,4.300000190734863,4.150000095367432,4.300000190734863,4.300000190734863,40017
2016-01-28,4.5,4.5,4.300000190734863,4.5,4.5,505220
2016-01-29,4.650000095367432,4.699999809265137,4.300000190734863,4.300000190734863,4.300000190734863,266788
2016-02-01,4.5,4.5,4.099999904632568,4.5,4.5,136231
2016-02-02,4.550000190734863,4.550000190734863,4.300000190734863,4.300000190734863,4.300000190734863,106804
2016-02-03,4.150000095367432,4.150000095367432,4.099999904632568,4.099999904632568,4.099999904632568,40565
2016-02-04,4.0,4.300000190734863,3.950000047683716,4.0,4.0,176167
2016-02-05,3.950000047683716,4.099999904632568,3.9000000953674316,4.0,4.0,46668
2016-02-08,4.0,4.349999904632568,4.0,4.099999904632568,4.099999904632568,95601
2016-02-09,4.0,4.25,3.799999952316284,4.0,4.0,120021
2016-02-10,4.0,4.099999904632568,3.700000047683716,3.8499999046325684,3.8499999046325684,199154
2016-02-11,3.75,3.8499999046325684,3.5,3.5,3.5,205750
2016-02-12,3.450000047683716,3.450000047683716,3.1500000953674316,3.4000000953674316,3.4000000953674316,279447
2016-02-15,3.1500000953674316,3.6500000953674316,3.1500000953674316,3.5,3.5,322971
2016-02-16,3.5,3.8499999046325684,3.3499999046325684,3.5999999046325684,3.5999999046325684,429548
2016-02-17,3.5,3.6500000953674316,3.3499999046325684,3.5999999046325684,3.5999999046325684,83018
2016-02-18,3.700000047683716,3.75,3.5,3.700000047683716,3.700000047683716,83387
2016-02-19,3.5999999046325684,3.6500000953674316,3.5,3.549999952316284,3.549999952316284,103393
2016-02-22,3.549999952316284,3.6500000953674316,3.450000047683716,3.549999952316284,3.549999952316284,28810
2016-02-23,3.549999952316284,3.5999999046325684,3.450000047683716,3.549999952316284,3.549999952316284,65921
2016-02-24,3.6500000953674316,3.8499999046325684,3.450000047683716,3.700000047683716,3.700000047683716,170565
2016-02-25,3.799999952316284,3.799999952316284,3.5,3.5,3.5,54719
2016-02-26,3.75,3.75,3.4000000953674316,3.5,3.5,44554
2016-02-29,3.4000000953674316,3.549999952316284,3.3499999046325684,3.4000000953674316,3.4000000953674316,52382
2016-03-01,3.5999999046325684,3.700000047683716,3.4000000953674316,3.6500000953674316,3.6500000953674316,87377
2016-03-02,3.700000047683716,3.950000047683716,3.5999999046325684,3.9000000953674316,3.9000000953674316,239149
2016-03-03,3.950000047683716,4.050000190734863,3.700000047683716,3.700000047683716,3.700000047683716,206347
2016-03-04,3.75,4.0,3.700000047683716,3.75,3.75,64648
2016-03-08,3.9000000953674316,3.9000000953674316,3.6500000953674316,3.75,3.75,57763
2016-03-09,3.9000000953674316,3.9000000953674316,3.6500000953674316,3.8499999046325684,3.8499999046325684,35135
2016-03-10,3.799999952316284,3.8499999046325684,3.5999999046325684,3.700000047683716,3.700000047683716,72316
2016-03-11,3.700000047683716,3.799999952316284,3.6500000953674316,3.700000047683716,3.700000047683716,36970
2016-03-14,3.6500000953674316,3.75,3.549999952316284,3.5999999046325684,3.5999999046325684,25235
2016-03-15,3.5999999046325684,3.6500000953674316,3.450000047683716,3.5,3.5,93927
2016-03-16,3.5,4.199999809265137,3.5,4.199999809265137,4.199999809265137,1309031
2016-03-17,4.25,4.25,3.75,3.75,3.75,545974
2016-03-18,3.75,3.799999952316284,3.5999999046325684,3.799999952316284,3.799999952316284,243470
2016-03-21,3.75,3.950000047683716,3.700000047683716,3.799999952316284,3.799999952316284,98544
2016-03-22,3.9000000953674316,3.9000000953674316,3.75,3.799999952316284,3.799999952316284,36826
2016-03-23,3.799999952316284,3.8499999046325684,3.700000047683716,3.799999952316284,3.799999952316284,41752
2016-03-28,3.700000047683716,4.0,3.6500000953674316,3.700000047683716,3.700000047683716,228428
2016-03-29,3.799999952316284,3.799999952316284,3.549999952316284,3.5999999046325684,3.5999999046325684,169278
2016-03-30,3.5999999046325684,4.300000190734863,3.5999999046325684,4.050000190734863,4.050000190734863,269167
2016-03-31,4.099999904632568,4.5,3.9000000953674316,4.199999809265137,4.199999809265137,250486
2016-04-01,4.199999809265137,4.5,3.700000047683716,4.300000190734863,4.300000190734863,231653
2016-04-04,4.199999809265137,4.550000190734863,4.199999809265137,4.349999904632568,4.349999904632568,214322
2016-04-05,4.400000095367432,4.5,4.150000095367432,4.150000095367432,4.150000095367432,79605
2016-04-06,4.199999809265137,4.949999809265137,4.050000190734863,4.699999809265137,4.699999809265137,721647
2016-04-07,4.699999809265137,4.800000190734863,4.5,4.650000095367432,4.650000095367432,343942
2016-04-08,4.5,4.599999904632568,4.400000095367432,4.5,4.5,99332
2016-04-11,4.550000190734863,4.699999809265137,4.349999904632568,4.550000190734863,4.550000190734863,227335
2016-04-12,4.449999809265137,4.650000095367432,4.400000095367432,4.449999809265137,4.449999809265137,150033
2016-04-13,4.699999809265137,4.75,4.400000095367432,4.599999904632568,4.599999904632568,257334
2016-04-18,4.349999904632568,4.849999904632568,4.349999904632568,4.650000095367432,4.650000095367432,185710
2016-04-20,4.449999809265137,4.900000095367432,4.449999809265137,4.849999904632568,4.849999904632568,178026
2016-04-21,4.699999809265137,4.800000190734863,4.5,4.550000190734863,4.550000190734863,202642
2016-04-22,4.650000095367432,4.650000095367432,4.449999809265137,4.449999809265137,4.449999809265137,93794
2016-04-25,4.400000095367432,4.550000190734863,4.199999809265137,4.349999904632568,4.349999904632568,99226
2016-04-26,4.25,4.400000095367432,4.25,4.300000190734863,4.300000190734863,40634
2016-04-27,4.25,4.349999904632568,4.25,4.25,4.25,33279
2016-04-28,4.349999904632568,4.400000095367432,4.199999809265137,4.199999809265137,4.199999809265137,109790
2016-04-29,4.199999809265137,4.349999904632568,4.0,4.099999904632568,4.099999904632568,230873
2016-05-02,4.099999904632568,4.099999904632568,4.0,4.0,4.0,91149
2016-05-03,4.099999904632568,4.25,3.950000047683716,4.0,4.0,104279
2016-05-04,4.0,4.400000095367432,3.8499999046325684,3.8499999046325684,3.8499999046325684,269586
2016-05-05,4.0,4.199999809265137,3.9000000953674316,4.150000095367432,4.150000095367432,138586
2016-05-06,4.050000190734863,4.050000190734863,3.8499999046325684,3.950000047683716,3.950000047683716,105149
2016-05-09,3.950000047683716,4.099999904632568,3.9000000953674316,4.0,4.0,186305
2016-05-10,4.150000095367432,4.150000095367432,3.950000047683716,3.950000047683716,3.950000047683716,39328
2016-05-11,4.0,4.0,3.799999952316284,3.9000000953674316,3.9000000953674316,49372
2016-05-12,3.9000000953674316,4.0,3.8499999046325684,3.950000047683716,3.950000047683716,93772
2016-05-13,3.9000000953674316,4.0,3.8499999046325684,3.9000000953674316,3.9000000953674316,86602
2016-05-16,3.8499999046325684,4.050000190734863,3.799999952316284,4.0,4.0,74208
2016-05-17,4.099999904632568,4.099999904632568,3.9000000953674316,4.0,4.0,43969
2016-05-18,4.0,4.199999809265137,3.200000047683716,3.950000047683716,3.950000047683716,387353
2016-05-19,3.9000000953674316,4.099999904632568,3.8499999046325684,3.950000047683716,3.950000047683716,75930
2016-05-20,3.9000000953674316,4.099999904632568,3.9000000953674316,3.950000047683716,3.950000047683716,107964
2016-05-23,3.950000047683716,4.0,3.9000000953674316,4.0,4.0,15153
2016-05-24,3.9000000953674316,3.950000047683716,3.8499999046325684,3.9000000953674316,3.9000000953674316,26485
2016-05-25,3.8499999046325684,4.5,3.8499999046325684,4.150000095367432,4.150000095367432,211047
2016-05-26,4.099999904632568,4.449999809265137,4.050000190734863,4.199999809265137,4.199999809265137,119940
2016-05-27,4.199999809265137,4.449999809265137,3.799999952316284,4.099999904632568,4.099999904632568,129062
2016-05-30,4.0,4.5,4.0,4.300000190734863,4.300000190734863,219476
2016-05-31,4.349999904632568,4.599999904632568,4.050000190734863,4.300000190734863,4.300000190734863,170391
2016-06-01,4.349999904632568,4.449999809265137,4.099999904632568,4.099999904632568,4.099999904632568,127083
2016-06-02,4.25,4.449999809265137,4.0,4.050000190734863,4.050000190734863,144372
2016-06-03,4.099999904632568,4.150000095367432,3.9000000953674316,4.0,4.0,88799
2016-06-06,4.199999809265137,4.199999809265137,3.950000047683716,3.950000047683716,3.950000047683716,55888
2016-06-07,4.0,4.099999904632568,3.9000000953674316,4.0,4.0,58525
2016-06-08,4.0,4.099999904632568,3.9000000953674316,4.0,4.0,142414
2016-06-09,4.0,4.550000190734863,3.9000000953674316,4.150000095367432,4.150000095367432,734599
2016-06-10,4.199999809265137,4.449999809265137,4.099999904632568,4.199999809265137,4.199999809265137,225043
2016-06-13,4.099999904632568,4.150000095367432,4.0,4.050000190734863,4.050000190734863,129147
2016-06-14,4.150000095367432,4.349999904632568,4.0,4.25,4.25,504089
2016-06-15,4.199999809265137,4.449999809265137,4.199999809265137,4.400000095367432,4.400000095367432,456837
2016-06-16,4.400000095367432,4.400000095367432,4.050000190734863,4.300000190734863,4.300000190734863,271836
2016-06-17,4.300000190734863,4.300000190734863,4.199999809265137,4.199999809265137,4.199999809265137,90761
2016-06-20,4.300000190734863,4.300000190734863,4.050000190734863,4.199999809265137,4.199999809265137,222917
2016-06-21,4.199999809265137,4.25,4.099999904632568,4.25,4.25,123322
2016-06-22,4.25,4.300000190734863,4.099999904632568,4.150000095367432,4.150000095367432,73444
2016-06-23,4.099999904632568,4.199999809265137,4.099999904632568,4.099999904632568,4.099999904632568,29972
2016-06-24,4.050000190734863,4.150000095367432,3.799999952316284,4.050000190734863,4.050000190734863,239775
2016-06-27,4.050000190734863,4.199999809265137,4.050000190734863,4.099999904632568,4.099999904632568,39789
2016-06-28,4.099999904632568,4.25,4.050000190734863,4.150000095367432,4.150000095367432,131566
2016-06-29,4.25,4.400000095367432,4.150000095367432,4.25,4.25,245860
2016-06-30,4.300000190734863,4.550000190734863,4.25,4.400000095367432,4.400000095367432,419566
2016-07-01,4.5,4.5,4.25,4.349999904632568,4.349999904632568,173673
2016-07-04,4.400000095367432,4.400000095367432,4.25,4.349999904632568,4.349999904632568,101935
2016-07-05,4.25,4.400000095367432,4.199999809265137,4.349999904632568,4.349999904632568,243687
2016-07-07,4.349999904632568,4.449999809265137,3.5,4.349999904632568,4.349999904632568,261683
2016-07-08,4.25,4.300000190734863,4.099999904632568,4.150000095367432,4.150000095367432,385104
2016-07-11,4.25,4.949999809265137,4.099999904632568,4.800000190734863,4.800000190734863,1149467
2016-07-12,4.900000095367432,5.5,4.449999809265137,5.199999809265137,5.199999809265137,1221344
2016-07-13,5.300000190734863,5.300000190734863,4.650000095367432,4.800000190734863,4.800000190734863,477319
2016-07-14,4.75,5.199999809265137,4.75,5.050000190734863,5.050000190734863,327833
2016-07-15,5.150000095367432,5.199999809265137,4.849999904632568,4.949999809265137,4.949999809265137,237897
2016-07-18,5.099999904632568,5.300000190734863,4.949999809265137,5.150000095367432,5.150000095367432,369559
2016-07-19,5.25,5.449999809265137,5.150000095367432,5.199999809265137,5.199999809265137,312952
2016-07-20,5.400000095367432,5.400000095367432,5.150000095367432,5.349999904632568,5.349999904632568,115385
2016-07-21,5.449999809265137,6.400000095367432,5.449999809265137,6.400000095367432,6.400000095367432,2883520
2016-07-22,6.75,7.300000190734863,6.5,6.800000190734863,6.800000190734863,3130074
2016-07-25,6.949999809265137,7.0,6.300000190734863,6.699999809265137,6.699999809265137,896272
2016-07-26,6.75,6.75,6.199999809265137,6.25,6.25,608915
2016-07-27,6.25,6.599999904632568,6.150000095367432,6.199999809265137,6.199999809265137,362553
2016-07-28,6.300000190734863,6.300000190734863,6.050000190734863,6.099999904632568,6.099999904632568,173257
2016-07-29,6.099999904632568,6.150000095367432,5.900000095367432,6.0,6.0,228654
2016-08-01,6.0,6.5,5.650000095367432,6.150000095367432,6.150000095367432,396432
2016-08-02,6.25,6.400000095367432,6.0,6.050000190734863,6.050000190734863,168158
2016-08-03,6.150000095367432,6.25,5.699999809265137,5.849999904632568,5.849999904632568,229467
2016-08-04,6.0,6.150000095367432,5.75,5.800000190734863,5.800000190734863,185076
2016-08-05,5.800000190734863,6.150000095367432,5.75,5.849999904632568,5.849999904632568,278947
2016-08-08,6.349999904632568,6.349999904632568,5.900000095367432,5.949999809265137,5.949999809265137,150219
2016-08-09,5.949999809265137,6.050000190734863,5.699999809265137,5.849999904632568,5.849999904632568,353427
2016-08-10,5.900000095367432,6.0,5.550000190734863,5.599999904632568,5.599999904632568,212348
2016-08-11,5.75,5.75,5.099999904632568,5.599999904632568,5.599999904632568,260768
2016-08-12,5.5,5.849999904632568,5.5,5.599999904632568,5.599999904632568,149694
2016-08-16,5.349999904632568,5.75,5.300000190734863,5.449999809265137,5.449999809265137,173319
2016-08-17,5.099999904632568,5.5,5.050000190734863,5.150000095367432,5.150000095367432,306481
2016-08-18,5.050000190734863,5.300000190734863,5.0,5.099999904632568,5.099999904632568,152633
2016-08-19,5.199999809265137,5.199999809265137,4.75,4.849999904632568,4.849999904632568,363229
2016-08-22,4.900000095367432,5.050000190734863,4.800000190734863,4.949999809265137,4.949999809265137,192874
2016-08-23,4.849999904632568,5.099999904632568,4.849999904632568,4.949999809265137,4.949999809265137,93291
2016-08-24,5.0,5.150000095367432,4.699999809265137,4.800000190734863,4.800000190734863,315792
2016-08-25,4.849999904632568,5.050000190734863,4.75,4.949999809265137,4.949999809265137,122432
2016-08-26,5.050000190734863,5.050000190734863,4.800000190734863,4.949999809265137,4.949999809265137,44991
2016-08-29,4.849999904632568,4.949999809265137,4.800000190734863,4.849999904632568,4.849999904632568,85711
2016-08-30,4.900000095367432,5.0,4.800000190734863,4.800000190734863,4.800000190734863,89814
2016-08-31,4.75,4.949999809265137,4.75,4.849999904632568,4.849999904632568,57598
2016-09-01,4.849999904632568,4.900000095367432,4.699999809265137,4.800000190734863,4.800000190734863,85778
2016-09-02,4.849999904632568,4.949999809265137,4.75,4.75,4.75,60129
2016-09-06,4.849999904632568,4.849999904632568,4.599999904632568,4.699999809265137,4.699999809265137,133136
2016-09-07,4.699999809265137,4.900000095367432,4.650000095367432,4.75,4.75,254125
2016-09-08,4.75,5.050000190734863,4.699999809265137,4.900000095367432,4.900000095367432,204436
2016-09-09,5.0,5.300000190734863,4.849999904632568,5.199999809265137,5.199999809265137,267188
2016-09-12,5.199999809265137,5.300000190734863,5.0,5.050000190734863,5.050000190734863,105426
2016-09-14,5.199999809265137,5.300000190734863,4.949999809265137,5.0,5.0,70538
2016-09-15,5.0,5.550000190734863,5.0,5.349999904632568,5.349999904632568,154499
2016-09-16,5.550000190734863,5.550000190734863,5.199999809265137,5.25,5.25,199015
2016-09-19,5.25,5.449999809265137,5.199999809265137,5.199999809265137,5.199999809265137,91312
2016-09-20,5.199999809265137,5.25,5.050000190734863,5.150000095367432,5.150000095367432,100380
2016-09-21,5.099999904632568,5.199999809265137,5.0,5.050000190734863,5.050000190734863,106324
2016-09-22,5.150000095367432,5.199999809265137,5.050000190734863,5.099999904632568,5.099999904632568,50513
2016-09-23,5.050000190734863,5.25,5.0,5.199999809265137,5.199999809265137,136376
2016-09-26,5.25,5.25,5.0,5.150000095367432,5.150000095367432,106015
2016-09-27,5.099999904632568,5.400000095367432,5.050000190734863,5.099999904632568,5.099999904632568,146697
2016-09-28,5.25,5.400000095367432,5.050000190734863,5.300000190734863,5.300000190734863,173741
2016-09-29,5.300000190734863,5.300000190734863,4.25,4.650000095367432,4.650000095367432,771576
2016-09-30,4.650000095367432,4.900000095367432,4.599999904632568,4.699999809265137,4.699999809265137,193269
2016-10-03,4.800000190734863,5.0,4.800000190734863,4.849999904632568,4.849999904632568,105112
2016-10-04,4.900000095367432,4.949999809265137,4.699999809265137,4.800000190734863,4.800000190734863,171405
2016-10-05,4.800000190734863,5.050000190734863,4.75,4.949999809265137,4.949999809265137,335028
2016-10-06,4.800000190734863,5.099999904632568,4.800000190734863,4.900000095367432,4.900000095367432,190455
2016-10-07,5.0,5.0,4.849999904632568,4.900000095367432,4.900000095367432,63509
2016-10-10,4.900000095367432,5.0,4.849999904632568,5.0,5.0,117141
2016-10-13,5.0,5.0,4.650000095367432,4.75,4.75,209058
2016-10-14,4.849999904632568,5.0,4.650000095367432,4.949999809265137,4.949999809265137,434089
2016-10-17,4.949999809265137,5.150000095367432,4.849999904632568,5.0,5.0,133852
2016-10-18,4.900000095367432,5.900000095367432,4.900000095367432,5.650000095367432,5.650000095367432,879140
2016-10-19,5.650000095367432,5.75,5.349999904632568,5.400000095367432,5.400000095367432,274114
2016-10-20,5.550000190734863,5.599999904632568,5.449999809265137,5.550000190734863,5.550000190734863,155386
2016-10-21,5.449999809265137,5.650000095367432,5.349999904632568,5.449999809265137,5.449999809265137,138807
2016-10-24,5.349999904632568,5.650000095367432,5.199999809265137,5.300000190734863,5.300000190734863,194700
2016-10-25,5.300000190734863,5.400000095367432,5.150000095367432,5.349999904632568,5.349999904632568,306010
2016-10-26,5.25,5.849999904632568,5.25,5.400000095367432,5.400000095367432,376837
2016-10-27,5.449999809265137,5.5,5.150000095367432,5.300000190734863,5.300000190734863,199229
2016-10-28,5.25,5.400000095367432,5.199999809265137,5.25,5.25,95035
2016-11-01,5.300000190734863,5.400000095367432,5.099999904632568,5.300000190734863,5.300000190734863,273065
2016-11-02,5.300000190734863,5.300000190734863,5.050000190734863,5.199999809265137,5.199999809265137,220433
2016-11-03,5.199999809265137,5.800000190734863,5.199999809265137,5.5,5.5,593069
2016-11-04,5.400000095367432,5.550000190734863,5.099999904632568,5.199999809265137,5.199999809265137,305078
2016-11-07,5.199999809265137,5.400000095367432,5.150000095367432,5.199999809265137,5.199999809265137,92720
2016-11-08,5.349999904632568,5.349999904632568,5.099999904632568,5.150000095367432,5.150000095367432,116578
2016-11-09,4.25,5.0,4.25,4.949999809265137,4.949999809265137,274812
2016-11-10,5.0,5.199999809265137,5.0,5.050000190734863,5.050000190734863,116280
2016-11-11,5.0,5.150000095367432,4.75,4.800000190734863,4.800000190734863,100946
2016-11-15,4.800000190734863,4.800000190734863,4.349999904632568,4.5,4.5,199638
2016-11-16,4.5,4.75,4.5,4.599999904632568,4.599999904632568,110557
2016-11-17,4.650000095367432,5.0,4.5,4.550000190734863,4.550000190734863,99437
2016-11-18,4.449999809265137,4.599999904632568,4.300000190734863,4.300000190734863,4.300000190734863,156966
2016-11-21,4.199999809265137,4.5,3.75,3.950000047683716,3.950000047683716,493878
2016-11-22,4.0,4.099999904632568,3.950000047683716,4.0,4.0,41548
2016-11-23,4.0,4.199999809265137,3.799999952316284,4.150000095367432,4.150000095367432,81004
2016-11-24,4.099999904632568,4.150000095367432,4.050000190734863,4.099999904632568,4.099999904632568,81921
2016-11-25,4.050000190734863,4.300000190734863,4.050000190734863,4.25,4.25,122437
2016-11-28,4.150000095367432,4.349999904632568,4.150000095367432,4.300000190734863,4.300000190734863,54009
2016-11-29,4.400000095367432,4.699999809265137,4.300000190734863,4.550000190734863,4.550000190734863,130650
2016-11-30,4.699999809265137,4.699999809265137,4.400000095367432,4.550000190734863,4.550000190734863,81079
2016-12-01,4.449999809265137,4.599999904632568,4.199999809265137,4.449999809265137,4.449999809265137,128244
2016-12-02,4.349999904632568,4.449999809265137,4.25,4.300000190734863,4.300000190734863,93418
2016-12-05,4.25,4.449999809265137,4.199999809265137,4.25,4.25,132950
2016-12-06,4.25,4.75,4.199999809265137,4.550000190734863,4.550000190734863,235314
2016-12-07,4.449999809265137,4.75,4.400000095367432,4.5,4.5,152480
2016-12-08,4.5,4.699999809265137,4.400000095367432,4.550000190734863,4.550000190734863,128228
2016-12-09,4.449999809265137,4.550000190734863,4.449999809265137,4.5,4.5,36338
2016-12-12,4.300000190734863,4.5,4.300000190734863,4.400000095367432,4.400000095367432,37955
2016-12-13,4.349999904632568,4.5,4.300000190734863,4.349999904632568,4.349999904632568,74066
2016-12-14,4.5,4.699999809265137,4.300000190734863,4.449999809265137,4.449999809265137,101134
2016-12-15,4.5,4.550000190734863,4.349999904632568,4.400000095367432,4.400000095367432,47007
2016-12-16,4.5,4.5,4.300000190734863,4.349999904632568,4.349999904632568,62549
2016-12-19,4.25,4.400000095367432,4.25,4.300000190734863,4.300000190734863,99978
2016-12-20,4.300000190734863,4.400000095367432,4.25,4.25,4.25,37185
2016-12-21,4.300000190734863,4.349999904632568,4.099999904632568,4.150000095367432,4.150000095367432,122692
2016-12-22,4.25,4.300000190734863,3.799999952316284,4.099999904632568,4.099999904632568,228281
2016-12-23,4.050000190734863,4.199999809265137,4.0,4.099999904632568,4.099999904632568,41968
2016-12-26,4.099999904632568,4.199999809265137,3.9000000953674316,3.950000047683716,3.950000047683716,182180
2016-12-27,4.050000190734863,4.099999904632568,3.950000047683716,4.0,4.0,84855
2016-12-28,4.0,4.150000095367432,3.799999952316284,3.950000047683716,3.950000047683716,171317
2016-12-29,3.950000047683716,4.0,3.9000000953674316,3.950000047683716,3.950000047683716,73927
2016-12-30,4.050000190734863,4.050000190734863,3.950000047683716,3.950000047683716,3.950000047683716,104468
2017-01-02,4.0,4.099999904632568,4.0,4.050000190734863,4.050000190734863,143841
2017-01-03,4.050000190734863,4.25,4.0,4.150000095367432,4.150000095367432,160237
2017-01-04,4.199999809265137,4.25,4.150000095367432,4.199999809265137,4.199999809265137,150693
2017-01-05,4.349999904632568,4.349999904632568,4.199999809265137,4.25,4.25,110635
2017-01-06,4.25,4.300000190734863,4.199999809265137,4.199999809265137,4.199999809265137,42971
2017-01-09,4.199999809265137,4.300000190734863,4.199999809265137,4.25,4.25,55643
2017-01-10,4.300000190734863,4.599999904632568,4.199999809265137,4.400000095367432,4.400000095367432,185556
2017-01-11,4.400000095367432,4.550000190734863,4.300000190734863,4.300000190734863,4.300000190734863,116299
2017-01-12,4.449999809265137,4.449999809265137,4.300000190734863,4.349999904632568,4.349999904632568,30415
2017-01-13,4.449999809265137,4.550000190734863,4.349999904632568,4.5,4.5,126108
2017-01-16,4.599999904632568,4.599999904632568,4.449999809265137,4.5,4.5,74800
2017-01-17,4.5,4.599999904632568,4.400000095367432,4.449999809265137,4.449999809265137,25691
2017-01-18,4.400000095367432,4.599999904632568,4.400000095367432,4.550000190734863,4.550000190734863,55558
2017-01-19,4.550000190734863,4.599999904632568,4.349999904632568,4.400000095367432,4.400000095367432,56036
2017-01-20,4.400000095367432,4.449999809265137,4.300000190734863,4.349999904632568,4.349999904632568,114234
2017-01-23,4.5,4.550000190734863,4.300000190734863,4.5,4.5,150566
2017-01-24,4.650000095367432,4.650000095367432,4.349999904632568,4.349999904632568,4.349999904632568,37571
2017-01-25,4.349999904632568,4.5,4.25,4.25,4.25,154776
2017-01-27,4.300000190734863,4.449999809265137,4.099999904632568,4.199999809265137,4.199999809265137,211299
2017-01-30,4.25,4.349999904632568,4.199999809265137,4.199999809265137,4.199999809265137,63375
2017-01-31,4.199999809265137,4.75,4.150000095367432,4.5,4.5,424062
2017-02-01,4.699999809265137,4.699999809265137,4.349999904632568,4.5,4.5,78605
2017-02-02,4.550000190734863,4.699999809265137,4.400000095367432,4.599999904632568,4.599999904632568,172495
2017-02-03,4.650000095367432,4.949999809265137,4.599999904632568,4.650000095367432,4.650000095367432,310755
2017-02-06,4.650000095367432,4.849999904632568,4.599999904632568,4.599999904632568,4.599999904632568,137667
2017-02-07,4.5,4.650000095367432,4.5,4.5,4.5,77769
2017-02-08,4.599999904632568,5.25,4.599999904632568,4.949999809265137,4.949999809265137,677688
2017-02-09,5.050000190734863,5.050000190734863,4.800000190734863,4.849999904632568,4.849999904632568,202504
2017-02-10,4.900000095367432,4.900000095367432,4.800000190734863,4.849999904632568,4.849999904632568,89256
2017-02-13,4.900000095367432,4.900000095367432,4.5,4.650000095367432,4.650000095367432,146231
2017-02-14,4.699999809265137,4.75,4.5,4.599999904632568,4.599999904632568,92646
2017-02-15,4.5,4.550000190734863,4.349999904632568,4.349999904632568,4.349999904632568,139640
2017-02-16,4.400000095367432,4.449999809265137,4.099999904632568,4.400000095367432,4.400000095367432,217584
2017-02-17,4.400000095367432,4.449999809265137,4.25,4.25,4.25,76020
2017-02-20,4.300000190734863,4.449999809265137,4.25,4.400000095367432,4.400000095367432,74598
2017-02-21,4.349999904632568,4.5,4.349999904632568,4.449999809265137,4.449999809265137,58708
2017-02-22,4.400000095367432,4.5,4.400000095367432,4.400000095367432,4.400000095367432,57436
2017-02-23,4.400000095367432,4.75,4.400000095367432,4.400000095367432,4.400000095367432,113000
2017-02-27,4.400000095367432,4.650000095367432,4.349999904632568,4.550000190734863,4.550000190734863,169074
2017-02-28,4.650000095367432,4.849999904632568,4.5,4.699999809265137,4.699999809265137,247625
2017-03-01,4.650000095367432,4.800000190734863,4.550000190734863,4.650000095367432,4.650000095367432,78197
2017-03-02,4.599999904632568,4.800000190734863,4.550000190734863,4.550000190734863,4.550000190734863,56783
2017-03-03,4.5,4.599999904632568,4.400000095367432,4.449999809265137,4.449999809265137,61377
2017-03-06,4.650000095367432,4.650000095367432,4.300000190734863,4.349999904632568,4.349999904632568,135087
2017-03-07,4.349999904632568,4.5,4.349999904632568,4.349999904632568,4.349999904632568,33096
2017-03-08,4.349999904632568,4.5,4.349999904632568,4.400000095367432,4.400000095367432,54310
2017-03-09,4.300000190734863,4.75,4.300000190734863,4.400000095367432,4.400000095367432,174765
2017-03-10,4.349999904632568,4.449999809265137,4.349999904632568,4.349999904632568,4.349999904632568,29958
2017-03-14,4.5,4.699999809265137,4.400000095367432,4.400000095367432,4.400000095367432,103070
2017-03-15,4.400000095367432,4.5,4.300000190734863,4.400000095367432,4.400000095367432,90082
2017-03-16,4.449999809265137,4.5,4.349999904632568,4.400000095367432,4.400000095367432,94743
2017-03-17,4.400000095367432,4.75,4.400000095367432,4.650000095367432,4.650000095367432,437873
2017-03-20,4.75,4.75,4.449999809265137,4.5,4.5,85425
2017-03-21,4.5,4.5,4.400000095367432,4.400000095367432,4.400000095367432,40396
2017-03-22,4.349999904632568,4.599999904632568,4.199999809265137,4.25,4.25,376059
2017-03-23,4.400000095367432,4.5,4.300000190734863,4.400000095367432,4.400000095367432,228679
2017-03-24,4.400000095367432,4.599999904632568,4.199999809265137,4.449999809265137,4.449999809265137,204432
2017-03-27,4.400000095367432,4.5,4.349999904632568,4.449999809265137,4.449999809265137,136451
2017-03-28,4.400000095367432,4.800000190734863,4.400000095367432,4.550000190734863,4.550000190734863,515347
2017-03-29,4.550000190734863,4.699999809265137,4.5,4.550000190734863,4.550000190734863,144745
2017-03-30,4.699999809265137,4.699999809265137,4.5,4.599999904632568,4.599999904632568,121621
2017-03-31,4.650000095367432,4.849999904632568,4.5,4.650000095367432,4.650000095367432,338743
2017-04-03,4.800000190734863,4.800000190734863,4.5,4.550000190734863,4.550000190734863,95878
2017-04-05,4.699999809265137,4.800000190734863,4.550000190734863,4.800000190734863,4.800000190734863,166671
2017-04-06,4.650000095367432,5.099999904632568,4.400000095367432,4.849999904632568,4.849999904632568,658491
2017-04-07,4.900000095367432,5.050000190734863,4.75,4.900000095367432,4.900000095367432,196346
2017-04-10,4.900000095367432,5.300000190734863,4.800000190734863,4.900000095367432,4.900000095367432,1203526
2017-04-11,4.949999809265137,5.150000095367432,4.949999809265137,5.050000190734863,5.050000190734863,515944
2017-04-12,5.050000190734863,5.050000190734863,4.800000190734863,4.949999809265137,4.949999809265137,284320
2017-04-13,5.0,5.050000190734863,4.900000095367432,4.949999809265137,4.949999809265137,104203
2017-04-17,4.949999809265137,4.949999809265137,4.800000190734863,4.849999904632568,4.849999904632568,69385
2017-04-18,4.900000095367432,5.099999904632568,4.800000190734863,4.900000095367432,4.900000095367432,320180
2017-04-19,5.0,5.0,4.699999809265137,4.800000190734863,4.800000190734863,260042
2017-04-20,4.849999904632568,4.849999904632568,4.75,4.75,4.75,93308
2017-04-21,4.800000190734863,5.0,4.75,4.949999809265137,4.949999809265137,234516
2017-04-24,5.0,5.099999904632568,4.949999809265137,5.0,5.0,241802
2017-04-25,5.0,5.5,5.0,5.300000190734863,5.300000190734863,722258
2017-04-26,5.349999904632568,5.449999809265137,5.050000190734863,5.099999904632568,5.099999904632568,358112
2017-04-27,5.150000095367432,5.150000095367432,5.0,5.0,5.0,94678
2017-04-28,5.25,5.25,4.900000095367432,5.050000190734863,5.050000190734863,187059
2017-05-02,5.0,5.25,4.900000095367432,5.099999904632568,5.099999904632568,273638
2017-05-03,5.050000190734863,5.150000095367432,5.0,5.099999904632568,5.099999904632568,71445
2017-05-04,5.050000190734863,5.099999904632568,4.849999904632568,4.949999809265137,4.949999809265137,200265
2017-05-05,4.900000095367432,5.0,4.800000190734863,4.849999904632568,4.849999904632568,77334
2017-05-08,4.800000190734863,4.900000095367432,4.800000190734863,4.849999904632568,4.849999904632568,115898
2017-05-09,4.800000190734863,4.949999809265137,4.800000190734863,4.900000095367432,4.900000095367432,81909
2017-05-10,4.900000095367432,4.949999809265137,4.800000190734863,4.800000190734863,4.800000190734863,43343
2017-05-11,4.800000190734863,4.949999809265137,4.650000095367432,4.699999809265137,4.699999809265137,205631
2017-05-12,4.699999809265137,4.800000190734863,4.550000190734863,4.75,4.75,147926
2017-05-15,4.800000190734863,4.849999904632568,4.699999809265137,4.699999809265137,4.699999809265137,155401
2017-05-16,4.75,4.800000190734863,4.699999809265137,4.699999809265137,4.699999809265137,36378
2017-05-17,4.699999809265137,4.800000190734863,4.699999809265137,4.75,4.75,59749
2017-05-18,4.699999809265137,4.75,4.599999904632568,4.650000095367432,4.650000095367432,101498
2017-05-19,4.75,4.75,4.449999809265137,4.550000190734863,4.550000190734863,212006
2017-05-22,4.550000190734863,4.650000095367432,4.449999809265137,4.449999809265137,4.449999809265137,178872
2017-05-23,4.550000190734863,4.550000190734863,4.150000095367432,4.300000190734863,4.300000190734863,203055
2017-05-24,4.300000190734863,4.400000095367432,3.950000047683716,4.0,4.0,428169
2017-05-25,4.0,4.349999904632568,4.0,4.150000095367432,4.150000095367432,492642
2017-05-26,4.25,4.400000095367432,4.199999809265137,4.349999904632568,4.349999904632568,112914
2017-05-29,4.199999809265137,4.349999904632568,4.050000190734863,4.099999904632568,4.099999904632568,185226
2017-05-30,4.150000095367432,4.199999809265137,4.050000190734863,4.099999904632568,4.099999904632568,103565
2017-05-31,4.099999904632568,4.300000190734863,4.099999904632568,4.199999809265137,4.199999809265137,67211
2017-06-01,4.150000095367432,4.400000095367432,4.150000095367432,4.349999904632568,4.349999904632568,100106
2017-06-02,4.300000190734863,4.349999904632568,4.25,4.300000190734863,4.300000190734863,17535
2017-06-05,4.199999809265137,4.300000190734863,4.099999904632568,4.150000095367432,4.150000095367432,77436
2017-06-06,4.099999904632568,4.25,4.099999904632568,4.199999809265137,4.199999809265137,46423
2017-06-07,4.25,4.449999809265137,4.150000095367432,4.349999904632568,4.349999904632568,134061
2017-06-08,4.349999904632568,4.400000095367432,4.25,4.349999904632568,4.349999904632568,37906
2017-06-09,4.300000190734863,4.400000095367432,4.25,4.400000095367432,4.400000095367432,37799
2017-06-12,4.25,4.300000190734863,4.099999904632568,4.199999809265137,4.199999809265137,97315
2017-06-13,4.300000190734863,4.300000190734863,4.150000095367432,4.150000095367432,4.150000095367432,27069
2017-06-14,4.150000095367432,4.25,3.950000047683716,4.150000095367432,4.150000095367432,178372
2017-06-15,4.099999904632568,4.25,4.099999904632568,4.199999809265137,4.199999809265137,45713
2017-06-16,4.150000095367432,4.25,4.099999904632568,4.199999809265137,4.199999809265137,38077
2017-06-19,4.25,4.25,4.099999904632568,4.150000095367432,4.150000095367432,47603
2017-06-20,4.099999904632568,4.150000095367432,4.0,4.050000190734863,4.050000190734863,68535
2017-06-21,4.050000190734863,4.150000095367432,4.050000190734863,4.099999904632568,4.099999904632568,47847
2017-06-22,4.099999904632568,4.300000190734863,4.050000190734863,4.150000095367432,4.150000095367432,112647
2017-06-23,4.099999904632568,4.150000095367432,4.050000190734863,4.099999904632568,4.099999904632568,32966
2017-06-27,4.150000095367432,4.550000190734863,4.050000190734863,4.300000190734863,4.300000190734863,419531
2017-06-28,4.400000095367432,4.449999809265137,4.199999809265137,4.25,4.25,179509
2017-06-29,4.25,4.349999904632568,4.199999809265137,4.25,4.25,46279
2017-06-30,4.300000190734863,4.300000190734863,4.25,4.25,4.25,18168
2017-07-03,4.199999809265137,4.349999904632568,4.199999809265137,4.300000190734863,4.300000190734863,88392
2017-07-04,4.349999904632568,4.349999904632568,4.199999809265137,4.199999809265137,4.199999809265137,81507
2017-07-05,4.199999809265137,4.300000190734863,4.150000095367432,4.25,4.25,49912
2017-07-06,4.199999809265137,4.300000190734863,4.199999809265137,4.25,4.25,53026
2017-07-07,4.300000190734863,4.699999809265137,4.199999809265137,4.650000095367432,4.650000095367432,274066
2017-07-10,4.599999904632568,4.800000190734863,4.550000190734863,4.699999809265137,4.699999809265137,42139
2017-07-11,4.5,4.599999904632568,4.300000190734863,4.349999904632568,4.349999904632568,186339
2017-07-12,4.300000190734863,4.550000190734863,4.300000190734863,4.550000190734863,4.550000190734863,65038
2017-07-13,4.5,5.199999809265137,4.400000095367432,4.949999809265137,4.949999809265137,641948
2017-07-14,5.0,5.050000190734863,4.449999809265137,4.550000190734863,4.550000190734863,592885
2017-07-17,4.650000095367432,5.050000190734863,4.650000095367432,4.900000095367432,4.900000095367432,590545
2017-07-18,4.900000095367432,5.349999904632568,4.699999809265137,5.0,5.0,1072853
2017-07-19,5.0,5.25,4.849999904632568,4.900000095367432,4.900000095367432,413691
2017-07-20,5.099999904632568,5.099999904632568,4.849999904632568,5.0,5.0,190623
2017-07-21,5.0,5.699999809265137,5.0,5.300000190734863,5.300000190734863,1736114
2017-07-24,5.400000095367432,5.75,5.150000095367432,5.550000190734863,5.550000190734863,1036604
2017-07-25,5.599999904632568,5.599999904632568,5.150000095367432,5.25,5.25,532908
2017-07-26,5.25,5.300000190734863,4.900000095367432,5.0,5.0,455181
2017-07-27,5.050000190734863,5.150000095367432,4.900000095367432,4.949999809265137,4.949999809265137,185204
2017-07-28,4.900000095367432,5.050000190734863,4.800000190734863,4.949999809265137,4.949999809265137,153461
2017-07-31,4.900000095367432,5.150000095367432,4.900000095367432,4.949999809265137,4.949999809265137,165046
2017-08-01,5.0,5.449999809265137,4.949999809265137,5.0,5.0,673613
2017-08-02,5.199999809265137,5.199999809265137,4.949999809265137,5.0,5.0,136454
2017-08-03,4.949999809265137,5.0,4.800000190734863,4.849999904632568,4.849999904632568,148248
2017-08-04,4.900000095367432,4.949999809265137,4.800000190734863,4.900000095367432,4.900000095367432,101239
2017-08-07,4.949999809265137,5.050000190734863,4.900000095367432,5.0,5.0,97165
2017-08-08,4.949999809265137,5.050000190734863,4.650000095367432,4.75,4.75,257888
2017-08-09,4.75,4.800000190734863,4.599999904632568,4.650000095367432,4.650000095367432,107109
2017-08-10,4.650000095367432,4.650000095367432,4.300000190734863,4.349999904632568,4.349999904632568,304363
2017-08-11,4.300000190734863,4.400000095367432,4.199999809265137,4.300000190734863,4.300000190734863,150711
2017-08-14,4.300000190734863,4.650000095367432,4.25,4.5,4.5,94394
2017-08-16,4.5,4.5,4.349999904632568,4.5,4.5,40059
2017-08-17,4.5,4.5,4.400000095367432,4.5,4.5,82173
2017-08-18,4.349999904632568,4.449999809265137,4.25,4.300000190734863,4.300000190734863,169420
2017-08-21,4.349999904632568,4.5,4.300000190734863,4.300000190734863,4.300000190734863,58705
2017-08-22,4.349999904632568,4.400000095367432,4.25,4.25,4.25,77035
2017-08-23,4.25,4.400000095367432,4.25,4.349999904632568,4.349999904632568,75360
2017-08-24,4.199999809265137,4.400000095367432,4.199999809265137,4.349999904632568,4.349999904632568,64558
2017-08-28,4.449999809265137,4.5,4.25,4.400000095367432,4.400000095367432,48895
2017-08-29,4.400000095367432,4.449999809265137,4.349999904632568,4.349999904632568,4.349999904632568,51051
2017-08-30,4.349999904632568,4.5,4.349999904632568,4.400000095367432,4.400000095367432,58612
2017-08-31,4.400000095367432,4.5,4.300000190734863,4.349999904632568,4.349999904632568,49047
2017-09-01,4.349999904632568,4.550000190734863,4.349999904632568,4.550000190734863,4.550000190734863,114163
2017-09-04,4.300000190734863,4.550000190734863,4.300000190734863,4.449999809265137,4.449999809265137,52589
2017-09-05,4.400000095367432,4.5,4.300000190734863,4.449999809265137,4.449999809265137,119280
2017-09-06,4.349999904632568,4.550000190734863,4.349999904632568,4.400000095367432,4.400000095367432,161442
2017-09-07,4.400000095367432,4.849999904632568,4.400000095367432,4.550000190734863,4.550000190734863,354712
2017-09-08,4.650000095367432,4.800000190734863,4.5,4.550000190734863,4.550000190734863,135828
2017-09-11,4.599999904632568,4.699999809265137,4.5,4.5,4.5,51009
2017-09-12,4.5,4.550000190734863,4.449999809265137,4.449999809265137,4.449999809265137,69477
2017-09-13,4.550000190734863,4.650000095367432,4.349999904632568,4.400000095367432,4.400000095367432,136505
2017-09-14,4.5,4.550000190734863,4.349999904632568,4.400000095367432,4.400000095367432,57530
2017-09-15,4.5,4.5,4.300000190734863,4.400000095367432,4.400000095367432,190089
2017-09-18,4.599999904632568,4.599999904632568,4.400000095367432,4.5,4.5,123280
2017-09-19,4.449999809265137,4.550000190734863,4.349999904632568,4.400000095367432,4.400000095367432,60729
2017-09-20,4.5,4.550000190734863,4.400000095367432,4.449999809265137,4.449999809265137,37035
2017-09-21,4.5,4.599999904632568,4.349999904632568,4.550000190734863,4.550000190734863,77477
2017-09-22,4.599999904632568,4.599999904632568,4.400000095367432,4.400000095367432,4.400000095367432,67818
2017-09-25,4.400000095367432,4.449999809265137,4.300000190734863,4.400000095367432,4.400000095367432,56533
2017-09-26,4.349999904632568,4.75,4.349999904632568,4.599999904632568,4.599999904632568,220632
2017-09-27,4.5,4.800000190734863,4.400000095367432,4.400000095367432,4.400000095367432,89214
2017-09-28,4.400000095367432,4.400000095367432,4.300000190734863,4.349999904632568,4.349999904632568,68996
2017-09-29,4.349999904632568,4.550000190734863,4.300000190734863,4.349999904632568,4.349999904632568,84553
2017-10-03,4.349999904632568,4.5,4.349999904632568,4.449999809265137,4.449999809265137,62942
2017-10-04,4.349999904632568,4.599999904632568,4.349999904632568,4.400000095367432,4.400000095367432,133510
2017-10-05,4.400000095367432,4.449999809265137,4.349999904632568,4.400000095367432,4.400000095367432,75499
2017-10-06,4.449999809265137,4.550000190734863,4.349999904632568,4.400000095367432,4.400000095367432,98411
2017-10-09,4.400000095367432,4.449999809265137,4.300000190734863,4.349999904632568,4.349999904632568,96645
2017-10-10,4.349999904632568,4.449999809265137,4.349999904632568,4.400000095367432,4.400000095367432,42698
2017-10-11,4.349999904632568,4.449999809265137,4.349999904632568,4.400000095367432,4.400000095367432,49309
2017-10-12,4.400000095367432,4.650000095367432,4.349999904632568,4.5,4.5,150658
2017-10-13,4.5,4.849999904632568,4.449999809265137,4.650000095367432,4.650000095367432,489292
2017-10-16,4.75,4.75,4.5,4.5,4.5,96722
2017-10-17,4.5,4.699999809265137,4.300000190734863,4.650000095367432,4.650000095367432,169305
2017-10-18,4.550000190734863,5.199999809265137,4.550000190734863,4.900000095367432,4.900000095367432,519277
2017-10-19,5.0,5.150000095367432,4.849999904632568,4.900000095367432,4.900000095367432,85900
2017-10-23,4.900000095367432,5.099999904632568,4.800000190734863,4.849999904632568,4.849999904632568,100171
2017-10-24,4.949999809265137,4.949999809265137,4.5,4.599999904632568,4.599999904632568,153906
2017-10-25,4.699999809265137,4.949999809265137,4.650000095367432,4.650000095367432,4.650000095367432,134909
2017-10-26,4.699999809265137,4.800000190734863,4.599999904632568,4.650000095367432,4.650000095367432,130035
2017-10-27,4.699999809265137,4.75,4.599999904632568,4.650000095367432,4.650000095367432,67239
2017-10-30,4.650000095367432,4.800000190734863,4.599999904632568,4.699999809265137,4.699999809265137,95549
2017-10-31,4.650000095367432,5.599999904632568,4.650000095367432,5.599999904632568,5.599999904632568,1825337
2017-11-01,6.050000190734863,6.699999809265137,5.449999809265137,6.050000190734863,6.050000190734863,5857383
2017-11-02,6.099999904632568,6.150000095367432,5.099999904632568,5.349999904632568,5.349999904632568,1430604
2017-11-03,5.400000095367432,5.599999904632568,5.300000190734863,5.349999904632568,5.349999904632568,430098
2017-11-06,5.150000095367432,5.800000190734863,5.150000095367432,5.400000095367432,5.400000095367432,328492
2017-11-07,5.300000190734863,5.599999904632568,5.150000095367432,5.199999809265137,5.199999809265137,211804
2017-11-08,5.099999904632568,5.949999809265137,5.050000190734863,5.699999809265137,5.699999809265137,1124979
2017-11-09,5.849999904632568,6.25,5.699999809265137,6.0,6.0,1059971
2017-11-10,6.0,6.050000190734863,5.550000190734863,5.599999904632568,5.599999904632568,360661
2017-11-13,5.849999904632568,6.099999904632568,5.550000190734863,5.699999809265137,5.699999809265137,468326
2017-11-14,5.449999809265137,5.449999809265137,5.099999904632568,5.150000095367432,5.150000095367432,637095
2017-11-15,5.199999809265137,5.449999809265137,5.0,5.150000095367432,5.150000095367432,489748
2017-11-16,5.400000095367432,5.650000095367432,5.099999904632568,5.449999809265137,5.449999809265137,484054
2017-11-17,5.5,5.599999904632568,5.349999904632568,5.400000095367432,5.400000095367432,204476
2017-11-20,5.449999809265137,5.599999904632568,5.150000095367432,5.400000095367432,5.400000095367432,187344
2017-11-21,5.449999809265137,6.150000095367432,5.349999904632568,5.699999809265137,5.699999809265137,829812
2017-11-22,6.0,6.050000190734863,5.5,5.599999904632568,5.599999904632568,359124
2017-11-23,5.75,5.75,5.5,5.550000190734863,5.550000190734863,112799
2017-11-24,5.650000095367432,5.699999809265137,5.5,5.650000095367432,5.650000095367432,130599
2017-11-27,5.449999809265137,6.75,5.449999809265137,6.75,6.75,2452251
2017-11-28,7.0,8.100000381469727,7.0,8.100000381469727,8.100000381469727,6224718
2017-11-29,8.800000190734863,8.899999618530273,8.300000190734863,8.899999618530273,8.899999618530273,5003316
2017-11-30,8.949999809265137,9.199999809265137,8.100000381469727,8.350000381469727,8.350000381469727,3960543
2017-12-01,8.600000381469727,8.850000381469727,7.650000095367432,7.75,7.75,1276303
2017-12-04,8.100000381469727,8.100000381469727,7.400000095367432,7.699999809265137,7.699999809265137,1208447
2017-12-05,7.5,7.599999904632568,7.150000095367432,7.25,7.25,535013
2017-12-06,7.349999904632568,7.349999904632568,7.0,7.050000190734863,7.050000190734863,534180
2017-12-07,7.400000095367432,7.400000095367432,6.699999809265137,7.0,7.0,185182
2017-12-08,7.0,7.199999809265137,6.75,6.849999904632568,6.849999904632568,184970
2017-12-11,6.849999904632568,7.150000095367432,6.849999904632568,7.150000095367432,7.150000095367432,125520
2017-12-12,7.449999809265137,7.5,7.199999809265137,7.449999809265137,7.449999809265137,194042
2017-12-13,7.699999809265137,7.800000190734863,7.5,7.800000190734863,7.800000190734863,216999
2017-12-14,8.149999618530273,8.149999618530273,7.5,7.650000095367432,7.650000095367432,240228
2017-12-15,7.300000190734863,7.900000095367432,7.300000190734863,7.699999809265137,7.699999809265137,171599
2017-12-18,7.849999904632568,8.0,7.349999904632568,7.699999809265137,7.699999809265137,176751
2017-12-19,7.449999809265137,7.800000190734863,7.449999809265137,7.599999904632568,7.599999904632568,128369
2017-12-20,7.400000095367432,7.849999904632568,7.400000095367432,7.650000095367432,7.650000095367432,130672
2017-12-21,7.599999904632568,7.800000190734863,7.300000190734863,7.349999904632568,7.349999904632568,194253
2017-12-22,7.550000190734863,7.699999809265137,7.400000095367432,7.699999809265137,7.699999809265137,196180
2017-12-26,7.75,7.949999809265137,7.349999904632568,7.599999904632568,7.599999904632568,265777
2017-12-27,7.550000190734863,7.900000095367432,7.449999809265137,7.699999809265137,7.699999809265137,273037
2017-12-28,7.699999809265137,7.900000095367432,7.550000190734863,7.599999904632568,7.599999904632568,105262
2017-12-29,7.800000190734863,7.800000190734863,7.25,7.5,7.5,283001
2018-01-01,7.550000190734863,7.849999904632568,7.199999809265137,7.800000190734863,7.800000190734863,325994
2018-01-02,7.800000190734863,7.800000190734863,7.449999809265137,7.449999809265137,7.449999809265137,191296
2018-01-03,7.5,7.699999809265137,7.300000190734863,7.5,7.5,118284
2018-01-04,7.800000190734863,7.849999904632568,7.199999809265137,7.650000095367432,7.650000095367432,307459
2018-01-05,7.349999904632568,7.75,7.300000190734863,7.5,7.5,201201
2018-01-08,7.449999809265137,7.650000095367432,7.25,7.300000190734863,7.300000190734863,215737
2018-01-09,7.599999904632568,7.599999904632568,7.199999809265137,7.25,7.25,199512
2018-01-10,7.300000190734863,7.400000095367432,7.0,7.099999904632568,7.099999904632568,167380
2018-01-11,7.300000190734863,7.300000190734863,7.0,7.099999904632568,7.099999904632568,112297
2018-01-12,7.0,7.300000190734863,6.949999809265137,7.050000190734863,7.050000190734863,209765
2018-01-15,7.099999904632568,7.300000190734863,6.800000190734863,7.0,7.0,311847
2018-01-16,6.800000190734863,7.099999904632568,6.800000190734863,6.900000095367432,6.900000095367432,115602
2018-01-17,6.699999809265137,7.0,6.650000095367432,6.949999809265137,6.949999809265137,100218
2018-01-18,6.800000190734863,7.0,6.650000095367432,6.650000095367432,6.650000095367432,174321
2018-01-19,6.949999809265137,6.949999809265137,6.349999904632568,6.449999809265137,6.449999809265137,124033
2018-01-22,6.150000095367432,6.599999904632568,6.150000095367432,6.5,6.5,222565
2018-01-23,6.5,6.699999809265137,6.300000190734863,6.300000190734863,6.300000190734863,109632
2018-01-24,6.550000190734863,6.550000190734863,6.0,6.099999904632568,6.099999904632568,210391
2018-01-25,6.349999904632568,6.349999904632568,5.900000095367432,6.199999809265137,6.199999809265137,56403
2018-01-29,6.199999809265137,6.25,5.900000095367432,5.900000095367432,5.900000095367432,142526
2018-01-30,5.900000095367432,5.949999809265137,5.650000095367432,5.800000190734863,5.800000190734863,203325
2018-01-31,6.0,6.0,5.550000190734863,5.650000095367432,5.650000095367432,105120
2018-02-01,5.699999809265137,5.699999809265137,5.400000095367432,5.599999904632568,5.599999904632568,114349
2018-02-02,5.349999904632568,5.849999904632568,5.349999904632568,5.650000095367432,5.650000095367432,165114
2018-02-05,5.599999904632568,5.900000095367432,5.5,5.900000095367432,5.900000095367432,114690
2018-02-06,5.800000190734863,5.900000095367432,5.650000095367432,5.75,5.75,179904
2018-02-07,5.650000095367432,5.949999809265137,5.650000095367432,5.800000190734863,5.800000190734863,97590
2018-02-08,5.800000190734863,6.050000190734863,5.800000190734863,6.050000190734863,6.050000190734863,92928
2018-02-09,5.75,6.349999904632568,5.75,6.300000190734863,6.300000190734863,332008
2018-02-12,6.5,6.599999904632568,6.300000190734863,6.400000095367432,6.400000095367432,270602
2018-02-14,6.449999809265137,6.449999809265137,6.099999904632568,6.099999904632568,6.099999904632568,266526
2018-02-15,5.800000190734863,6.349999904632568,5.800000190734863,5.949999809265137,5.949999809265137,175121
2018-02-16,5.849999904632568,6.150000095367432,5.800000190734863,5.900000095367432,5.900000095367432,116330
2018-02-19,5.75,5.900000095367432,5.650000095367432,5.650000095367432,5.650000095367432,127561
2018-02-20,5.75,5.75,5.599999904632568,5.650000095367432,5.650000095367432,24326
2018-02-21,5.75,5.900000095367432,5.650000095367432,5.900000095367432,5.900000095367432,95730
2018-02-22,6.150000095367432,6.150000095367432,5.849999904632568,6.050000190734863,6.050000190734863,81873
2018-02-23,5.900000095367432,6.349999904632568,5.900000095367432,6.300000190734863,6.300000190734863,208815
2018-02-26,6.099999904632568,6.400000095367432,6.050000190734863,6.099999904632568,6.099999904632568,47725
2018-02-27,6.099999904632568,6.25,5.900000095367432,6.0,6.0,85001
2018-02-28,5.949999809265137,5.949999809265137,5.800000190734863,5.900000095367432,5.900000095367432,66276
2018-03-01,5.75,6.150000095367432,5.75,5.949999809265137,5.949999809265137,81326
2018-03-05,6.050000190734863,6.050000190734863,5.699999809265137,5.75,5.75,159139
2018-03-06,5.75,6.0,5.699999809265137,5.75,5.75,55778
2018-03-07,5.699999809265137,5.699999809265137,5.5,5.5,5.5,79241
2018-03-08,5.5,5.650000095367432,5.25,5.449999809265137,5.449999809265137,222303
2018-03-09,5.699999809265137,5.699999809265137,5.199999809265137,5.199999809265137,5.199999809265137,182109
2018-03-12,5.099999904632568,5.449999809265137,5.099999904632568,5.400000095367432,5.400000095367432,81712
2018-03-13,5.300000190734863,5.400000095367432,5.199999809265137,5.300000190734863,5.300000190734863,80001
2018-03-14,5.5,5.5,5.199999809265137,5.300000190734863,5.300000190734863,122081
2018-03-15,5.449999809265137,5.550000190734863,5.400000095367432,5.400000095367432,5.400000095367432,117146
2018-03-16,5.349999904632568,5.650000095367432,5.349999904632568,5.550000190734863,5.550000190734863,109503
2018-03-19,5.349999904632568,5.800000190734863,5.300000190734863,5.349999904632568,5.349999904632568,81034
2018-03-20,5.400000095367432,5.400000095367432,5.099999904632568,5.099999904632568,5.099999904632568,116645
2018-03-21,5.0,5.199999809265137,4.849999904632568,4.900000095367432,4.900000095367432,291419
2018-03-22,5.050000190734863,5.050000190734863,4.75,4.849999904632568,4.849999904632568,234170
2018-03-23,4.849999904632568,4.849999904632568,4.650000095367432,4.650000095367432,4.650000095367432,160401
2018-03-26,4.599999904632568,4.699999809265137,4.449999809265137,4.449999809265137,4.449999809265137,548802
2018-03-27,4.449999809265137,4.550000190734863,4.25,4.449999809265137,4.449999809265137,444495
2018-03-28,4.5,4.5,4.300000190734863,4.449999809265137,4.449999809265137,81503
2018-04-02,4.400000095367432,4.650000095367432,4.349999904632568,4.650000095367432,4.650000095367432,89360
2018-04-03,4.75,4.849999904632568,4.650000095367432,4.849999904632568,4.849999904632568,61298
2018-04-04,4.800000190734863,5.050000190734863,4.800000190734863,4.900000095367432,4.900000095367432,242049
2018-04-05,5.099999904632568,5.099999904632568,4.900000095367432,5.099999904632568,5.099999904632568,90383
2018-04-06,5.150000095367432,5.599999904632568,5.150000095367432,5.550000190734863,5.550000190734863,236621
2018-04-09,5.800000190734863,6.050000190734863,5.449999809265137,5.849999904632568,5.849999904632568,201828
2018-04-10,5.75,5.949999809265137,5.5,5.75,5.75,292926
2018-04-11,5.800000190734863,5.800000190734863,5.349999904632568,5.349999904632568,5.349999904632568,157978
2018-04-12,5.349999904632568,5.400000095367432,5.050000190734863,5.199999809265137,5.199999809265137,248960
2018-04-13,5.199999809265137,5.650000095367432,5.150000095367432,5.349999904632568,5.349999904632568,504381
2018-04-16,5.5,5.800000190734863,5.349999904632568,5.699999809265137,5.699999809265137,317085
2018-04-17,5.900000095367432,5.900000095367432,5.349999904632568,5.449999809265137,5.449999809265137,243370
2018-04-18,5.550000190734863,5.550000190734863,5.25,5.300000190734863,5.300000190734863,165264
2018-04-19,5.199999809265137,5.449999809265137,5.150000095367432,5.199999809265137,5.199999809265137,106183
2018-04-20,5.099999904632568,5.449999809265137,5.050000190734863,5.349999904632568,5.349999904632568,98085
2018-04-23,5.599999904632568,5.699999809265137,5.25,5.550000190734863,5.550000190734863,396778
2018-04-24,5.75,5.75,5.300000190734863,5.400000095367432,5.400000095367432,119261
2018-04-25,5.400000095367432,5.449999809265137,5.150000095367432,5.25,5.25,276622
2018-04-26,5.199999809265137,5.25,5.050000190734863,5.050000190734863,5.050000190734863,191100
2018-04-27,5.050000190734863,5.150000095367432,5.0,5.050000190734863,5.050000190734863,113729
2018-04-30,5.050000190734863,5.400000095367432,5.050000190734863,5.349999904632568,5.349999904632568,224787
2018-05-02,5.349999904632568,5.449999809265137,5.199999809265137,5.199999809265137,5.199999809265137,130302
2018-05-03,5.150000095367432,5.25,5.0,5.099999904632568,5.099999904632568,99345
2018-05-04,5.099999904632568,5.349999904632568,5.0,5.150000095367432,5.150000095367432,116269
2018-05-07,5.099999904632568,5.400000095367432,5.0,5.349999904632568,5.349999904632568,251528
2018-05-08,5.349999904632568,5.400000095367432,5.150000095367432,5.199999809265137,5.199999809265137,77262
2018-05-09,5.099999904632568,5.300000190734863,5.0,5.050000190734863,5.050000190734863,117755
2018-05-10,5.199999809265137,5.349999904632568,4.849999904632568,5.099999904632568,5.099999904632568,251131
2018-05-11,5.099999904632568,5.150000095367432,4.900000095367432,5.0,5.0,46535
2018-05-14,5.0,5.0,4.75,4.800000190734863,4.800000190734863,106030
2018-05-15,4.800000190734863,5.199999809265137,4.800000190734863,4.800000190734863,4.800000190734863,52192
2018-05-16,5.0,5.0,4.599999904632568,4.849999904632568,4.849999904632568,64637
2018-05-17,5.0,5.0,4.699999809265137,4.75,4.75,74376
2018-05-18,4.900000095367432,4.900000095367432,4.800000190734863,4.849999904632568,4.849999904632568,170666
2018-05-21,4.75,4.75,4.599999904632568,4.699999809265137,4.699999809265137,113753
2018-05-22,4.849999904632568,4.849999904632568,4.599999904632568,4.75,4.75,25195
2018-05-23,4.699999809265137,4.800000190734863,4.650000095367432,4.699999809265137,4.699999809265137,19209
2018-05-24,4.699999809265137,5.150000095367432,4.599999904632568,5.099999904632568,5.099999904632568,267166
2018-05-25,5.25,5.25,4.900000095367432,5.050000190734863,5.050000190734863,261180
2018-05-28,5.050000190734863,5.300000190734863,5.050000190734863,5.199999809265137,5.199999809265137,152793
2018-05-29,5.099999904632568,5.099999904632568,4.699999809265137,4.849999904632568,4.849999904632568,147933
2018-05-30,4.849999904632568,4.900000095367432,4.599999904632568,4.800000190734863,4.800000190734863,222049
2018-05-31,4.849999904632568,5.25,4.699999809265137,5.199999809265137,5.199999809265137,508988
2018-06-01,5.25,5.25,4.849999904632568,4.900000095367432,4.900000095367432,274502
2018-06-04,4.849999904632568,5.0,4.699999809265137,4.75,4.75,97365
2018-06-05,4.900000095367432,4.900000095367432,4.400000095367432,4.449999809265137,4.449999809265137,228498
2018-06-06,4.400000095367432,4.849999904632568,4.400000095367432,4.800000190734863,4.800000190734863,236871
2018-06-07,4.849999904632568,5.050000190734863,4.75,4.849999904632568,4.849999904632568,256362
2018-06-08,4.949999809265137,4.949999809265137,4.699999809265137,4.800000190734863,4.800000190734863,81616
2018-06-11,4.650000095367432,5.150000095367432,4.650000095367432,4.949999809265137,4.949999809265137,253865
2018-06-12,4.949999809265137,5.0,4.849999904632568,4.900000095367432,4.900000095367432,133867
2018-06-13,4.849999904632568,5.0,4.849999904632568,4.900000095367432,4.900000095367432,56380
2018-06-14,4.75,4.949999809265137,4.75,4.849999904632568,4.849999904632568,26870
2018-06-15,4.849999904632568,4.900000095367432,4.800000190734863,4.900000095367432,4.900000095367432,5726
2018-06-18,4.699999809265137,4.800000190734863,4.699999809265137,4.75,4.75,31410
2018-06-19,4.800000190734863,4.849999904632568,4.699999809265137,4.699999809265137,4.699999809265137,77992
2018-06-20,4.849999904632568,4.900000095367432,4.699999809265137,4.75,4.75,14648
2018-06-21,4.849999904632568,4.849999904632568,4.650000095367432,4.75,4.75,46610
2018-06-22,4.849999904632568,4.849999904632568,4.650000095367432,4.699999809265137,4.699999809265137,7018
2018-06-25,4.699999809265137,4.75,4.650000095367432,4.650000095367432,4.650000095367432,53012
2018-06-26,4.550000190734863,4.75,4.550000190734863,4.599999904632568,4.599999904632568,160619
2018-06-27,4.699999809265137,4.699999809265137,4.349999904632568,4.400000095367432,4.400000095367432,119166
2018-06-28,4.449999809265137,4.650000095367432,4.25,4.550000190734863,4.550000190734863,196097
2018-06-29,4.550000190734863,4.599999904632568,4.400000095367432,4.5,4.5,101763
2018-07-02,4.849999904632568,4.849999904632568,4.300000190734863,4.349999904632568,4.349999904632568,76072
2018-07-03,4.449999809265137,4.449999809265137,4.300000190734863,4.300000190734863,4.300000190734863,65881
2018-07-04,4.25,4.400000095367432,4.25,4.300000190734863,4.300000190734863,49311
2018-07-05,4.349999904632568,4.349999904632568,4.199999809265137,4.25,4.25,46740
2018-07-06,4.199999809265137,4.349999904632568,4.150000095367432,4.300000190734863,4.300000190734863,38736
2018-07-09,4.099999904632568,4.449999809265137,4.099999904632568,4.400000095367432,4.400000095367432,232465
2018-07-10,4.5,4.599999904632568,4.449999809265137,4.5,4.5,69364
2018-07-11,4.449999809265137,4.550000190734863,4.349999904632568,4.400000095367432,4.400000095367432,28512
2018-07-12,4.300000190734863,4.5,4.300000190734863,4.449999809265137,4.449999809265137,52728
2018-07-13,4.5,4.5,4.25,4.400000095367432,4.400000095367432,65661
2018-07-16,4.300000190734863,4.400000095367432,4.199999809265137,4.25,4.25,53692
2018-07-17,4.150000095367432,4.300000190734863,4.150000095367432,4.25,4.25,37186
2018-07-18,4.150000095367432,4.300000190734863,4.150000095367432,4.150000095367432,4.150000095367432,38539
2018-07-19,4.099999904632568,4.199999809265137,3.950000047683716,4.150000095367432,4.150000095367432,167487
2018-07-20,4.099999904632568,4.199999809265137,4.099999904632568,4.199999809265137,4.199999809265137,39088
2018-07-23,4.199999809265137,4.449999809265137,4.150000095367432,4.300000190734863,4.300000190734863,141869
2018-07-24,4.25,4.449999809265137,4.25,4.400000095367432,4.400000095367432,70130
2018-07-25,4.400000095367432,4.5,4.300000190734863,4.349999904632568,4.349999904632568,17297
2018-07-26,4.349999904632568,4.449999809265137,4.300000190734863,4.449999809265137,4.449999809265137,45434
2018-07-27,4.349999904632568,4.550000190734863,4.349999904632568,4.5,4.5,41657
2018-07-30,4.599999904632568,4.599999904632568,4.349999904632568,4.400000095367432,4.400000095367432,88812
2018-07-31,4.300000190734863,4.449999809265137,4.300000190734863,4.449999809265137,4.449999809265137,35498
2018-08-01,4.349999904632568,4.650000095367432,4.349999904632568,4.449999809265137,4.449999809265137,141397
2018-08-02,4.400000095367432,4.5,3.9000000953674316,4.449999809265137,4.449999809265137,70376
2018-08-03,4.349999904632568,4.5,4.349999904632568,4.349999904632568,4.349999904632568,57481
2018-08-06,4.449999809265137,5.199999809265137,4.300000190734863,5.050000190734863,5.050000190734863,435539
2018-08-07,5.199999809265137,5.199999809265137,4.699999809265137,4.800000190734863,4.800000190734863,144586
2018-08-08,4.699999809265137,5.150000095367432,4.650000095367432,4.900000095367432,4.900000095367432,306222
2018-08-09,4.849999904632568,5.349999904632568,4.849999904632568,5.150000095367432,5.150000095367432,397707
2018-08-10,5.050000190734863,5.199999809265137,4.800000190734863,4.800000190734863,4.800000190734863,337727
2018-08-13,5.0,5.150000095367432,4.699999809265137,5.050000190734863,5.050000190734863,139941
2018-08-14,5.25,5.25,4.800000190734863,4.800000190734863,4.800000190734863,121285
2018-08-16,5.0,5.0,4.599999904632568,4.650000095367432,4.650000095367432,63231
2018-08-17,4.800000190734863,5.550000190734863,4.800000190734863,5.400000095367432,5.400000095367432,1363560
2018-08-20,5.550000190734863,6.449999809265137,5.400000095367432,6.449999809265137,6.449999809265137,1752440
2018-08-21,7.300000190734863,7.699999809265137,6.800000190734863,7.699999809265137,7.699999809265137,2639016
2018-08-23,8.399999618530273,8.449999809265137,7.300000190734863,7.5,7.5,6141630
2018-08-24,7.5,7.5,6.75,6.75,6.75,2064301
2018-08-27,6.75,6.800000190734863,6.150000095367432,6.25,6.25,1866838
2018-08-28,6.150000095367432,6.550000190734863,6.0,6.050000190734863,6.050000190734863,865729
2018-08-29,6.099999904632568,6.349999904632568,5.849999904632568,6.349999904632568,6.349999904632568,798222
2018-08-30,6.650000095367432,6.650000095367432,6.150000095367432,6.5,6.5,305325
2018-08-31,6.699999809265137,6.75,6.25,6.5,6.5,263341
2018-09-03,6.650000095367432,6.699999809265137,6.199999809265137,6.300000190734863,6.300000190734863,249088
2018-09-04,6.25,6.300000190734863,6.0,6.099999904632568,6.099999904632568,125792
2018-09-05,6.099999904632568,6.25,5.849999904632568,5.949999809265137,5.949999809265137,151912
2018-09-06,6.099999904632568,6.199999809265137,5.800000190734863,6.150000095367432,6.150000095367432,103910
2018-09-07,6.25,6.25,6.0,6.150000095367432,6.150000095367432,81725
2018-09-10,5.900000095367432,6.449999809265137,5.900000095367432,6.099999904632568,6.099999904632568,96852
2018-09-11,6.099999904632568,6.199999809265137,5.800000190734863,5.900000095367432,5.900000095367432,147007
2018-09-12,5.900000095367432,6.0,5.650000095367432,5.75,5.75,105858
2018-09-14,5.849999904632568,5.849999904632568,5.5,5.650000095367432,5.650000095367432,94896
2018-09-17,5.599999904632568,5.800000190734863,5.400000095367432,5.449999809265137,5.449999809265137,161635
2018-09-18,5.300000190734863,5.550000190734863,5.199999809265137,5.25,5.25,145022
2018-09-19,5.349999904632568,5.5,5.099999904632568,5.5,5.5,149176
2018-09-21,5.699999809265137,5.75,5.25,5.25,5.25,101505
2018-09-24,5.199999809265137,5.25,5.0,5.0,5.0,95579
2018-09-25,5.0,5.0,4.75,4.800000190734863,4.800000190734863,154583
2018-09-26,4.900000095367432,5.0,4.599999904632568,4.849999904632568,4.849999904632568,83524
2018-09-27,4.900000095367432,5.050000190734863,4.75,4.849999904632568,4.849999904632568,93715
2018-09-28,4.699999809265137,4.900000095367432,4.650000095367432,4.75,4.75,111753
2018-10-01,4.75,4.75,4.550000190734863,4.550000190734863,4.550000190734863,47675
2018-10-03,4.550000190734863,4.650000095367432,4.400000095367432,4.650000095367432,4.650000095367432,138171
2018-10-04,4.650000095367432,4.650000095367432,4.449999809265137,4.5,4.5,68965
2018-10-05,4.5,4.550000190734863,4.300000190734863,4.400000095367432,4.400000095367432,103247
2018-10-08,4.400000095367432,4.400000095367432,4.199999809265137,4.199999809265137,4.199999809265137,56018
2018-10-09,4.0,4.199999809265137,4.0,4.050000190734863,4.050000190734863,95919
2018-10-10,4.050000190734863,4.25,4.050000190734863,4.25,4.25,41637
2018-10-11,4.050000190734863,4.449999809265137,4.050000190734863,4.199999809265137,4.199999809265137,78800
2018-10-12,4.199999809265137,4.400000095367432,4.099999904632568,4.400000095367432,4.400000095367432,33034
2018-10-15,4.400000095367432,4.599999904632568,4.300000190734863,4.599999904632568,4.599999904632568,42531
2018-10-16,4.800000190734863,4.800000190734863,4.599999904632568,4.800000190734863,4.800000190734863,35167
2018-10-17,5.0,5.0,4.900000095367432,5.0,5.0,195420
2018-10-19,5.0,5.0,4.75,4.800000190734863,4.800000190734863,188832
2018-10-22,4.849999904632568,4.900000095367432,4.650000095367432,4.699999809265137,4.699999809265137,65226
2018-10-23,4.650000095367432,4.650000095367432,4.5,4.550000190734863,4.550000190734863,71362
2018-10-24,4.400000095367432,4.75,4.400000095367432,4.699999809265137,4.699999809265137,141361
2018-10-25,4.699999809265137,4.800000190734863,4.5,4.599999904632568,4.599999904632568,81432
2018-10-26,4.5,4.800000190734863,4.400000095367432,4.550000190734863,4.550000190734863,93397
2018-10-29,4.550000190734863,4.75,4.5,4.599999904632568,4.599999904632568,144653
2018-10-30,4.650000095367432,4.650000095367432,4.5,4.550000190734863,4.550000190734863,50085
2018-10-31,4.5,4.699999809265137,4.5,4.650000095367432,4.650000095367432,49555
2018-11-01,4.599999904632568,4.699999809265137,4.599999904632568,4.599999904632568,4.599999904632568,55656
2018-11-02,4.650000095367432,4.75,4.599999904632568,4.650000095367432,4.650000095367432,73900
2018-11-05,4.650000095367432,4.699999809265137,4.550000190734863,4.650000095367432,4.650000095367432,38090
2018-11-06,4.650000095367432,4.75,4.599999904632568,4.650000095367432,4.650000095367432,71530
2018-11-07,4.650000095367432,4.650000095367432,4.650000095367432,4.650000095367432,4.650000095367432,0
2018-11-09,4.650000095367432,4.75,4.449999809265137,4.75,4.75,74093
2018-11-12,4.900000095367432,4.949999809265137,4.900000095367432,4.949999809265137,4.949999809265137,51738
2018-11-13,5.099999904632568,5.150000095367432,4.800000190734863,4.849999904632568,4.849999904632568,203672
2018-11-14,4.949999809265137,5.050000190734863,4.75,5.0,5.0,184312
2018-11-15,5.0,5.099999904632568,4.849999904632568,5.050000190734863,5.050000190734863,95597
2018-11-16,5.099999904632568,5.199999809265137,4.800000190734863,4.800000190734863,4.800000190734863,193558
2018-11-19,4.900000095367432,5.0,4.75,4.849999904632568,4.849999904632568,108670
2018-11-20,4.849999904632568,4.900000095367432,4.650000095367432,4.699999809265137,4.699999809265137,79082
2018-11-21,4.650000095367432,4.699999809265137,4.5,4.550000190734863,4.550000190734863,122218
2018-11-22,4.650000095367432,4.75,4.599999904632568,4.75,4.75,59971
2018-11-26,4.949999809265137,4.949999809265137,4.800000190734863,4.949999809265137,4.949999809265137,170998
2018-11-27,5.099999904632568,5.150000095367432,4.800000190734863,5.150000095367432,5.150000095367432,248225
2018-11-28,5.25,5.25,4.900000095367432,4.900000095367432,4.900000095367432,211060
2018-11-29,5.0,5.050000190734863,4.849999904632568,4.900000095367432,4.900000095367432,84900
2018-11-30,4.849999904632568,5.099999904632568,4.75,5.050000190734863,5.050000190734863,142059
2018-12-03,5.150000095367432,5.150000095367432,4.849999904632568,4.849999904632568,4.849999904632568,205104
2018-12-04,4.900000095367432,5.050000190734863,4.849999904632568,4.949999809265137,4.949999809265137,119423
2018-12-05,5.0,5.0,4.75,4.75,4.75,129230
2018-12-06,4.75,4.949999809265137,4.75,4.75,4.75,105217
2018-12-07,4.900000095367432,4.900000095367432,4.699999809265137,4.800000190734863,4.800000190734863,52388
2018-12-10,4.900000095367432,4.900000095367432,4.449999809265137,4.800000190734863,4.800000190734863,45375
2018-12-11,4.699999809265137,4.800000190734863,4.699999809265137,4.75,4.75,47391
2018-12-12,4.849999904632568,5.0,4.699999809265137,4.800000190734863,4.800000190734863,117115
2018-12-13,4.800000190734863,4.949999809265137,4.800000190734863,4.800000190734863,4.800000190734863,50388
2018-12-14,4.900000095367432,5.25,4.75,4.900000095367432,4.900000095367432,276151
2018-12-17,5.0,5.0,4.900000095367432,4.949999809265137,4.949999809265137,68250
2018-12-18,5.0,5.0,4.900000095367432,4.949999809265137,4.949999809265137,64147
2018-12-19,5.0,5.150000095367432,4.849999904632568,4.900000095367432,4.900000095367432,151552
2018-12-20,5.0,5.0,4.800000190734863,4.900000095367432,4.900000095367432,47867
2018-12-21,4.949999809265137,4.949999809265137,4.699999809265137,4.800000190734863,4.800000190734863,203268
2018-12-24,4.849999904632568,4.949999809265137,4.699999809265137,4.800000190734863,4.800000190734863,122145
2018-12-26,4.800000190734863,4.949999809265137,4.75,4.900000095367432,4.900000095367432,77278
2018-12-27,4.949999809265137,5.0,4.800000190734863,4.849999904632568,4.849999904632568,85375
2018-12-28,4.900000095367432,4.900000095367432,4.800000190734863,4.800000190734863,4.800000190734863,53182
2018-12-31,4.849999904632568,5.0,4.800000190734863,4.949999809265137,4.949999809265137,99088
2019-01-01,5.0,5.150000095367432,4.849999904632568,4.949999809265137,4.949999809265137,202343
2019-01-02,4.900000095367432,5.0,4.849999904632568,4.900000095367432,4.900000095367432,66516
2019-01-03,4.900000095367432,5.0,4.849999904632568,4.849999904632568,4.849999904632568,52702
2019-01-04,4.800000190734863,4.900000095367432,4.800000190734863,4.849999904632568,4.849999904632568,18077
2019-01-07,4.849999904632568,4.949999809265137,4.849999904632568,4.849999904632568,4.849999904632568,49464
2019-01-08,4.949999809265137,4.949999809265137,4.800000190734863,4.900000095367432,4.900000095367432,53651
2019-01-09,4.900000095367432,5.25,4.849999904632568,5.099999904632568,5.099999904632568,260418
2019-01-10,5.199999809265137,5.599999904632568,4.849999904632568,5.349999904632568,5.349999904632568,445110
2019-01-11,5.349999904632568,5.449999809265137,5.150000095367432,5.25,5.25,117337
2019-01-14,5.199999809265137,5.199999809265137,4.900000095367432,5.099999904632568,5.099999904632568,162275
2019-01-15,5.150000095367432,5.199999809265137,5.050000190734863,5.150000095367432,5.150000095367432,53900
2019-01-16,5.099999904632568,5.199999809265137,5.0,5.050000190734863,5.050000190734863,70056
2019-01-17,5.0,5.199999809265137,4.900000095367432,5.099999904632568,5.099999904632568,112560
2019-01-18,5.0,5.25,5.0,5.0,5.0,88414
2019-01-21,5.0,5.199999809265137,5.0,5.099999904632568,5.099999904632568,73610
2019-01-22,5.050000190734863,5.099999904632568,4.900000095367432,4.949999809265137,4.949999809265137,41352
2019-01-23,4.900000095367432,5.050000190734863,4.900000095367432,4.949999809265137,4.949999809265137,59842
2019-01-24,4.949999809265137,5.0,4.849999904632568,4.900000095367432,4.900000095367432,35670
2019-01-25,4.949999809265137,4.949999809265137,4.699999809265137,4.75,4.75,79512
2019-01-28,4.699999809265137,4.75,4.449999809265137,4.5,4.5,190156
2019-01-29,4.400000095367432,4.599999904632568,4.25,4.300000190734863,4.300000190734863,263248
2019-01-30,4.300000190734863,4.550000190734863,4.300000190734863,4.400000095367432,4.400000095367432,133275
2019-01-31,4.5,4.550000190734863,4.400000095367432,4.449999809265137,4.449999809265137,56789
2019-02-01,4.5,4.550000190734863,4.400000095367432,4.400000095367432,4.400000095367432,89203
2019-02-04,4.5,4.5,4.300000190734863,4.300000190734863,4.300000190734863,76913
2019-02-05,4.300000190734863,4.349999904632568,4.0,4.199999809265137,4.199999809265137,134651
2019-02-06,4.25,4.300000190734863,4.0,4.25,4.25,146188
2019-02-07,4.25,4.349999904632568,4.150000095367432,4.199999809265137,4.199999809265137,94261
2019-02-08,4.199999809265137,4.449999809265137,4.150000095367432,4.400000095367432,4.400000095367432,49554
2019-02-11,4.449999809265137,4.449999809265137,4.300000190734863,4.349999904632568,4.349999904632568,59373
2019-02-12,4.300000190734863,4.599999904632568,4.25,4.550000190734863,4.550000190734863,116153
2019-02-14,4.349999904632568,4.5,4.25,4.449999809265137,4.449999809265137,84510
2019-02-15,4.75,5.25,4.699999809265137,4.900000095367432,4.900000095367432,496470
2019-02-18,4.949999809265137,5.400000095367432,4.849999904632568,5.0,5.0,379146
2019-02-19,4.949999809265137,5.25,4.949999809265137,5.050000190734863,5.050000190734863,136032
2019-02-20,5.099999904632568,5.150000095367432,4.800000190734863,4.900000095367432,4.900000095367432,180430
2019-02-21,4.900000095367432,5.050000190734863,4.800000190734863,4.849999904632568,4.849999904632568,93162
2019-02-22,4.949999809265137,5.050000190734863,4.849999904632568,5.0,5.0,203904
2019-02-25,5.0,5.150000095367432,4.900000095367432,4.949999809265137,4.949999809265137,180812
2019-02-26,4.849999904632568,5.0,4.800000190734863,4.849999904632568,4.849999904632568,88179
2019-02-27,4.949999809265137,5.050000190734863,4.800000190734863,4.949999809265137,4.949999809265137,192104
2019-02-28,4.849999904632568,4.949999809265137,4.800000190734863,4.900000095367432,4.900000095367432,91622
2019-03-01,4.900000095367432,5.0,4.849999904632568,5.0,5.0,74905
2019-03-05,4.900000095367432,5.099999904632568,4.900000095367432,5.050000190734863,5.050000190734863,219515
2019-03-06,5.050000190734863,5.400000095367432,5.050000190734863,5.199999809265137,5.199999809265137,254828
2019-03-07,5.300000190734863,5.300000190734863,5.099999904632568,5.150000095367432,5.150000095367432,114170
2019-03-08,5.050000190734863,5.150000095367432,5.0,5.099999904632568,5.099999904632568,91783
2019-03-11,5.0,5.300000190734863,5.0,5.150000095367432,5.150000095367432,102956
2019-03-12,5.400000095367432,5.400000095367432,5.050000190734863,5.050000190734863,5.050000190734863,211004
2019-03-13,5.099999904632568,5.25,5.050000190734863,5.099999904632568,5.099999904632568,65611
2019-03-14,5.099999904632568,5.25,5.050000190734863,5.050000190734863,5.050000190734863,85524
2019-03-15,5.199999809265137,5.25,5.050000190734863,5.099999904632568,5.099999904632568,100092
2019-03-18,5.099999904632568,5.150000095367432,4.900000095367432,4.949999809265137,4.949999809265137,84498
2019-03-19,4.949999809265137,5.050000190734863,4.900000095367432,4.949999809265137,4.949999809265137,121376
2019-03-20,4.949999809265137,5.0,4.849999904632568,4.900000095367432,4.900000095367432,46737
2019-03-22,5.0,5.050000190734863,4.849999904632568,5.0,5.0,171790
2019-03-25,5.0,5.0,4.75,4.849999904632568,4.849999904632568,107698
2019-03-26,4.900000095367432,4.900000095367432,4.699999809265137,4.75,4.75,119206
2019-03-27,4.75,4.849999904632568,4.599999904632568,4.699999809265137,4.699999809265137,149744
2019-03-28,4.699999809265137,4.75,4.599999904632568,4.699999809265137,4.699999809265137,98254
2019-04-01,4.75,4.900000095367432,4.699999809265137,4.849999904632568,4.849999904632568,89032
2019-04-02,4.900000095367432,4.900000095367432,4.699999809265137,4.75,4.75,44784
2019-04-03,4.75,4.900000095367432,4.75,4.900000095367432,4.900000095367432,65006
2019-04-04,4.900000095367432,5.050000190734863,4.699999809265137,4.949999809265137,4.949999809265137,134855
2019-04-05,4.849999904632568,5.25,4.849999904632568,5.0,5.0,187395
2019-04-08,5.0,5.099999904632568,4.900000095367432,4.949999809265137,4.949999809265137,121985
2019-04-09,5.0,5.0,4.800000190734863,4.949999809265137,4.949999809265137,109256
2019-04-10,4.949999809265137,5.099999904632568,4.25,4.849999904632568,4.849999904632568,174822
2019-04-11,4.900000095367432,4.900000095367432,4.699999809265137,4.849999904632568,4.849999904632568,43455
2019-04-12,4.800000190734863,4.900000095367432,4.699999809265137,4.849999904632568,4.849999904632568,53838
2019-04-15,4.900000095367432,4.900000095367432,4.75,4.800000190734863,4.800000190734863,38662
2019-04-16,4.900000095367432,4.900000095367432,4.75,4.800000190734863,4.800000190734863,153422
2019-04-18,4.900000095367432,4.900000095367432,4.650000095367432,4.75,4.75,58416
2019-04-22,4.800000190734863,4.849999904632568,4.599999904632568,4.650000095367432,4.650000095367432,63086
2019-04-23,4.699999809265137,4.75,4.550000190734863,4.599999904632568,4.599999904632568,65051
2019-04-24,4.699999809265137,4.699999809265137,4.599999904632568,4.650000095367432,4.650000095367432,35470
2019-04-25,4.699999809265137,4.75,4.599999904632568,4.650000095367432,4.650000095367432,30880
2019-04-26,4.599999904632568,4.699999809265137,4.5,4.599999904632568,4.599999904632568,145996
2019-04-30,4.5,4.650000095367432,4.400000095367432,4.449999809265137,4.449999809265137,81110
2019-05-02,4.5,4.699999809265137,4.300000190734863,4.349999904632568,4.349999904632568,131174
2019-05-03,4.400000095367432,4.550000190734863,4.400000095367432,4.449999809265137,4.449999809265137,38935
2019-05-06,4.5,4.550000190734863,4.400000095367432,4.400000095367432,4.400000095367432,42834
2019-05-07,4.449999809265137,4.5,4.300000190734863,4.349999904632568,4.349999904632568,91181
2019-05-08,4.300000190734863,4.400000095367432,4.300000190734863,4.349999904632568,4.349999904632568,31993
2019-05-09,4.349999904632568,4.400000095367432,4.300000190734863,4.349999904632568,4.349999904632568,20889
2019-05-10,4.400000095367432,4.400000095367432,4.300000190734863,4.349999904632568,4.349999904632568,26482
2019-05-13,4.400000095367432,4.400000095367432,4.199999809265137,4.199999809265137,4.199999809265137,133381
2019-05-14,4.199999809265137,4.300000190734863,4.150000095367432,4.25,4.25,22303
2019-05-15,4.199999809265137,4.300000190734863,4.199999809265137,4.25,4.25,37965
2019-05-16,4.300000190734863,4.300000190734863,4.199999809265137,4.199999809265137,4.199999809265137,44318
2019-05-17,4.199999809265137,4.25,4.150000095367432,4.199999809265137,4.199999809265137,46918
2019-05-20,4.300000190734863,4.599999904632568,4.25,4.400000095367432,4.400000095367432,190220
2019-05-21,4.449999809265137,4.449999809265137,4.300000190734863,4.349999904632568,4.349999904632568,12217
2019-05-22,4.349999904632568,4.400000095367432,4.25,4.300000190734863,4.300000190734863,56820
2019-05-23,4.400000095367432,4.449999809265137,4.199999809265137,4.349999904632568,4.349999904632568,81690
2019-05-24,4.300000190734863,4.400000095367432,4.199999809265137,4.300000190734863,4.300000190734863,58584
2019-05-27,4.300000190734863,4.5,4.199999809265137,4.400000095367432,4.400000095367432,166749
2019-05-28,4.400000095367432,4.550000190734863,4.300000190734863,4.5,4.5,86854
2019-05-29,4.599999904632568,4.599999904632568,4.400000095367432,4.5,4.5,54437
2019-05-30,4.349999904632568,4.349999904632568,3.950000047683716,4.199999809265137,4.199999809265137,490216
2019-05-31,4.150000095367432,4.300000190734863,4.150000095367432,4.199999809265137,4.199999809265137,55710
2019-06-03,4.150000095367432,4.25,4.050000190734863,4.099999904632568,4.099999904632568,126780
2019-06-04,4.099999904632568,4.199999809265137,4.050000190734863,4.150000095367432,4.150000095367432,88664
2019-06-06,4.050000190734863,4.199999809265137,4.0,4.050000190734863,4.050000190734863,141675
2019-06-07,4.099999904632568,4.099999904632568,3.950000047683716,4.0,4.0,77731
2019-06-10,4.0,4.099999904632568,3.799999952316284,3.8499999046325684,3.8499999046325684,104017
2019-06-11,3.8499999046325684,4.099999904632568,3.8499999046325684,4.050000190734863,4.050000190734863,84380
2019-06-12,4.0,4.25,4.0,4.050000190734863,4.050000190734863,116466
2019-06-13,4.050000190734863,4.050000190734863,3.9000000953674316,4.0,4.0,39394
2019-06-14,3.950000047683716,4.099999904632568,3.950000047683716,3.950000047683716,3.950000047683716,14674
2019-06-17,3.950000047683716,4.0,3.8499999046325684,3.9000000953674316,3.9000000953674316,47448
2019-06-18,3.8499999046325684,4.0,3.5999999046325684,3.6500000953674316,3.6500000953674316,157908
2019-06-19,3.6500000953674316,3.75,2.950000047683716,3.049999952316284,3.049999952316284,168884
2019-06-20,3.0999999046325684,3.6500000953674316,3.049999952316284,3.6500000953674316,3.6500000953674316,155093
2019-06-21,3.75,4.0,3.5,3.75,3.75,160080
2019-06-24,3.950000047683716,3.950000047683716,3.75,3.799999952316284,3.799999952316284,22990
2019-06-25,3.700000047683716,3.75,3.549999952316284,3.6500000953674316,3.6500000953674316,86828
2019-06-26,3.549999952316284,3.700000047683716,3.549999952316284,3.549999952316284,3.549999952316284,47211
2019-06-27,3.450000047683716,3.700000047683716,3.450000047683716,3.6500000953674316,3.6500000953674316,50288
2019-06-28,3.6500000953674316,3.799999952316284,3.5999999046325684,3.6500000953674316,3.6500000953674316,29649
2019-07-01,3.799999952316284,3.799999952316284,3.5,3.549999952316284,3.549999952316284,37658
2019-07-02,3.5,3.5999999046325684,3.5,3.5,3.5,55823
2019-07-03,3.5,3.700000047683716,3.5,3.5999999046325684,3.5999999046325684,40589
2019-07-04,3.549999952316284,3.6500000953674316,3.549999952316284,3.6500000953674316,3.6500000953674316,37443
2019-07-05,3.700000047683716,3.700000047683716,3.5999999046325684,3.5999999046325684,3.5999999046325684,22418
2019-07-08,3.5999999046325684,3.5999999046325684,3.3499999046325684,3.5,3.5,35074
2019-07-09,3.4000000953674316,3.5,3.299999952316284,3.3499999046325684,3.3499999046325684,40137
2019-07-10,3.3499999046325684,3.4000000953674316,3.200000047683716,3.299999952316284,3.299999952316284,43384
2019-07-11,3.25,3.4000000953674316,3.25,3.25,3.25,7860
2019-07-12,3.4000000953674316,3.450000047683716,3.200000047683716,3.4000000953674316,3.4000000953674316,13596
2019-07-15,3.299999952316284,3.450000047683716,3.25,3.3499999046325684,3.3499999046325684,35702
2019-07-16,3.299999952316284,3.700000047683716,3.0999999046325684,3.450000047683716,3.450000047683716,145547
2019-07-17,3.299999952316284,3.3499999046325684,3.25,3.25,3.25,22425
2019-07-18,3.3499999046325684,3.3499999046325684,3.049999952316284,3.0999999046325684,3.0999999046325684,115357
2019-07-19,3.200000047683716,3.200000047683716,3.049999952316284,3.049999952316284,3.049999952316284,48446
2019-07-22,3.1500000953674316,3.25,3.0,3.1500000953674316,3.1500000953674316,28655
2019-07-23,3.0999999046325684,3.200000047683716,3.0999999046325684,3.1500000953674316,3.1500000953674316,17164
2019-07-24,3.0999999046325684,3.200000047683716,3.0,3.049999952316284,3.049999952316284,36114
2019-07-25,3.0,3.299999952316284,3.0,3.0999999046325684,3.0999999046325684,63317
2019-07-26,3.049999952316284,3.200000047683716,3.0,3.0999999046325684,3.0999999046325684,28412
2019-07-29,3.049999952316284,3.3499999046325684,3.049999952316284,3.1500000953674316,3.1500000953674316,60382
2019-07-30,3.0999999046325684,3.25,3.0,3.0,3.0,66557
2019-07-31,3.0,3.299999952316284,2.950000047683716,3.0999999046325684,3.0999999046325684,61300
2019-08-01,3.0999999046325684,3.200000047683716,3.049999952316284,3.049999952316284,3.049999952316284,40963
2019-08-02,3.0,3.1500000953674316,3.0,3.049999952316284,3.049999952316284,36319
2019-08-05,3.0,3.0999999046325684,2.9000000953674316,2.950000047683716,2.950000047683716,33542
2019-08-06,2.9000000953674316,3.0999999046325684,2.4000000953674316,3.0,3.0,175483
2019-08-07,2.950000047683716,3.0,2.9000000953674316,3.0,3.0,16273
2019-08-08,3.049999952316284,3.0999999046325684,2.9000000953674316,3.0,3.0,143863
2019-08-09,3.0999999046325684,3.5999999046325684,3.049999952316284,3.25,3.25,653420
2019-08-13,3.25,3.3499999046325684,3.049999952316284,3.0999999046325684,3.0999999046325684,100000
2019-08-14,3.049999952316284,3.200000047683716,3.049999952316284,3.1500000953674316,3.1500000953674316,39703
2019-08-16,3.0999999046325684,3.0999999046325684,2.75,3.049999952316284,3.049999952316284,134016
2019-08-19,3.0,3.0999999046325684,2.9000000953674316,2.950000047683716,2.950000047683716,92353
2019-08-20,3.0,3.0,2.8499999046325684,2.9000000953674316,2.9000000953674316,80936
2019-08-21,2.9000000953674316,2.950000047683716,2.799999952316284,2.799999952316284,2.799999952316284,87573
2019-08-22,2.9000000953674316,2.9000000953674316,2.299999952316284,2.5999999046325684,2.5999999046325684,235695
2019-08-23,2.5999999046325684,3.0999999046325684,2.549999952316284,3.0,3.0,506010
2019-08-26,3.0999999046325684,3.5999999046325684,3.0,3.3499999046325684,3.3499999046325684,936739
2019-08-27,3.450000047683716,3.450000047683716,2.799999952316284,3.049999952316284,3.049999952316284,620530
2019-08-28,3.0999999046325684,3.1500000953674316,2.700000047683716,2.75,2.75,914331
2019-08-29,2.75,2.8499999046325684,2.5999999046325684,2.75,2.75,280545
2019-08-30,2.799999952316284,2.8499999046325684,2.6500000953674316,2.75,2.75,167921
2019-09-03,2.700000047683716,2.75,2.299999952316284,2.3499999046325684,2.3499999046325684,1122005
2019-09-04,2.450000047683716,2.450000047683716,2.200000047683716,2.200000047683716,2.200000047683716,1316316
2019-09-05,2.200000047683716,2.25,2.0999999046325684,2.1500000953674316,2.1500000953674316,406430
2019-09-06,2.1500000953674316,2.3499999046325684,2.1500000953674316,2.200000047683716,2.200000047683716,958354
2019-09-09,2.200000047683716,2.25,2.049999952316284,2.0999999046325684,2.0999999046325684,539921
2019-09-11,2.0999999046325684,2.0999999046325684,1.899999976158142,2.0,2.0,898181
2019-09-12,2.049999952316284,2.049999952316284,1.899999976158142,1.899999976158142,1.899999976158142,1010259
2019-09-13,1.9500000476837158,2.049999952316284,1.850000023841858,2.0,2.0,1252244
2019-09-16,2.0,2.049999952316284,1.9500000476837158,2.0,2.0,634459
2019-09-17,2.0,2.0,1.850000023841858,1.899999976158142,1.899999976158142,351168
2019-09-18,1.899999976158142,1.9500000476837158,1.75,1.7999999523162842,1.7999999523162842,783066
2019-09-19,1.7999999523162842,1.899999976158142,1.649999976158142,1.649999976158142,1.649999976158142,2053503
2019-09-20,1.7000000476837158,1.7000000476837158,1.649999976158142,1.7000000476837158,1.7000000476837158,1248396
2019-09-23,1.75,1.75,1.649999976158142,1.649999976158142,1.649999976158142,1042679
2019-09-24,1.649999976158142,1.7000000476837158,1.600000023841858,1.7000000476837158,1.7000000476837158,672413
2019-09-25,1.75,1.75,1.649999976158142,1.7000000476837158,1.7000000476837158,484649
2019-09-26,1.649999976158142,1.7000000476837158,1.649999976158142,1.649999976158142,1.649999976158142,164872
2019-09-27,1.600000023841858,1.649999976158142,1.600000023841858,1.600000023841858,1.600000023841858,249309
2019-09-30,1.5499999523162842,1.649999976158142,1.5499999523162842,1.649999976158142,1.649999976158142,638148
2019-10-01,1.7000000476837158,1.7000000476837158,1.600000023841858,1.600000023841858,1.600000023841858,233893
2019-10-03,1.5499999523162842,1.649999976158142,1.5499999523162842,1.600000023841858,1.600000023841858,284243
2019-10-04,1.600000023841858,1.649999976158142,1.5499999523162842,1.5499999523162842,1.5499999523162842,283994
2019-10-07,1.600000023841858,1.600000023841858,1.5,1.5,1.5,472147
2019-10-09,1.5,1.5,1.4500000476837158,1.4500000476837158,1.4500000476837158,149039
2019-10-10,1.399999976158142,1.4500000476837158,1.399999976158142,1.399999976158142,1.399999976158142,155287
2019-10-11,1.350000023841858,1.4500000476837158,1.350000023841858,1.4500000476837158,1.4500000476837158,330769
2019-10-14,1.5,1.5,1.4500000476837158,1.5,1.5,223746
2019-10-15,1.5499999523162842,1.5499999523162842,1.5,1.5499999523162842,1.5499999523162842,253528
2019-10-16,1.600000023841858,1.600000023841858,1.5499999523162842,1.600000023841858,1.600000023841858,218219
2019-10-17,1.649999976158142,1.649999976158142,1.600000023841858,1.649999976158142,1.649999976158142,78382
2019-10-18,1.7000000476837158,1.7000000476837158,1.7000000476837158,1.7000000476837158,1.7000000476837158,80644
2019-10-22,1.75,1.75,1.75,1.75,1.75,44652
2019-10-23,1.7999999523162842,1.7999999523162842,1.7999999523162842,1.7999999523162842,1.7999999523162842,57545
2019-10-24,1.850000023841858,1.850000023841858,1.75,1.75,1.75,388604
2019-10-25,1.7000000476837158,1.7999999523162842,1.7000000476837158,1.7000000476837158,1.7000000476837158,183237
2019-10-27,1.75,1.75,1.649999976158142,1.7000000476837158,1.7000000476837158,97955
2019-10-29,1.7000000476837158,1.75,1.649999976158142,1.75,1.75,240691
2019-10-30,1.75,1.7999999523162842,1.7000000476837158,1.75,1.75,146514
2019-10-31,1.7999999523162842,1.7999999523162842,1.75,1.7999999523162842,1.7999999523162842,96984
2019-11-01,1.75,1.850000023841858,1.75,1.75,1.75,211896
2019-11-04,1.7999999523162842,1.7999999523162842,1.75,1.7999999523162842,1.7999999523162842,54323
2019-11-05,1.850000023841858,1.850000023841858,1.75,1.850000023841858,1.850000023841858,184168
2019-11-06,1.899999976158142,1.899999976158142,1.850000023841858,1.899999976158142,1.899999976158142,62755
2019-11-07,1.9500000476837158,1.9500000476837158,1.899999976158142,1.9500000476837158,1.9500000476837158,56527
2019-11-08,2.0,2.0,2.0,2.0,2.0,156277
2019-11-11,2.0999999046325684,2.0999999046325684,2.0,2.0999999046325684,2.0999999046325684,168424
2019-11-13,2.200000047683716,2.200000047683716,2.200000047683716,2.200000047683716,2.200000047683716,78341
2019-11-14,2.299999952316284,2.299999952316284,2.0999999046325684,2.200000047683716,2.200000047683716,693312
2019-11-15,2.0999999046325684,2.0999999046325684,2.0999999046325684,2.0999999046325684,2.0999999046325684,35325
2019-11-18,2.0,2.0,2.0,2.0,2.0,87810
2019-11-19,1.899999976158142,2.049999952316284,1.899999976158142,2.0,2.0,201290
2019-11-20,2.0,2.049999952316284,1.9500000476837158,1.9500000476837158,1.9500000476837158,208753
2019-11-21,1.9500000476837158,2.0,1.899999976158142,2.0,2.0,46184
2019-11-22,2.049999952316284,2.0999999046325684,1.9500000476837158,2.0999999046325684,2.0999999046325684,85186
2019-11-25,2.1500000953674316,2.1500000953674316,2.0,2.049999952316284,2.049999952316284,62490
2019-11-26,2.0,2.0999999046325684,1.9500000476837158,1.9500000476837158,1.9500000476837158,79795
2019-11-27,1.899999976158142,2.0,1.899999976158142,2.0,2.0,105560
2019-11-28,2.049999952316284,2.0999999046325684,2.0,2.0,2.0,56433
2019-11-29,2.049999952316284,2.0999999046325684,2.0,2.0999999046325684,2.0999999046325684,112194
2019-12-02,2.049999952316284,2.1500000953674316,2.0,2.0999999046325684,2.0999999046325684,32197
2019-12-03,2.049999952316284,2.0999999046325684,1.9500000476837158,2.0,2.0,38769
2019-12-04,2.0999999046325684,2.0999999046325684,1.899999976158142,2.0,2.0,81269
2019-12-05,2.049999952316284,2.049999952316284,1.9500000476837158,2.0,2.0,48721
2019-12-06,2.049999952316284,2.049999952316284,1.899999976158142,1.899999976158142,1.899999976158142,43024
2019-12-09,1.9500000476837158,1.9500000476837158,1.850000023841858,1.850000023841858,1.850000023841858,69922
2019-12-10,1.7999999523162842,1.850000023841858,1.7999999523162842,1.7999999523162842,1.7999999523162842,17498
2019-12-11,1.7999999523162842,1.850000023841858,1.75,1.850000023841858,1.850000023841858,54586
2019-12-12,1.899999976158142,1.899999976158142,1.899999976158142,1.899999976158142,1.899999976158142,55253
2019-12-13,1.850000023841858,1.9500000476837158,1.850000023841858,1.9500000476837158,1.9500000476837158,51205
2019-12-16,2.0,2.0,1.899999976158142,1.9500000476837158,1.9500000476837158,27803
2019-12-17,1.9500000476837158,1.9500000476837158,1.899999976158142,1.899999976158142,1.899999976158142,26297
2019-12-18,1.850000023841858,1.9500000476837158,1.850000023841858,1.899999976158142,1.899999976158142,52820
2019-12-19,1.899999976158142,1.899999976158142,1.850000023841858,1.850000023841858,1.850000023841858,29084
2019-12-20,1.850000023841858,1.899999976158142,1.7999999523162842,1.899999976158142,1.899999976158142,15462
2019-12-23,1.899999976158142,1.9500000476837158,1.850000023841858,1.899999976158142,1.899999976158142,84617
2019-12-24,1.850000023841858,1.9500000476837158,1.850000023841858,1.850000023841858,1.850000023841858,44478
2019-12-26,1.850000023841858,1.899999976158142,1.850000023841858,1.850000023841858,1.850000023841858,35716
2019-12-27,1.850000023841858,1.899999976158142,1.7999999523162842,1.899999976158142,1.899999976158142,28895
2019-12-30,1.899999976158142,1.899999976158142,1.850000023841858,1.850000023841858,1.850000023841858,25015
2019-12-31,1.850000023841858,1.899999976158142,1.7999999523162842,1.899999976158142,1.899999976158142,44723
2020-01-01,1.9500000476837158,1.9500000476837158,1.850000023841858,1.899999976158142,1.899999976158142,68160
2020-01-02,1.9500000476837158,1.9500000476837158,1.850000023841858,1.899999976158142,1.899999976158142,78463
2020-01-03,1.850000023841858,1.9500000476837158,1.850000023841858,1.899999976158142,1.899999976158142,21234
2020-01-06,1.899999976158142,1.9500000476837158,1.850000023841858,1.850000023841858,1.850000023841858,105859
2020-01-07,1.7999999523162842,1.899999976158142,1.7999999523162842,1.899999976158142,1.899999976158142,57384
2020-01-08,1.899999976158142,1.9500000476837158,1.850000023841858,1.899999976158142,1.899999976158142,38097
2020-01-09,1.850000023841858,1.9500000476837158,1.850000023841858,1.9500000476837158,1.9500000476837158,47629
2020-01-10,1.899999976158142,1.9500000476837158,1.899999976158142,1.899999976158142,1.899999976158142,30165
2020-01-13,1.850000023841858,1.9500000476837158,1.850000023841858,1.899999976158142,1.899999976158142,54850
2020-01-14,1.899999976158142,1.9500000476837158,1.850000023841858,1.9500000476837158,1.9500000476837158,40866
2020-01-15,1.899999976158142,2.0,1.899999976158142,1.9500000476837158,1.9500000476837158,143233
2020-01-16,2.0,2.0,1.899999976158142,1.9500000476837158,1.9500000476837158,12277
2020-01-17,1.899999976158142,2.0,1.899999976158142,1.9500000476837158,1.9500000476837158,35650
2020-01-20,2.0,2.0,1.899999976158142,1.9500000476837158,1.9500000476837158,38485
2020-01-21,1.899999976158142,2.0,1.899999976158142,1.899999976158142,1.899999976158142,39208
2020-01-22,1.9500000476837158,1.9500000476837158,1.850000023841858,1.850000023841858,1.850000023841858,32946
2020-01-23,1.850000023841858,1.899999976158142,1.7999999523162842,1.899999976158142,1.899999976158142,59893
2020-01-24,1.850000023841858,1.9500000476837158,1.850000023841858,1.899999976158142,1.899999976158142,13826
2020-01-27,1.9500000476837158,1.9500000476837158,1.850000023841858,1.899999976158142,1.899999976158142,14216
2020-01-28,1.9500000476837158,1.9500000476837158,1.850000023841858,1.850000023841858,1.850000023841858,66063
2020-01-29,1.850000023841858,1.899999976158142,1.7999999523162842,1.7999999523162842,1.7999999523162842,34029
2020-01-30,1.850000023841858,1.850000023841858,1.75,1.7999999523162842,1.7999999523162842,84300
2020-01-31,1.850000023841858,1.850000023841858,1.75,1.850000023841858,1.850000023841858,28546
2020-02-03,1.7999999523162842,1.899999976158142,1.7999999523162842,1.850000023841858,1.850000023841858,55272
2020-02-04,1.899999976158142,1.899999976158142,1.7999999523162842,1.850000023841858,1.850000023841858,24817
2020-02-05,1.850000023841858,1.850000023841858,1.7999999523162842,1.850000023841858,1.850000023841858,77764
2020-02-06,1.899999976158142,1.899999976158142,1.7999999523162842,1.7999999523162842,1.7999999523162842,34617
2020-02-07,1.75,1.850000023841858,1.75,1.7999999523162842,1.7999999523162842,108301
2020-02-10,1.75,1.850000023841858,1.75,1.7999999523162842,1.7999999523162842,31186
2020-02-11,1.850000023841858,1.850000023841858,1.75,1.75,1.75,59227
2020-02-12,1.7000000476837158,1.75,1.7000000476837158,1.7000000476837158,1.7000000476837158,92275
2020-02-13,1.7000000476837158,1.75,1.649999976158142,1.75,1.75,96594
2020-02-14,1.75,1.75,1.7000000476837158,1.7000000476837158,1.7000000476837158,20560
2020-02-17,1.649999976158142,1.75,1.649999976158142,1.7000000476837158,1.7000000476837158,64663
2020-02-18,1.7000000476837158,1.75,1.649999976158142,1.649999976158142,1.649999976158142,30770
2020-02-19,1.600000023841858,1.7000000476837158,1.600000023841858,1.7000000476837158,1.7000000476837158,35014
2020-02-20,1.649999976158142,1.75,1.649999976158142,1.7000000476837158,1.7000000476837158,40202
2020-02-24,1.7000000476837158,1.75,1.649999976158142,1.649999976158142,1.649999976158142,39633
2020-02-25,1.649999976158142,1.7000000476837158,1.600000023841858,1.649999976158142,1.649999976158142,108029
2020-02-26,1.600000023841858,1.7000000476837158,1.600000023841858,1.649999976158142,1.649999976158142,56813
2020-02-27,1.7000000476837158,1.7000000476837158,1.600000023841858,1.600000023841858,1.600000023841858,48000
2020-02-28,1.5499999523162842,1.600000023841858,1.5499999523162842,1.5499999523162842,1.5499999523162842,23373
2020-03-02,1.600000023841858,1.600000023841858,1.5,1.5,1.5,27095
2020-03-03,1.5,1.5499999523162842,1.4500000476837158,1.4500000476837158,1.4500000476837158,52353
2020-03-04,1.4500000476837158,1.5,1.399999976158142,1.5,1.5,197465
2020-03-05,1.5499999523162842,1.5499999523162842,1.5,1.5499999523162842,1.5499999523162842,74311
2020-03-06,1.600000023841858,1.600000023841858,1.5,1.5499999523162842,1.5499999523162842,202886
2020-03-09,1.600000023841858,1.600000023841858,1.5,1.600000023841858,1.600000023841858,193324
2020-03-11,1.600000023841858,1.649999976158142,1.5499999523162842,1.649999976158142,1.649999976158142,240125
2020-03-12,1.649999976158142,1.649999976158142,1.600000023841858,1.600000023841858,1.600000023841858,115906
2020-03-13,1.5499999523162842,1.649999976158142,1.5499999523162842,1.600000023841858,1.600000023841858,347756
2020-03-16,1.5499999523162842,1.649999976158142,1.5499999523162842,1.649999976158142,1.649999976158142,164089
2020-03-17,1.600000023841858,1.7000000476837158,1.600000023841858,1.649999976158142,1.649999976158142,218354
2020-03-18,1.649999976158142,1.7000000476837158,1.600000023841858,1.649999976158142,1.649999976158142,235595
2020-03-19,1.7000000476837158,1.7000000476837158,1.600000023841858,1.7000000476837158,1.7000000476837158,309651
2020-03-20,1.7000000476837158,1.75,1.7000000476837158,1.75,1.75,139983
2020-03-23,1.7999999523162842,1.7999999523162842,1.7000000476837158,1.7000000476837158,1.7000000476837158,327677
2020-03-24,1.649999976158142,1.75,1.649999976158142,1.7000000476837158,1.7000000476837158,309742
2020-03-25,1.649999976158142,1.75,1.649999976158142,1.7000000476837158,1.7000000476837158,610046
2020-03-26,1.649999976158142,1.75,1.649999976158142,1.75,1.75,545756
2020-03-27,1.75,1.7999999523162842,1.7000000476837158,1.7999999523162842,1.7999999523162842,55239
2020-03-30,1.7999999523162842,1.850000023841858,1.75,1.75,1.75,145734
2020-03-31,1.7999999523162842,1.7999999523162842,1.75,1.7999999523162842,1.7999999523162842,62163
2020-04-01,1.7999999523162842,1.850000023841858,1.75,1.75,1.75,37677
2020-04-03,1.75,1.7999999523162842,1.7000000476837158,1.7999999523162842,1.7999999523162842,8841
2020-04-07,1.850000023841858,1.850000023841858,1.75,1.75,1.75,26028
2020-04-08,1.75,1.7999999523162842,1.75,1.7999999523162842,1.7999999523162842,3861
2020-04-09,1.7999999523162842,1.850000023841858,1.75,1.75,1.75,36842
2020-04-13,1.75,1.7999999523162842,1.75,1.7999999523162842,1.7999999523162842,25201
2020-04-15,1.7999999523162842,1.850000023841858,1.75,1.850000023841858,1.850000023841858,45469
2020-04-16,1.850000023841858,1.850000023841858,1.7999999523162842,1.7999999523162842,1.7999999523162842,23361
2020-04-17,1.7999999523162842,1.850000023841858,1.7999999523162842,1.850000023841858,1.850000023841858,41598
2020-04-20,1.850000023841858,1.850000023841858,1.7999999523162842,1.7999999523162842,1.7999999523162842,43151
2020-04-21,1.75,1.850000023841858,1.75,1.75,1.75,17371
2020-04-22,1.7999999523162842,1.7999999523162842,1.7000000476837158,1.7000000476837158,1.7000000476837158,58917
2020-04-23,1.7000000476837158,1.75,1.649999976158142,1.7000000476837158,1.7000000476837158,55928
2020-04-24,1.7000000476837158,1.75,1.649999976158142,1.649999976158142,1.649999976158142,42443
2020-04-27,1.7000000476837158,1.7000000476837158,1.600000023841858,1.7000000476837158,1.7000000476837158,28546
2020-04-28,1.7000000476837158,1.75,1.649999976158142,1.649999976158142,1.649999976158142,73025
2020-04-29,1.649999976158142,1.7000000476837158,1.600000023841858,1.600000023841858,1.600000023841858,129034
2020-04-30,1.600000023841858,1.649999976158142,1.5499999523162842,1.5499999523162842,1.5499999523162842,136043
2020-05-04,1.5,1.5499999523162842,1.5,1.5,1.5,226113
2020-05-05,1.5,1.5499999523162842,1.4500000476837158,1.5,1.5,178378
2020-05-06,1.5499999523162842,1.5499999523162842,1.5,1.5499999523162842,1.5499999523162842,75403
2020-05-07,1.5499999523162842,1.600000023841858,1.5,1.5,1.5,166317
2020-05-08,1.5499999523162842,1.5499999523162842,1.4500000476837158,1.5,1.5,93455
2020-05-11,1.5499999523162842,1.5499999523162842,1.4500000476837158,1.5,1.5,100788
2020-05-12,1.5499999523162842,1.5499999523162842,1.4500000476837158,1.5499999523162842,1.5499999523162842,88478
2020-05-13,1.600000023841858,1.600000023841858,1.5,1.600000023841858,1.600000023841858,46155
2020-05-14,1.649999976158142,1.649999976158142,1.5499999523162842,1.649999976158142,1.649999976158142,35650
2020-05-15,1.649999976158142,1.7000000476837158,1.600000023841858,1.7000000476837158,1.7000000476837158,51989
2020-05-18,1.75,1.75,1.649999976158142,1.649999976158142,1.649999976158142,17943
2020-05-19,1.649999976158142,1.649999976158142,1.600000023841858,1.600000023841858,1.600000023841858,18871
2020-05-20,1.5499999523162842,1.600000023841858,1.5499999523162842,1.5499999523162842,1.5499999523162842,31704
2020-05-21,1.600000023841858,1.600000023841858,1.5,1.5499999523162842,1.5499999523162842,73923
2020-05-22,1.600000023841858,1.600000023841858,1.5,1.5499999523162842,1.5499999523162842,59446
2020-05-26,1.5,1.600000023841858,1.5,1.5499999523162842,1.5499999523162842,41157
2020-05-27,1.5,1.600000023841858,1.5,1.5499999523162842,1.5499999523162842,48275
2020-05-28,1.5,1.600000023841858,1.5,1.600000023841858,1.600000023841858,147754
2020-05-29,1.5499999523162842,1.649999976158142,1.5499999523162842,1.649999976158142,1.649999976158142,71983
2020-06-01,1.600000023841858,1.7000000476837158,1.600000023841858,1.649999976158142,1.649999976158142,107086
2020-06-02,1.7000000476837158,1.7000000476837158,1.649999976158142,1.7000000476837158,1.7000000476837158,54249
2020-06-03,1.75,1.75,1.7000000476837158,1.7000000476837158,1.7000000476837158,102595
2020-06-04,1.75,1.75,1.649999976158142,1.7000000476837158,1.7000000476837158,144253
2020-06-05,1.7000000476837158,1.850000023841858,1.649999976158142,1.850000023841858,1.850000023841858,377669
2020-06-08,2.0,2.0,1.9500000476837158,2.0,2.0,120242
2020-06-09,2.200000047683716,2.200000047683716,2.0999999046325684,2.200000047683716,2.200000047683716,325744
2020-06-10,2.299999952316284,2.299999952316284,2.299999952316284,2.299999952316284,2.299999952316284,209707
2020-06-11,2.4000000953674316,2.4000000953674316,2.4000000953674316,2.4000000953674316,2.4000000953674316,66587
2020-06-12,2.5,2.5,2.299999952316284,2.5,2.5,511129
2020-06-15,2.5999999046325684,2.5999999046325684,2.5999999046325684,2.5999999046325684,2.5999999046325684,20527
2020-06-16,2.700000047683716,2.700000047683716,2.700000047683716,2.700000047683716,2.700000047683716,31718
2020-06-17,2.799999952316284,2.799999952316284,2.799999952316284,2.799999952316284,2.799999952316284,21090
2020-06-18,2.9000000953674316,2.9000000953674316,2.9000000953674316,2.9000000953674316,2.9000000953674316,65541
2020-06-19,3.0,3.0,3.0,3.0,3.0,123469
2020-06-22,3.1500000953674316,3.1500000953674316,3.1500000953674316,3.1500000953674316,3.1500000953674316,113690
2020-06-23,3.299999952316284,3.299999952316284,3.299999952316284,3.299999952316284,3.299999952316284,205334
2020-06-24,3.450000047683716,3.450000047683716,3.1500000953674316,3.4000000953674316,3.4000000953674316,608538
2020-06-25,3.5,3.5,3.25,3.25,3.25,230780
2020-06-26,3.0999999046325684,3.0999999046325684,3.0999999046325684,3.0999999046325684,3.0999999046325684,72481
2020-06-29,2.950000047683716,2.950000047683716,2.950000047683716,2.950000047683716,2.950000047683716,170587
2020-06-30,2.8499999046325684,2.8499999046325684,2.8499999046325684,2.8499999046325684,2.8499999046325684,49219
2020-07-01,2.75,2.75,2.75,2.75,2.75,38241
2020-07-02,2.6500000953674316,2.8499999046325684,2.6500000953674316,2.8499999046325684,2.8499999046325684,338952
2020-07-03,2.950000047683716,2.950000047683716,2.75,2.75,2.75,250554
2020-07-06,2.8499999046325684,2.8499999046325684,2.8499999046325684,2.8499999046325684,2.8499999046325684,208551
2020-07-07,2.950000047683716,2.950000047683716,2.9000000953674316,2.950000047683716,2.950000047683716,147383
2020-07-08,2.950000047683716,3.049999952316284,2.8499999046325684,2.8499999046325684,2.8499999046325684,175349
2020-07-09,2.75,2.950000047683716,2.75,2.8499999046325684,2.8499999046325684,152984
2020-07-10,2.8499999046325684,2.9000000953674316,2.75,2.75,2.75,123358
2020-07-13,2.6500000953674316,2.8499999046325684,2.6500000953674316,2.75,2.75,68343
2020-07-14,2.75,2.75,2.6500000953674316,2.6500000953674316,2.6500000953674316,39169
2020-07-15,2.549999952316284,2.5999999046325684,2.549999952316284,2.549999952316284,2.549999952316284,73287
2020-07-16,2.5999999046325684,2.5999999046325684,2.450000047683716,2.450000047683716,2.450000047683716,42051
2020-07-17,2.450000047683716,2.5,2.3499999046325684,2.4000000953674316,2.4000000953674316,64080
2020-07-20,2.299999952316284,2.450000047683716,2.299999952316284,2.3499999046325684,2.3499999046325684,64697
2020-07-21,2.450000047683716,2.450000047683716,2.25,2.450000047683716,2.450000047683716,24562
2020-07-22,2.3499999046325684,2.4000000953674316,2.3499999046325684,2.3499999046325684,2.3499999046325684,82049
2020-07-23,2.4000000953674316,2.4000000953674316,2.25,2.299999952316284,2.299999952316284,55546
2020-07-24,2.3499999046325684,2.4000000953674316,2.299999952316284,2.4000000953674316,2.4000000953674316,53560
2020-07-27,2.5,2.5,2.299999952316284,2.299999952316284,2.299999952316284,36530
2020-07-28,2.25,2.4000000953674316,2.200000047683716,2.25,2.25,46026
2020-07-29,2.25,2.3499999046325684,2.25,2.3499999046325684,2.3499999046325684,44064
2020-07-30,2.4000000953674316,2.450000047683716,2.25,2.25,2.25,52300
2020-07-31,2.3499999046325684,2.3499999046325684,2.200000047683716,2.25,2.25,47639
2020-08-03,2.3499999046325684,2.3499999046325684,2.1500000953674316,2.200000047683716,2.200000047683716,59685
2020-08-04,2.1500000953674316,2.299999952316284,2.0999999046325684,2.299999952316284,2.299999952316284,74212
2020-08-05,2.4000000953674316,2.4000000953674316,2.25,2.299999952316284,2.299999952316284,82796
2020-08-06,2.299999952316284,2.4000000953674316,2.25,2.3499999046325684,2.3499999046325684,83194
2020-08-07,2.299999952316284,2.450000047683716,2.299999952316284,2.450000047683716,2.450000047683716,58875
2020-08-10,2.549999952316284,2.549999952316284,2.4000000953674316,2.549999952316284,2.549999952316284,85221
2020-08-11,2.6500000953674316,2.6500000953674316,2.5,2.6500000953674316,2.6500000953674316,42990
2020-08-12,2.6500000953674316,2.75,2.549999952316284,2.75,2.75,57470
2020-08-13,2.8499999046325684,2.8499999046325684,2.700000047683716,2.799999952316284,2.799999952316284,228423
2020-08-14,2.799999952316284,2.8499999046325684,2.700000047683716,2.799999952316284,2.799999952316284,81998
2020-08-17,2.799999952316284,2.799999952316284,2.700000047683716,2.75,2.75,45309
2020-08-18,2.75,2.799999952316284,2.6500000953674316,2.6500000953674316,2.6500000953674316,123340
2020-08-19,2.549999952316284,2.700000047683716,2.549999952316284,2.6500000953674316,2.6500000953674316,82041
2020-08-20,2.6500000953674316,2.75,2.549999952316284,2.5999999046325684,2.5999999046325684,233140
2020-08-21,2.5999999046325684,2.5999999046325684,2.5,2.5,2.5,156900
2020-08-24,2.5,2.5999999046325684,2.4000000953674316,2.450000047683716,2.450000047683716,249580
2020-08-25,2.5,2.5,2.4000000953674316,2.5,2.5,45337
2020-08-26,2.5,2.5999999046325684,2.5,2.5999999046325684,2.5999999046325684,129010
2020-08-27,2.5999999046325684,2.700000047683716,2.5999999046325684,2.700000047683716,2.700000047683716,97068
2020-08-28,2.799999952316284,2.799999952316284,2.799999952316284,2.799999952316284,2.799999952316284,80788
2020-08-31,2.9000000953674316,2.9000000953674316,2.700000047683716,2.700000047683716,2.700000047683716,102228
2020-09-01,2.5999999046325684,2.6500000953674316,2.5999999046325684,2.5999999046325684,2.5999999046325684,37045
2020-09-02,2.5999999046325684,2.5999999046325684,2.5,2.5,2.5,48226
2020-09-03,2.5,2.5999999046325684,2.5,2.5999999046325684,2.5999999046325684,54814
2020-09-04,2.5999999046325684,2.6500000953674316,2.5,2.5,2.5,85994
2020-09-07,2.549999952316284,2.5999999046325684,2.4000000953674316,2.450000047683716,2.450000047683716,52033
2020-09-08,2.450000047683716,2.549999952316284,2.4000000953674316,2.4000000953674316,2.4000000953674316,118130
2020-09-09,2.450000047683716,2.5,2.3499999046325684,2.3499999046325684,2.3499999046325684,97494
2020-09-10,2.3499999046325684,2.450000047683716,2.3499999046325684,2.450000047683716,2.450000047683716,55734
2020-09-11,2.549999952316284,2.549999952316284,2.4000000953674316,2.450000047683716,2.450000047683716,78362
2020-09-14,2.450000047683716,2.549999952316284,2.3499999046325684,2.4000000953674316,2.4000000953674316,172555
2020-09-15,2.4000000953674316,2.5,2.4000000953674316,2.5,2.5,152713
2020-09-16,2.549999952316284,2.5999999046325684,2.5,2.5999999046325684,2.5999999046325684,64167
2020-09-17,2.700000047683716,2.700000047683716,2.549999952316284,2.549999952316284,2.549999952316284,187626
2020-09-18,2.549999952316284,2.5999999046325684,2.5,2.549999952316284,2.549999952316284,59713
2020-09-21,2.549999952316284,2.5999999046325684,2.5,2.549999952316284,2.549999952316284,67971
2020-09-22,2.549999952316284,2.5999999046325684,2.5,2.549999952316284,2.549999952316284,74108
2020-09-23,2.5,2.6500000953674316,2.5,2.6500000953674316,2.6500000953674316,65522
2020-09-24,2.5999999046325684,2.700000047683716,2.549999952316284,2.5999999046325684,2.5999999046325684,147383
2020-09-25,2.5999999046325684,2.6500000953674316,2.549999952316284,2.6500000953674316,2.6500000953674316,32121
2020-09-28,2.6500000953674316,2.6500000953674316,2.549999952316284,2.549999952316284,2.549999952316284,73292
2020-09-29,2.549999952316284,2.6500000953674316,2.549999952316284,2.5999999046325684,2.5999999046325684,65482
2020-09-30,2.6500000953674316,2.6500000953674316,2.549999952316284,2.6500000953674316,2.6500000953674316,47805
2020-10-01,2.6500000953674316,2.6500000953674316,2.549999952316284,2.549999952316284,2.549999952316284,107636
2020-10-05,2.6500000953674316,2.6500000953674316,2.5,2.5999999046325684,2.5999999046325684,64022
2020-10-06,2.549999952316284,2.5999999046325684,2.5,2.549999952316284,2.549999952316284,39701
2020-10-07,2.549999952316284,2.549999952316284,2.5,2.549999952316284,2.549999952316284,28215
2020-10-08,2.5,2.5,2.4000000953674316,2.5,2.5,28202
2020-10-09,2.5,2.549999952316284,2.4000000953674316,2.4000000953674316,2.4000000953674316,18942
2020-10-12,2.549999952316284,2.5999999046325684,2.4000000953674316,2.549999952316284,2.549999952316284,47588
2020-10-13,2.5999999046325684,2.6500000953674316,2.4000000953674316,2.5999999046325684,2.5999999046325684,53816
2020-10-14,2.5999999046325684,2.5999999046325684,2.4000000953674316,2.5,2.5,27879
2020-10-15,2.5,2.6500000953674316,2.3499999046325684,2.450000047683716,2.450000047683716,52270
2020-10-16,2.5,2.549999952316284,2.4000000953674316,2.549999952316284,2.549999952316284,42126
2020-10-19,2.5999999046325684,2.5999999046325684,2.4000000953674316,2.450000047683716,2.450000047683716,24223
2020-10-20,2.450000047683716,2.549999952316284,2.450000047683716,2.450000047683716,2.450000047683716,49954
2020-10-21,2.5,2.5,2.4000000953674316,2.450000047683716,2.450000047683716,9399
2020-10-22,2.4000000953674316,2.5,2.4000000953674316,2.5,2.5,18676
2020-10-23,2.4000000953674316,2.700000047683716,2.3499999046325684,2.549999952316284,2.549999952316284,58194
2020-10-26,2.450000047683716,2.5999999046325684,2.4000000953674316,2.450000047683716,2.450000047683716,23152
2020-10-27,2.450000047683716,2.5,2.4000000953674316,2.450000047683716,2.450000047683716,38753
2020-10-28,2.5,2.549999952316284,2.4000000953674316,2.450000047683716,2.450000047683716,46281
2020-10-29,2.5,2.5,2.3499999046325684,2.450000047683716,2.450000047683716,28107
2020-10-30,2.5,2.5,2.299999952316284,2.5,2.5,86810
2020-11-02,2.4000000953674316,2.5999999046325684,2.4000000953674316,2.5999999046325684,2.5999999046325684,27683
2020-11-03,2.5999999046325684,2.6500000953674316,2.3499999046325684,2.4000000953674316,2.4000000953674316,76731
2020-11-04,2.450000047683716,2.450000047683716,2.3499999046325684,2.3499999046325684,2.3499999046325684,29912
2020-11-05,2.3499999046325684,2.450000047683716,2.3499999046325684,2.450000047683716,2.450000047683716,41469
2020-11-06,2.4000000953674316,2.5999999046325684,2.4000000953674316,2.5,2.5,29590
2020-11-09,2.549999952316284,2.549999952316284,2.4000000953674316,2.4000000953674316,2.4000000953674316,15695
2020-11-10,2.4000000953674316,2.5,2.4000000953674316,2.5,2.5,43171
2020-11-11,2.5999999046325684,2.5999999046325684,2.3499999046325684,2.5,2.5,130965
2020-11-12,2.4000000953674316,2.5999999046325684,2.25,2.299999952316284,2.299999952316284,129437
2020-11-13,2.4000000953674316,2.4000000953674316,2.299999952316284,2.4000000953674316,2.4000000953674316,32362
2020-11-14,2.4000000953674316,2.450000047683716,2.4000000953674316,2.4000000953674316,2.4000000953674316,12254
2020-11-17,2.4000000953674316,2.450000047683716,2.25,2.299999952316284,2.299999952316284,109336
2020-11-18,2.3499999046325684,2.450000047683716,2.299999952316284,2.4000000953674316,2.4000000953674316,60352
2020-11-19,2.5,2.5,2.3499999046325684,2.4000000953674316,2.4000000953674316,51425
2020-11-20,2.450000047683716,2.5999999046325684,2.3499999046325684,2.5,2.5,129166
2020-11-23,2.549999952316284,2.5999999046325684,2.3499999046325684,2.5,2.5,101693
2020-11-24,2.5,2.549999952316284,2.4000000953674316,2.5,2.5,46458
2020-11-25,2.5,2.549999952316284,2.4000000953674316,2.450000047683716,2.450000047683716,132773
2020-11-26,2.5,2.5,2.299999952316284,2.4000000953674316,2.4000000953674316,129662
2020-11-27,2.450000047683716,2.549999952316284,2.4000000953674316,2.5,2.5,141346
2020-12-01,2.4000000953674316,2.5999999046325684,2.4000000953674316,2.549999952316284,2.549999952316284,52212
2020-12-02,2.5,2.700000047683716,2.450000047683716,2.549999952316284,2.549999952316284,132236
2020-12-03,2.5999999046325684,2.6500000953674316,2.5,2.5999999046325684,2.5999999046325684,130323
2020-12-04,2.5999999046325684,2.5999999046325684,2.549999952316284,2.5999999046325684,2.5999999046325684,59570
2020-12-07,2.5999999046325684,3.0999999046325684,2.5999999046325684,3.0999999046325684,3.0999999046325684,633298
2020-12-08,3.200000047683716,3.25,2.799999952316284,3.049999952316284,3.049999952316284,365012
2020-12-09,3.25,3.4000000953674316,3.049999952316284,3.299999952316284,3.299999952316284,344545
2020-12-10,3.3499999046325684,3.3499999046325684,3.049999952316284,3.299999952316284,3.299999952316284,222096
2020-12-11,3.4000000953674316,3.950000047683716,3.1500000953674316,3.9000000953674316,3.9000000953674316,1812430
2020-12-14,4.050000190734863,4.099999904632568,3.6500000953674316,3.700000047683716,3.700000047683716,761609
2020-12-15,3.799999952316284,3.799999952316284,3.4000000953674316,3.549999952316284,3.549999952316284,489544
2020-12-16,3.6500000953674316,3.9000000953674316,3.6500000953674316,3.75,3.75,482424
2020-12-17,3.8499999046325684,3.8499999046325684,3.5999999046325684,3.5999999046325684,3.5999999046325684,62368
2020-12-18,3.450000047683716,3.450000047683716,3.450000047683716,3.450000047683716,3.450000047683716,30395
2020-12-21,3.299999952316284,3.299999952316284,3.299999952316284,3.299999952316284,3.299999952316284,32082
2020-12-22,3.1500000953674316,3.1500000953674316,3.1500000953674316,3.1500000953674316,3.1500000953674316,21675
2020-12-23,3.0,3.299999952316284,3.0,3.299999952316284,3.299999952316284,153199
2020-12-24,3.450000047683716,3.450000047683716,3.1500000953674316,3.25,3.25,99842
2020-12-28,3.3499999046325684,3.3499999046325684,3.200000047683716,3.200000047683716,3.200000047683716,42011
2020-12-29,3.1500000953674316,3.3499999046325684,3.0999999046325684,3.200000047683716,3.200000047683716,80892
2020-12-30,3.200000047683716,3.299999952316284,3.0999999046325684,3.25,3.25,67460
2020-12-31,3.3499999046325684,3.3499999046325684,3.1500000953674316,3.299999952316284,3.299999952316284,75601
2021-01-01,3.299999952316284,3.4000000953674316,3.1500000953674316,3.4000000953674316,3.4000000953674316,202654
2021-01-04,3.4000000953674316,3.5,3.25,3.4000000953674316,3.4000000953674316,77708
2021-01-05,3.299999952316284,3.450000047683716,3.25,3.299999952316284,3.299999952316284,106814
2021-01-06,3.25,3.4000000953674316,3.1500000953674316,3.1500000953674316,3.1500000953674316,176528
2021-01-07,3.25,3.299999952316284,3.049999952316284,3.299999952316284,3.299999952316284,101668
2021-01-08,3.450000047683716,3.450000047683716,3.25,3.4000000953674316,3.4000000953674316,179944
2021-01-11,3.4000000953674316,3.549999952316284,3.25,3.549999952316284,3.549999952316284,285881
2021-01-12,3.5,3.6500000953674316,3.4000000953674316,3.450000047683716,3.450000047683716,150765
2021-01-13,3.3499999046325684,3.549999952316284,3.299999952316284,3.299999952316284,3.299999952316284,68680
2021-01-14,3.4000000953674316,3.450000047683716,3.200000047683716,3.200000047683716,3.200000047683716,124246
2021-01-15,3.200000047683716,3.25,3.0999999046325684,3.0999999046325684,3.0999999046325684,139976
2021-01-18,3.200000047683716,3.25,3.049999952316284,3.049999952316284,3.049999952316284,72022
2021-01-19,3.1500000953674316,3.1500000953674316,2.950000047683716,3.049999952316284,3.049999952316284,127171
2021-01-20,3.0,3.1500000953674316,2.950000047683716,3.0,3.0,157058
2021-01-21,3.0,3.049999952316284,2.8499999046325684,2.9000000953674316,2.9000000953674316,118019
2021-01-22,2.799999952316284,2.8499999046325684,2.799999952316284,2.799999952316284,2.799999952316284,213703
2021-01-25,2.8499999046325684,2.8499999046325684,2.700000047683716,2.700000047683716,2.700000047683716,89115
2021-01-27,2.5999999046325684,2.700000047683716,2.5999999046325684,2.5999999046325684,2.5999999046325684,53236
2021-01-28,2.5,2.5999999046325684,2.5,2.5,2.5,377699
2021-01-29,2.5,2.5999999046325684,2.4000000953674316,2.5999999046325684,2.5999999046325684,154006
2021-02-01,2.5999999046325684,2.700000047683716,2.5,2.6500000953674316,2.6500000953674316,113881
2021-02-02,2.5999999046325684,2.75,2.549999952316284,2.75,2.75,74682
2021-02-03,2.8499999046325684,2.8499999046325684,2.75,2.8499999046325684,2.8499999046325684,90671
2021-02-04,2.9000000953674316,2.950000047683716,2.75,2.8499999046325684,2.8499999046325684,179273
2021-02-05,2.8499999046325684,2.950000047683716,2.75,2.75,2.75,85233
2021-02-08,2.8499999046325684,2.8499999046325684,2.6500000953674316,2.6500000953674316,2.6500000953674316,87712
2021-02-09,2.75,2.75,2.5999999046325684,2.5999999046325684,2.5999999046325684,86555
2021-02-10,2.700000047683716,2.700000047683716,2.5999999046325684,2.6500000953674316,2.6500000953674316,59253
2021-02-11,2.6500000953674316,2.75,2.6500000953674316,2.700000047683716,2.700000047683716,57592
2021-02-12,2.75,2.75,2.5999999046325684,2.6500000953674316,2.6500000953674316,111328
2021-02-15,2.700000047683716,2.700000047683716,2.5999999046325684,2.5999999046325684,2.5999999046325684,90919
2021-02-16,2.700000047683716,2.700000047683716,2.5999999046325684,2.700000047683716,2.700000047683716,48699
2021-02-17,2.799999952316284,2.799999952316284,2.6500000953674316,2.799999952316284,2.799999952316284,93842
2021-02-18,2.8499999046325684,2.9000000953674316,2.75,2.8499999046325684,2.8499999046325684,162189
2021-02-19,2.9000000953674316,2.950000047683716,2.799999952316284,2.8499999046325684,2.8499999046325684,130858
2021-02-22,2.950000047683716,2.950000047683716,2.75,2.75,2.75,71656
2021-02-23,2.75,2.799999952316284,2.6500000953674316,2.75,2.75,97096
2021-02-24,2.75,2.799999952316284,2.6500000953674316,2.700000047683716,2.700000047683716,113166
2021-02-25,2.700000047683716,2.75,2.5999999046325684,2.5999999046325684,2.5999999046325684,135645
2021-02-26,2.5999999046325684,2.700000047683716,2.5999999046325684,2.5999999046325684,2.5999999046325684,95233
2021-03-01,2.5999999046325684,2.700000047683716,2.5999999046325684,2.700000047683716,2.700000047683716,64457
2021-03-02,2.799999952316284,2.799999952316284,2.5999999046325684,2.700000047683716,2.700000047683716,142807
2021-03-03,2.6500000953674316,2.75,2.6500000953674316,2.700000047683716,2.700000047683716,146126
2021-03-04,2.75,2.799999952316284,2.6500000953674316,2.6500000953674316,2.6500000953674316,56908
2021-03-05,2.6500000953674316,2.700000047683716,2.5999999046325684,2.5999999046325684,2.5999999046325684,65879
2021-03-08,2.6500000953674316,2.700000047683716,2.5999999046325684,2.6500000953674316,2.6500000953674316,92830
2021-03-09,2.6500000953674316,2.75,2.6500000953674316,2.700000047683716,2.700000047683716,142993
2021-03-10,2.6500000953674316,2.799999952316284,2.6500000953674316,2.700000047683716,2.700000047683716,97811
2021-03-12,2.75,2.75,2.6500000953674316,2.6500000953674316,2.6500000953674316,65536
2021-03-15,2.700000047683716,2.700000047683716,2.549999952316284,2.549999952316284,2.549999952316284,124854
2021-03-16,2.5,2.549999952316284,2.450000047683716,2.450000047683716,2.450000047683716,327924
2021-03-17,2.450000047683716,2.5,2.3499999046325684,2.3499999046325684,2.3499999046325684,179217
2021-03-18,2.4000000953674316,2.4000000953674316,2.25,2.25,2.25,380551
2021-03-19,2.25,2.3499999046325684,2.1500000953674316,2.299999952316284,2.299999952316284,374189
2021-03-22,2.299999952316284,2.299999952316284,2.200000047683716,2.200000047683716,2.200000047683716,276749
2021-03-23,2.200000047683716,2.299999952316284,2.200000047683716,2.200000047683716,2.200000047683716,673872
2021-03-24,2.25,2.299999952316284,2.1500000953674316,2.200000047683716,2.200000047683716,137102
2021-03-25,2.200000047683716,2.200000047683716,2.0999999046325684,2.1500000953674316,2.1500000953674316,163853
2021-03-26,2.0999999046325684,2.25,2.049999952316284,2.0999999046325684,2.0999999046325684,216934
2021-03-30,2.1500000953674316,2.1500000953674316,2.049999952316284,2.049999952316284,2.049999952316284,178701
2021-03-31,2.049999952316284,2.049999952316284,1.9500000476837158,2.049999952316284,2.049999952316284,179168
2021-04-01,2.0,2.1500000953674316,2.0,2.049999952316284,2.049999952316284,580967
2021-04-05,2.049999952316284,2.049999952316284,2.0,2.049999952316284,2.049999952316284,99789
2021-04-06,2.049999952316284,2.049999952316284,1.9500000476837158,2.0,2.0,171395
2021-04-07,2.0,2.049999952316284,1.9500000476837158,2.0,2.0,245683
2021-04-08,2.049999952316284,2.049999952316284,1.9500000476837158,2.0,2.0,60825
2021-04-09,2.0,2.0,1.9500000476837158,1.9500000476837158,1.9500000476837158,93517
2021-04-12,1.9500000476837158,2.0,1.899999976158142,1.9500000476837158,1.9500000476837158,104020
2021-04-13,1.9500000476837158,2.0,1.899999976158142,2.0,2.0,59781
2021-04-15,2.0999999046325684,2.0999999046325684,2.0,2.049999952316284,2.049999952316284,149988
2021-04-16,2.0999999046325684,2.0999999046325684,2.049999952316284,2.0999999046325684,2.0999999046325684,55550
2021-04-19,2.0999999046325684,2.0999999046325684,2.0,2.049999952316284,2.049999952316284,193358
2021-04-20,2.0999999046325684,2.1500000953674316,2.0,2.0999999046325684,2.0999999046325684,120147
2021-04-22,2.0999999046325684,2.1500000953674316,2.0999999046325684,2.0999999046325684,2.0999999046325684,61178
2021-04-23,2.0999999046325684,2.200000047683716,2.0999999046325684,2.200000047683716,2.200000047683716,111674
2021-04-26,2.200000047683716,2.299999952316284,2.200000047683716,2.299999952316284,2.299999952316284,228302
2021-04-27,2.4000000953674316,2.4000000953674316,2.4000000953674316,2.4000000953674316,2.4000000953674316,80453
2021-04-28,2.5,2.5,2.5,2.5,2.5,96624
2021-04-29,2.5999999046325684,2.5999999046325684,2.4000000953674316,2.5999999046325684,2.5999999046325684,566839
2021-04-30,2.700000047683716,2.700000047683716,2.5999999046325684,2.6500000953674316,2.6500000953674316,340725
2021-05-03,2.75,2.75,2.5999999046325684,2.75,2.75,204442
2021-05-04,2.8499999046325684,2.8499999046325684,2.700000047683716,2.75,2.75,201868
2021-05-05,2.8499999046325684,2.8499999046325684,2.700000047683716,2.75,2.75,220185
2021-05-06,2.700000047683716,2.75,2.6500000953674316,2.6500000953674316,2.6500000953674316,71085
2021-05-07,2.6500000953674316,2.700000047683716,2.549999952316284,2.5999999046325684,2.5999999046325684,126107
2021-05-10,2.700000047683716,2.700000047683716,2.5,2.5999999046325684,2.5999999046325684,138728
2021-05-11,2.6500000953674316,2.6500000953674316,2.549999952316284,2.6500000953674316,2.6500000953674316,136861
2021-05-12,2.6500000953674316,2.700000047683716,2.549999952316284,2.6500000953674316,2.6500000953674316,90208
2021-05-14,2.700000047683716,2.700000047683716,2.549999952316284,2.5999999046325684,2.5999999046325684,134901
2021-05-17,2.5999999046325684,2.700000047683716,2.549999952316284,2.700000047683716,2.700000047683716,248680
2021-05-18,2.700000047683716,2.75,2.5999999046325684,2.700000047683716,2.700000047683716,98600
2021-05-19,2.700000047683716,2.799999952316284,2.5999999046325684,2.700000047683716,2.700000047683716,133578
2021-05-20,2.6500000953674316,2.799999952316284,2.6500000953674316,2.799999952316284,2.799999952316284,167350
2021-05-21,2.9000000953674316,2.9000000953674316,2.9000000953674316,2.9000000953674316,2.9000000953674316,78557
2021-05-24,3.0,3.0,2.9000000953674316,3.0,3.0,164737
2021-05-25,3.1500000953674316,3.1500000953674316,3.0,3.1500000953674316,3.1500000953674316,199492
2021-05-26,3.299999952316284,3.299999952316284,3.25,3.299999952316284,3.299999952316284,213362
2021-05-27,3.450000047683716,3.450000047683716,3.3499999046325684,3.450000047683716,3.450000047683716,194691
2021-05-28,3.5999999046325684,3.5999999046325684,3.299999952316284,3.299999952316284,3.299999952316284,393649
2021-05-31,3.1500000953674316,3.299999952316284,3.1500000953674316,3.1500000953674316,3.1500000953674316,391753
2021-06-01,3.1500000953674316,3.299999952316284,3.0,3.25,3.25,173546
2021-06-02,3.25,3.3499999046325684,3.1500000953674316,3.299999952316284,3.299999952316284,189753
2021-06-03,3.3499999046325684,3.3499999046325684,3.200000047683716,3.299999952316284,3.299999952316284,299299
2021-06-04,3.3499999046325684,3.3499999046325684,3.200000047683716,3.25,3.25,204012
2021-06-07,3.299999952316284,3.4000000953674316,3.25,3.3499999046325684,3.3499999046325684,252273
2021-06-08,3.450000047683716,3.5,3.4000000953674316,3.450000047683716,3.450000047683716,241005
2021-06-09,3.549999952316284,3.549999952316284,3.299999952316284,3.299999952316284,3.299999952316284,460565
2021-06-10,3.299999952316284,3.4000000953674316,3.1500000953674316,3.4000000953674316,3.4000000953674316,247750
2021-06-11,3.5,3.549999952316284,3.4000000953674316,3.450000047683716,3.450000047683716,494163
2021-06-14,3.450000047683716,3.549999952316284,3.299999952316284,3.450000047683716,3.450000047683716,225144
2021-06-15,3.549999952316284,3.549999952316284,3.299999952316284,3.3499999046325684,3.3499999046325684,184037
2021-06-16,3.4000000953674316,3.5,3.3499999046325684,3.450000047683716,3.450000047683716,186701
2021-06-17,3.5,3.5,3.299999952316284,3.3499999046325684,3.3499999046325684,161802
2021-06-18,3.450000047683716,3.5,3.200000047683716,3.450000047683716,3.450000047683716,514795
2021-06-21,3.450000047683716,3.5,3.3499999046325684,3.3499999046325684,3.3499999046325684,137361
2021-06-22,3.3499999046325684,3.450000047683716,3.299999952316284,3.3499999046325684,3.3499999046325684,165207
2021-06-23,3.3499999046325684,3.5,3.3499999046325684,3.5,3.5,245663
2021-06-24,3.6500000953674316,3.6500000953674316,3.5,3.6500000953674316,3.6500000953674316,780793
2021-06-25,3.75,3.75,3.5,3.549999952316284,3.549999952316284,541552
2021-06-28,3.6500000953674316,3.700000047683716,3.4000000953674316,3.6500000953674316,3.6500000953674316,256710
2021-06-29,3.75,3.799999952316284,3.6500000953674316,3.75,3.75,316130
2021-06-30,3.75,3.799999952316284,3.5999999046325684,3.6500000953674316,3.6500000953674316,186579
2021-07-01,3.75,3.75,3.5,3.5,3.5,163492
2021-07-02,3.3499999046325684,3.6500000953674316,3.3499999046325684,3.5999999046325684,3.5999999046325684,142860
2021-07-05,3.75,3.75,3.75,3.75,3.75,123320
2021-07-06,3.9000000953674316,3.9000000953674316,3.9000000953674316,3.9000000953674316,3.9000000953674316,73735
2021-07-07,4.050000190734863,4.050000190734863,4.050000190734863,4.050000190734863,4.050000190734863,155561
2021-07-08,4.25,4.25,3.8499999046325684,4.199999809265137,4.199999809265137,548525
2021-07-09,4.300000190734863,4.300000190734863,4.0,4.0,4.0,185240
2021-07-12,4.099999904632568,4.099999904632568,3.799999952316284,3.9000000953674316,3.9000000953674316,151520
2021-07-13,4.0,4.0,3.75,3.950000047683716,3.950000047683716,126245
2021-07-14,3.799999952316284,4.0,3.799999952316284,3.9000000953674316,3.9000000953674316,147899
2021-07-15,3.950000047683716,4.0,3.75,3.75,3.75,137850
2021-07-16,3.5999999046325684,3.799999952316284,3.5999999046325684,3.700000047683716,3.700000047683716,205286
2021-07-19,3.549999952316284,3.700000047683716,3.549999952316284,3.700000047683716,3.700000047683716,118617
2021-07-20,3.75,3.75,3.5999999046325684,3.6500000953674316,3.6500000953674316,165575
2021-07-22,3.75,3.799999952316284,3.700000047683716,3.799999952316284,3.799999952316284,148324
2021-07-23,3.8499999046325684,3.950000047683716,3.700000047683716,3.799999952316284,3.799999952316284,281728
2021-07-26,3.75,3.9000000953674316,3.700000047683716,3.8499999046325684,3.8499999046325684,401005
2021-07-27,3.950000047683716,4.0,3.799999952316284,3.9000000953674316,3.9000000953674316,243472
2021-07-28,3.950000047683716,3.950000047683716,3.75,3.75,3.75,146159
2021-07-29,3.75,3.799999952316284,3.5999999046325684,3.6500000953674316,3.6500000953674316,152666
2021-07-30,3.700000047683716,3.700000047683716,3.549999952316284,3.700000047683716,3.700000047683716,115030
2021-08-02,3.75,3.8499999046325684,3.700000047683716,3.8499999046325684,3.8499999046325684,123509
2021-08-03,4.0,4.0,3.799999952316284,3.8499999046325684,3.8499999046325684,332053
2021-08-04,3.9000000953674316,3.950000047683716,3.700000047683716,3.700000047683716,3.700000047683716,250922
2021-08-05,3.700000047683716,3.799999952316284,3.549999952316284,3.75,3.75,161695
2021-08-06,3.75,4.0,3.6500000953674316,3.700000047683716,3.700000047683716,262251
2021-08-09,3.75,3.75,3.5999999046325684,3.6500000953674316,3.6500000953674316,137325
2021-08-10,3.75,3.75,3.299999952316284,3.3499999046325684,3.3499999046325684,195245
2021-08-11,3.4000000953674316,3.4000000953674316,3.049999952316284,3.299999952316284,3.299999952316284,496949
2021-08-12,3.4000000953674316,3.5999999046325684,3.4000000953674316,3.549999952316284,3.549999952316284,136164
2021-08-13,3.6500000953674316,3.6500000953674316,3.450000047683716,3.5,3.5,104498
2021-08-16,3.5999999046325684,3.5999999046325684,3.299999952316284,3.3499999046325684,3.3499999046325684,116786
2021-08-17,3.3499999046325684,3.5,3.25,3.4000000953674316,3.4000000953674316,272643
2021-08-18,3.549999952316284,3.549999952316284,3.200000047683716,3.25,3.25,191059
2021-08-20,3.299999952316284,3.450000047683716,3.1500000953674316,3.299999952316284,3.299999952316284,407454
2021-08-23,3.4000000953674316,3.4000000953674316,3.0,3.049999952316284,3.049999952316284,922622
2021-08-24,3.049999952316284,3.049999952316284,2.75,2.799999952316284,2.799999952316284,272532
2021-08-25,2.8499999046325684,3.0,2.700000047683716,2.75,2.75,888694
2021-08-26,2.799999952316284,2.799999952316284,2.5999999046325684,2.5999999046325684,2.5999999046325684,322567
2021-08-27,2.6500000953674316,2.700000047683716,2.549999952316284,2.5999999046325684,2.5999999046325684,581047
2021-08-30,2.6500000953674316,2.700000047683716,2.5999999046325684,2.5999999046325684,2.5999999046325684,934637
2021-08-31,2.6500000953674316,2.6500000953674316,2.5,2.5,2.5,294981
2021-09-01,2.5,2.549999952316284,2.4000000953674316,2.450000047683716,2.450000047683716,831957
2021-09-02,2.549999952316284,2.549999952316284,2.450000047683716,2.450000047683716,2.450000047683716,689270
2021-09-03,2.5,2.549999952316284,2.4000000953674316,2.4000000953674316,2.4000000953674316,562934
2021-09-06,2.4000000953674316,2.5,2.299999952316284,2.3499999046325684,2.3499999046325684,710699
2021-09-07,2.3499999046325684,2.450000047683716,2.299999952316284,2.450000047683716,2.450000047683716,751552
2021-09-08,2.549999952316284,2.549999952316284,2.549999952316284,2.549999952316284,2.549999952316284,298504
2021-09-09,2.6500000953674316,2.6500000953674316,2.6500000953674316,2.6500000953674316,2.6500000953674316,18936
2021-09-13,2.75,2.75,2.549999952316284,2.75,2.75,1454480
2021-09-14,2.8499999046325684,2.8499999046325684,2.8499999046325684,2.8499999046325684,2.8499999046325684,14470
2021-09-15,2.950000047683716,2.950000047683716,2.950000047683716,2.950000047683716,2.950000047683716,90378
2021-09-16,3.049999952316284,3.049999952316284,2.9000000953674316,3.049999952316284,3.049999952316284,402318
2021-09-17,3.200000047683716,3.200000047683716,3.200000047683716,3.200000047683716,3.200000047683716,149248
2021-09-20,3.200000047683716,3.3499999046325684,3.049999952316284,3.3499999046325684,3.3499999046325684,503230
2021-09-21,3.5,3.5,3.5,3.5,3.5,96079
2021-09-22,3.6500000953674316,3.6500000953674316,3.6500000953674316,3.6500000953674316,3.6500000953674316,38240
2021-09-23,3.799999952316284,3.799999952316284,3.799999952316284,3.799999952316284,3.799999952316284,93502
2021-09-24,3.950000047683716,3.950000047683716,3.6500000953674316,3.75,3.75,938035
2021-09-27,3.700000047683716,3.75,3.5999999046325684,3.5999999046325684,3.5999999046325684,194163
2021-09-28,3.549999952316284,3.549999952316284,3.450000047683716,3.450000047683716,3.450000047683716,276795
2021-09-29,3.299999952316284,3.450000047683716,3.299999952316284,3.3499999046325684,3.3499999046325684,434796
2021-09-30,3.299999952316284,3.5,3.299999952316284,3.450000047683716,3.450000047683716,148789
2021-10-01,3.3499999046325684,3.450000047683716,3.299999952316284,3.3499999046325684,3.3499999046325684,118178
2021-10-04,3.450000047683716,3.5,3.299999952316284,3.4000000953674316,3.4000000953674316,370664
2021-10-05,3.5,3.5,3.25,3.25,3.25,176189
2021-10-06,3.3499999046325684,3.3499999046325684,3.0999999046325684,3.0999999046325684,3.0999999046325684,340095
2021-10-07,3.25,3.25,2.950000047683716,3.049999952316284,3.049999952316284,425756
2021-10-08,3.0,3.200000047683716,2.950000047683716,3.1500000953674316,3.1500000953674316,370644
2021-10-11,3.1500000953674316,3.25,3.0,3.200000047683716,3.200000047683716,321298
2021-10-12,3.25,3.25,3.049999952316284,3.049999952316284,3.049999952316284,289211
2021-10-13,3.0,3.1500000953674316,3.0,3.1500000953674316,3.1500000953674316,151784
2021-10-14,3.0999999046325684,3.25,3.0999999046325684,3.200000047683716,3.200000047683716,409732
2021-10-18,3.200000047683716,3.25,3.049999952316284,3.0999999046325684,3.0999999046325684,169738
2021-10-19,3.0999999046325684,3.200000047683716,2.950000047683716,2.950000047683716,2.950000047683716,633283
2021-10-20,2.950000047683716,3.049999952316284,2.8499999046325684,3.0,3.0,111122
2021-10-21,3.0999999046325684,3.0999999046325684,2.950000047683716,3.0,3.0,55411
2021-10-22,3.0,3.049999952316284,2.9000000953674316,2.9000000953674316,2.9000000953674316,100156
2021-10-25,3.0,3.0,2.8499999046325684,2.9000000953674316,2.9000000953674316,256460
2021-10-26,2.950000047683716,3.0,2.9000000953674316,2.9000000953674316,2.9000000953674316,93113
2021-10-27,3.0,3.0,2.8499999046325684,2.9000000953674316,2.9000000953674316,42388
2021-10-28,3.0,3.0,2.799999952316284,2.799999952316284,2.799999952316284,146854
2021-10-29,2.8499999046325684,2.9000000953674316,2.700000047683716,2.9000000953674316,2.9000000953674316,215269
2021-11-01,2.9000000953674316,3.0,2.8499999046325684,2.950000047683716,2.950000047683716,69885
2021-11-02,3.049999952316284,3.049999952316284,2.9000000953674316,2.950000047683716,2.950000047683716,59560
2021-11-03,3.0,3.0,2.9000000953674316,2.9000000953674316,2.9000000953674316,30762
2021-11-04,2.9000000953674316,2.9000000953674316,2.9000000953674316,2.9000000953674316,2.9000000953674316,0
2021-11-08,2.950000047683716,3.049999952316284,2.9000000953674316,3.0,3.0,50082
2021-11-09,2.9000000953674316,3.0,2.9000000953674316,3.0,3.0,71355
2021-11-10,3.0,3.0,2.9000000953674316,2.950000047683716,2.950000047683716,112143
2021-11-11,3.0,3.0,2.9000000953674316,2.950000047683716,2.950000047683716,56319
2021-11-12,3.0,3.0,2.9000000953674316,2.950000047683716,2.950000047683716,93497
2021-11-15,2.950000047683716,3.0,2.8499999046325684,2.9000000953674316,2.9000000953674316,216937
2021-11-16,2.950000047683716,2.950000047683716,2.8499999046325684,2.9000000953674316,2.9000000953674316,66375
2021-11-17,2.8499999046325684,3.0,2.8499999046325684,3.0,3.0,89541
2021-11-18,3.0,3.0999999046325684,2.9000000953674316,2.950000047683716,2.950000047683716,154203
2021-11-22,3.0,3.0,2.9000000953674316,2.950000047683716,2.950000047683716,366327
2021-11-23,2.950000047683716,3.0,2.8499999046325684,2.8499999046325684,2.8499999046325684,144219
2021-11-24,2.9000000953674316,2.950000047683716,2.8499999046325684,2.950000047683716,2.950000047683716,120075
2021-11-25,3.0,3.049999952316284,2.950000047683716,3.049999952316284,3.049999952316284,121332
2021-11-26,3.1500000953674316,3.200000047683716,3.0999999046325684,3.200000047683716,3.200000047683716,221428
2021-11-29,3.299999952316284,3.3499999046325684,3.0999999046325684,3.299999952316284,3.299999952316284,279430
2021-11-30,3.299999952316284,3.4000000953674316,3.1500000953674316,3.1500000953674316,3.1500000953674316,137091
2021-12-01,3.0999999046325684,3.25,3.0,3.0999999046325684,3.0999999046325684,69611
2021-12-02,3.0999999046325684,3.25,3.049999952316284,3.0999999046325684,3.0999999046325684,162357
2021-12-03,3.200000047683716,3.25,3.0999999046325684,3.200000047683716,3.200000047683716,176694
2021-12-06,3.299999952316284,3.3499999046325684,3.200000047683716,3.3499999046325684,3.3499999046325684,217013
2021-12-07,3.450000047683716,3.450000047683716,3.25,3.299999952316284,3.299999952316284,201485
2021-12-08,3.4000000953674316,3.450000047683716,3.25,3.3499999046325684,3.3499999046325684,133019
2021-12-09,3.450000047683716,3.450000047683716,3.299999952316284,3.4000000953674316,3.4000000953674316,157557
2021-12-10,3.5,3.549999952316284,3.299999952316284,3.549999952316284,3.549999952316284,386975
2021-12-13,3.700000047683716,3.700000047683716,3.6500000953674316,3.700000047683716,3.700000047683716,322061
2021-12-14,3.8499999046325684,3.8499999046325684,3.799999952316284,3.8499999046325684,3.8499999046325684,129513
2021-12-15,4.0,4.0,4.0,4.0,4.0,135648
2021-12-16,4.199999809265137,4.199999809265137,4.199999809265137,4.199999809265137,4.199999809265137,155876
2021-12-17,4.400000095367432,4.400000095367432,4.0,4.0,4.0,742109
2021-12-20,4.0,4.0,3.799999952316284,3.799999952316284,3.799999952316284,110753
2021-12-21,3.6500000953674316,3.75,3.6500000953674316,3.6500000953674316,3.6500000953674316,262379
2021-12-22,3.700000047683716,3.799999952316284,3.549999952316284,3.799999952316284,3.799999952316284,59810
2021-12-23,3.950000047683716,3.950000047683716,3.950000047683716,3.950000047683716,3.950000047683716,23603
2021-12-24,4.099999904632568,4.099999904632568,4.099999904632568,4.099999904632568,4.099999904632568,131396
2021-12-27,4.300000190734863,4.300000190734863,4.300000190734863,4.300000190734863,4.300000190734863,89178
2021-12-28,4.5,4.5,4.5,4.5,4.5,87196
2021-12-29,4.699999809265137,4.699999809265137,4.699999809265137,4.699999809265137,4.699999809265137,121462
2021-12-30,4.900000095367432,4.900000095367432,4.900000095367432,4.900000095367432,4.900000095367432,99008
2021-12-31,5.099999904632568,5.099999904632568,5.099999904632568,5.099999904632568,5.099999904632568,56581
2022-01-03,5.349999904632568,5.349999904632568,5.349999904632568,5.349999904632568,5.349999904632568,49805
2022-01-04,5.599999904632568,5.599999904632568,5.099999904632568,5.099999904632568,5.099999904632568,1487632
2022-01-05,4.849999904632568,5.349999904632568,4.849999904632568,5.349999904632568,5.349999904632568,607542
2022-01-06,5.599999904632568,5.599999904632568,5.599999904632568,5.599999904632568,5.599999904632568,131008
2022-01-07,5.849999904632568,5.849999904632568,5.849999904632568,5.849999904632568,5.849999904632568,100420
2022-01-10,6.099999904632568,6.099999904632568,6.099999904632568,6.099999904632568,6.099999904632568,90172
2022-01-11,6.400000095367432,6.400000095367432,6.400000095367432,6.400000095367432,6.400000095367432,78535
2022-01-12,6.599999904632568,6.599999904632568,6.099999904632568,6.099999904632568,6.099999904632568,755277
2022-01-13,5.800000190734863,5.800000190734863,5.800000190734863,5.800000190734863,5.800000190734863,166981
2022-01-14,5.550000190734863,5.550000190734863,5.550000190734863,5.550000190734863,5.550000190734863,153878
2022-01-17,5.300000190734863,5.800000190734863,5.300000190734863,5.800000190734863,5.800000190734863,758497
2022-01-18,6.050000190734863,6.050000190734863,5.550000190734863,5.550000190734863,5.550000190734863,943287
2022-01-19,5.300000190734863,5.300000190734863,5.300000190734863,5.300000190734863,5.300000190734863,151038
2022-01-20,5.050000190734863,5.5,5.050000190734863,5.050000190734863,5.050000190734863,428833
2022-01-21,4.800000190734863,5.050000190734863,4.800000190734863,4.900000095367432,4.900000095367432,431970
2022-01-24,4.699999809265137,5.0,4.699999809265137,4.699999809265137,4.699999809265137,78834
2022-01-25,4.5,4.75,4.5,4.599999904632568,4.599999904632568,257433
2022-01-27,4.550000190734863,4.650000095367432,4.400000095367432,4.400000095367432,4.400000095367432,379236
2022-01-28,4.550000190734863,4.599999904632568,4.5,4.599999904632568,4.599999904632568,112773
2022-01-31,4.800000190734863,4.800000190734863,4.800000190734863,4.800000190734863,4.800000190734863,51373
2022-02-01,5.0,5.0,4.650000095367432,5.0,5.0,535080
2022-02-02,5.150000095367432,5.150000095367432,4.75,5.050000190734863,5.050000190734863,184019
2022-02-03,5.0,5.25,4.849999904632568,4.949999809265137,4.949999809265137,342310
2022-02-04,5.150000095367432,5.150000095367432,4.949999809265137,5.099999904632568,5.099999904632568,159098
2022-02-07,5.150000095367432,5.150000095367432,4.849999904632568,5.0,5.0,349061
2022-02-08,5.150000095367432,5.150000095367432,4.75,4.800000190734863,4.800000190734863,203969
2022-02-09,4.599999904632568,5.0,4.599999904632568,4.949999809265137,4.949999809265137,275754
2022-02-10,5.150000095367432,5.150000095367432,4.75,5.150000095367432,5.150000095367432,292994
2022-02-11,5.199999809265137,5.199999809265137,4.900000095367432,4.949999809265137,4.949999809265137,264287
2022-02-14,4.849999904632568,5.150000095367432,4.75,5.099999904632568,5.099999904632568,650144
2022-02-15,5.349999904632568,5.349999904632568,4.849999904632568,5.150000095367432,5.150000095367432,463796
2022-02-16,5.25,5.400000095367432,5.199999809265137,5.400000095367432,5.400000095367432,316472
2022-02-17,5.650000095367432,5.650000095367432,5.550000190734863,5.650000095367432,5.650000095367432,711246
2022-02-18,5.800000190734863,5.900000095367432,5.400000095367432,5.900000095367432,5.900000095367432,260880
2022-02-21,6.150000095367432,6.150000095367432,6.150000095367432,6.150000095367432,6.150000095367432,161996
2022-02-22,6.449999809265137,6.449999809265137,5.900000095367432,6.449999809265137,6.449999809265137,784852
2022-02-23,6.449999809265137,6.75,6.449999809265137,6.75,6.75,342816
2022-02-24,6.849999904632568,6.849999904632568,6.449999809265137,6.449999809265137,6.449999809265137,564630
2022-02-25,6.150000095367432,6.75,6.150000095367432,6.150000095367432,6.150000095367432,701930
2022-02-28,5.849999904632568,6.400000095367432,5.849999904632568,6.050000190734863,6.050000190734863,597030
2022-03-02,5.75,6.050000190734863,5.75,5.75,5.75,270879
2022-03-03,5.550000190734863,5.75,5.5,5.5,5.5,239164
2022-03-04,5.25,5.75,5.25,5.75,5.75,533410
2022-03-07,5.949999809265137,5.949999809265137,5.5,5.650000095367432,5.650000095367432,252686
2022-03-08,5.849999904632568,5.849999904632568,5.449999809265137,5.699999809265137,5.699999809265137,181951
2022-03-09,5.849999904632568,5.949999809265137,5.599999904632568,5.949999809265137,5.949999809265137,196342
2022-03-10,6.150000095367432,6.199999809265137,5.849999904632568,6.199999809265137,6.199999809265137,240498
2022-03-11,6.400000095367432,6.400000095367432,6.050000190734863,6.150000095367432,6.150000095367432,132662
2022-03-14,6.449999809265137,6.449999809265137,6.150000095367432,6.199999809265137,6.199999809265137,160475
2022-03-15,6.349999904632568,6.5,6.099999904632568,6.099999904632568,6.099999904632568,236701
2022-03-16,6.300000190734863,6.300000190734863,6.050000190734863,6.099999904632568,6.099999904632568,82321
2022-03-17,6.300000190734863,6.300000190734863,5.849999904632568,5.900000095367432,5.900000095367432,136519
2022-03-21,5.699999809265137,6.099999904632568,5.699999809265137,5.949999809265137,5.949999809265137,177433
2022-03-22,6.0,6.150000095367432,5.75,6.050000190734863,6.050000190734863,203708
2022-03-23,6.300000190734863,6.300000190734863,5.849999904632568,5.849999904632568,5.849999904632568,149994
2022-03-24,5.75,6.0,5.599999904632568,5.599999904632568,5.599999904632568,458530
2022-03-25,5.800000190734863,5.800000190734863,5.599999904632568,5.699999809265137,5.699999809265137,117246
2022-03-28,5.900000095367432,5.949999809265137,5.699999809265137,5.949999809265137,5.949999809265137,162914
2022-03-29,5.949999809265137,6.199999809265137,5.699999809265137,5.900000095367432,5.900000095367432,460935
2022-03-30,5.75,6.150000095367432,5.650000095367432,5.699999809265137,5.699999809265137,469545
2022-03-31,5.900000095367432,5.900000095367432,5.449999809265137,5.550000190734863,5.550000190734863,315403
2022-04-01,5.599999904632568,5.800000190734863,5.449999809265137,5.800000190734863,5.800000190734863,183337
2022-04-04,5.949999809265137,6.050000190734863,5.900000095367432,6.050000190734863,6.050000190734863,225008
2022-04-05,6.349999904632568,6.349999904632568,6.099999904632568,6.349999904632568,6.349999904632568,694441
2022-04-06,6.550000190734863,6.650000095367432,6.5,6.650000095367432,6.650000095367432,529055
2022-04-07,7.300000190734863,7.300000190734863,7.050000190734863,7.300000190734863,7.300000190734863,874466
2022-04-08,7.949999809265137,8.0,7.199999809265137,8.0,8.0,2282254
2022-04-11,8.699999809265137,8.800000190734863,8.699999809265137,8.800000190734863,8.800000190734863,465422
2022-04-12,9.199999809265137,9.199999809265137,8.399999618530273,9.199999809265137,9.199999809265137,3249345
2022-04-13,9.449999809265137,9.649999618530273,9.399999618530273,9.649999618530273,9.649999618530273,1026515
2022-04-18,9.699999809265137,10.100000381469727,9.5,10.100000381469727,10.100000381469727,843882
2022-04-19,10.550000190734863,10.600000381469727,10.449999809265137,10.600000381469727,10.600000381469727,885793
2022-04-20,10.699999809265137,10.699999809265137,10.100000381469727,10.100000381469727,10.100000381469727,845590
2022-04-21,9.600000381469727,9.600000381469727,9.600000381469727,9.600000381469727,9.600000381469727,214228
2022-04-22,9.149999618530273,9.149999618530273,9.149999618530273,9.149999618530273,9.149999618530273,124987
2022-04-25,8.699999809265137,8.699999809265137,8.699999809265137,8.699999809265137,8.699999809265137,78630
2022-04-26,8.300000190734863,8.300000190734863,8.300000190734863,8.300000190734863,8.300000190734863,103075
2022-04-27,7.900000095367432,7.900000095367432,7.900000095367432,7.900000095367432,7.900000095367432,109490
2022-04-28,7.550000190734863,8.25,7.550000190734863,8.25,8.25,1196664
2022-04-29,8.199999809265137,8.199999809265137,7.849999904632568,7.849999904632568,7.849999904632568,636514
2022-05-02,7.5,7.949999809265137,7.5,7.599999904632568,7.599999904632568,290654
2022-05-04,7.349999904632568,7.400000095367432,7.25,7.25,7.25,233778
2022-05-05,7.0,7.5,6.900000095367432,7.199999809265137,7.199999809265137,371854
2022-05-06,6.900000095367432,7.199999809265137,6.849999904632568,6.949999809265137,6.949999809265137,271146
2022-05-09,6.75,6.800000190734863,6.650000095367432,6.650000095367432,6.650000095367432,130767
2022-05-10,6.349999904632568,6.650000095367432,6.349999904632568,6.349999904632568,6.349999904632568,174937
2022-05-11,6.099999904632568,6.349999904632568,6.050000190734863,6.050000190734863,6.050000190734863,195001
2022-05-12,5.800000190734863,5.900000095367432,5.75,5.75,5.75,137478
2022-05-13,5.699999809265137,6.0,5.5,6.0,6.0,167352
2022-05-16,6.300000190734863,6.300000190734863,6.150000095367432,6.300000190734863,6.300000190734863,87815
2022-05-17,6.5,6.599999904632568,6.5,6.599999904632568,6.599999904632568,89177
2022-05-18,6.800000190734863,6.900000095367432,6.800000190734863,6.900000095367432,6.900000095367432,117222
2022-05-19,7.0,7.0,6.599999904632568,6.800000190734863,6.800000190734863,277161
2022-05-20,7.050000190734863,7.099999904632568,6.949999809265137,7.099999904632568,7.099999904632568,116066
2022-05-23,7.449999809265137,7.449999809265137,6.75,6.900000095367432,6.900000095367432,324201
2022-05-24,6.900000095367432,7.0,6.599999904632568,6.699999809265137,6.699999809265137,130107
2022-05-25,6.800000190734863,6.800000190734863,6.400000095367432,6.400000095367432,6.400000095367432,100427
2022-05-26,6.25,6.650000095367432,6.099999904632568,6.550000190734863,6.550000190734863,187696
2022-05-27,6.550000190734863,6.849999904632568,6.300000190734863,6.75,6.75,150743
2022-05-30,6.900000095367432,7.050000190734863,6.599999904632568,6.800000190734863,6.800000190734863,296453
2022-05-31,6.5,6.5,6.5,6.5,6.5,108303
2022-06-01,6.199999809265137,6.199999809265137,6.199999809265137,6.199999809265137,6.199999809265137,129763
2022-06-02,5.900000095367432,6.25,5.900000095367432,6.0,6.0,303206
2022-06-03,5.900000095367432,6.199999809265137,5.699999809265137,5.849999904632568,5.849999904632568,272725
2022-06-06,5.650000095367432,6.099999904632568,5.599999904632568,6.099999904632568,6.099999904632568,154958
2022-06-07,6.25,6.25,5.800000190734863,5.849999904632568,5.849999904632568,167959
2022-06-08,6.0,6.0,5.650000095367432,5.900000095367432,5.900000095367432,101816
2022-06-09,6.099999904632568,6.099999904632568,5.699999809265137,5.849999904632568,5.849999904632568,150812
2022-06-10,5.650000095367432,5.949999809265137,5.599999904632568,5.699999809265137,5.699999809265137,204771
2022-06-13,5.849999904632568,5.849999904632568,5.449999809265137,5.449999809265137,5.449999809265137,206127
2022-06-14,5.650000095367432,5.699999809265137,5.300000190734863,5.5,5.5,95626
2022-06-15,5.650000095367432,5.75,5.349999904632568,5.699999809265137,5.699999809265137,85563
2022-06-16,5.900000095367432,5.900000095367432,5.449999809265137,5.449999809265137,5.449999809265137,84937
2022-06-17,5.199999809265137,5.550000190734863,5.199999809265137,5.199999809265137,5.199999809265137,170618
2022-06-20,5.0,5.349999904632568,4.949999809265137,4.949999809265137,4.949999809265137,182075
2022-06-21,4.949999809265137,5.0,4.75,4.800000190734863,4.800000190734863,332648
2022-06-22,4.949999809265137,5.0,4.849999904632568,5.0,5.0,179548
2022-06-23,5.050000190734863,5.25,5.0,5.25,5.25,93238
2022-06-24,5.5,5.5,5.300000190734863,5.5,5.5,222390
2022-06-27,5.599999904632568,5.75,5.5,5.599999904632568,5.599999904632568,451613
2022-06-28,5.449999809265137,5.650000095367432,5.349999904632568,5.349999904632568,5.349999904632568,176848
2022-06-29,5.150000095367432,5.449999809265137,5.099999904632568,5.150000095367432,5.150000095367432,192438
2022-06-30,5.199999809265137,5.400000095367432,5.099999904632568,5.400000095367432,5.400000095367432,367141
2022-07-01,5.550000190734863,5.550000190734863,5.150000095367432,5.25,5.25,316850
2022-07-04,5.25,5.5,5.099999904632568,5.5,5.5,782728
2022-07-05,5.75,5.75,5.449999809265137,5.75,5.75,771731
2022-07-06,5.949999809265137,6.0,5.800000190734863,6.0,6.0,305817
2022-07-07,6.300000190734863,6.300000190734863,6.300000190734863,6.300000190734863,6.300000190734863,178788
2022-07-08,6.599999904632568,6.599999904632568,6.0,6.0,6.0,809589
2022-07-11,5.900000095367432,6.25,5.800000190734863,6.099999904632568,6.099999904632568,338878
2022-07-12,6.150000095367432,6.300000190734863,6.0,6.150000095367432,6.150000095367432,203416
2022-07-13,6.300000190734863,6.349999904632568,6.099999904632568,6.099999904632568,6.099999904632568,110115
2022-07-14,6.0,6.150000095367432,5.949999809265137,6.0,6.0,66677
2022-07-15,5.900000095367432,6.150000095367432,5.849999904632568,5.900000095367432,5.900000095367432,114682
2022-07-18,5.949999809265137,6.050000190734863,5.800000190734863,5.849999904632568,5.849999904632568,115744
2022-07-19,5.849999904632568,6.099999904632568,5.75,6.099999904632568,6.099999904632568,247206
2022-07-20,6.099999904632568,6.300000190734863,5.900000095367432,6.0,6.0,229161
2022-07-21,6.0,6.099999904632568,5.900000095367432,5.900000095367432,5.900000095367432,96750
2022-07-22,5.949999809265137,6.0,5.800000190734863,5.849999904632568,5.849999904632568,155810
2022-07-25,5.75,6.0,5.75,5.849999904632568,5.849999904632568,188011
2022-07-26,5.849999904632568,6.050000190734863,5.800000190734863,5.949999809265137,5.949999809265137,159575
2022-07-27,5.949999809265137,5.949999809265137,5.849999904632568,5.849999904632568,5.849999904632568,101758
2022-07-28,5.849999904632568,5.900000095367432,5.800000190734863,5.800000190734863,5.800000190734863,81531
2022-07-29,5.849999904632568,5.900000095367432,5.550000190734863,5.650000095367432,5.650000095367432,503498
2022-08-01,5.75,5.900000095367432,5.650000095367432,5.849999904632568,5.849999904632568,239147
2022-08-02,5.900000095367432,6.099999904632568,5.800000190734863,5.900000095367432,5.900000095367432,210661
2022-08-03,5.900000095367432,6.099999904632568,5.650000095367432,5.650000095367432,5.650000095367432,519535
2022-08-04,5.5,5.900000095367432,5.400000095367432,5.75,5.75,471166
2022-08-05,6.0,6.0,5.699999809265137,5.800000190734863,5.800000190734863,119293
2022-08-08,5.949999809265137,5.949999809265137,5.699999809265137,5.800000190734863,5.800000190734863,163461
2022-08-10,5.699999809265137,5.800000190734863,5.400000095367432,5.599999904632568,5.599999904632568,189289
2022-08-11,5.699999809265137,5.699999809265137,5.400000095367432,5.5,5.5,281251
2022-08-12,5.599999904632568,5.599999904632568,5.400000095367432,5.5,5.5,218141
2022-08-16,5.5,5.699999809265137,5.400000095367432,5.449999809265137,5.449999809265137,154303
2022-08-17,5.449999809265137,5.550000190734863,5.050000190734863,5.300000190734863,5.300000190734863,443807
2022-08-18,5.449999809265137,5.449999809265137,5.25,5.25,5.25,240145
2022-08-19,5.5,5.75,5.300000190734863,5.75,5.75,1282683
2022-08-22,6.0,6.0,5.599999904632568,5.650000095367432,5.650000095367432,384918
2022-08-23,5.650000095367432,5.900000095367432,5.550000190734863,5.699999809265137,5.699999809265137,409190
2022-08-24,5.800000190734863,6.25,5.599999904632568,6.25,6.25,1051271
2022-08-25,6.550000190734863,6.849999904632568,6.099999904632568,6.349999904632568,6.349999904632568,1214874
2022-08-26,6.400000095367432,6.449999809265137,6.300000190734863,6.349999904632568,6.349999904632568,204626
2022-08-29,6.349999904632568,6.949999809265137,6.050000190734863,6.949999809265137,6.949999809265137,1160209
2022-08-30,7.25,7.599999904632568,7.25,7.599999904632568,7.599999904632568,968271
2022-09-01,7.599999904632568,7.949999809265137,7.300000190734863,7.949999809265137,7.949999809265137,717102
2022-09-02,8.149999618530273,8.300000190734863,7.599999904632568,7.599999904632568,7.599999904632568,1833206
2022-09-05,7.800000190734863,7.849999904632568,7.25,7.25,7.25,596371
2022-09-06,7.099999904632568,7.300000190734863,6.900000095367432,6.900000095367432,6.900000095367432,1332230
2022-09-07,6.699999809265137,7.0,6.599999904632568,6.599999904632568,6.599999904632568,711897
2022-09-08,6.400000095367432,6.599999904632568,6.300000190734863,6.349999904632568,6.349999904632568,892828
2022-09-09,6.550000190734863,6.599999904632568,6.050000190734863,6.150000095367432,6.150000095367432,1157786
2022-09-12,6.150000095367432,6.150000095367432,6.150000095367432,6.150000095367432,6.150000095367432,0
2022-09-13,6.75,6.75,6.25,6.5,6.5,532550
2022-09-14,6.199999809265137,6.599999904632568,6.199999809265137,6.349999904632568,6.349999904632568,187982
2022-09-15,6.5,6.550000190734863,6.050000190734863,6.199999809265137,6.199999809265137,316078
2022-09-16,6.349999904632568,6.5,6.099999904632568,6.349999904632568,6.349999904632568,358548
2022-09-19,6.650000095367432,6.650000095367432,6.349999904632568,6.650000095367432,6.650000095367432,85893
2022-09-20,6.949999809265137,6.949999809265137,6.650000095367432,6.900000095367432,6.900000095367432,401430
2022-09-21,7.0,7.0,6.599999904632568,6.650000095367432,6.650000095367432,97295
2022-09-22,6.849999904632568,6.849999904632568,6.400000095367432,6.5,6.5,86308
2022-09-23,6.650000095367432,6.650000095367432,6.199999809265137,6.400000095367432,6.400000095367432,141537
2022-09-26,6.599999904632568,6.599999904632568,6.099999904632568,6.099999904632568,6.099999904632568,216773
2022-09-27,6.0,6.349999904632568,5.800000190734863,6.150000095367432,6.150000095367432,188246
2022-09-28,6.050000190734863,6.349999904632568,5.949999809265137,6.050000190734863,6.050000190734863,76152
2022-09-29,6.25,6.25,5.75,5.949999809265137,5.949999809265137,138413
2022-09-30,5.900000095367432,6.099999904632568,5.800000190734863,6.050000190734863,6.050000190734863,218173
2022-10-03,6.050000190734863,6.050000190734863,5.800000190734863,5.900000095367432,5.900000095367432,58437
2022-10-04,6.0,6.0,5.75,5.849999904632568,5.849999904632568,66993
2022-10-06,5.900000095367432,6.099999904632568,5.800000190734863,5.900000095367432,5.900000095367432,204166
2022-10-07,6.050000190734863,6.050000190734863,5.800000190734863,5.949999809265137,5.949999809265137,139724
2022-10-10,5.949999809265137,5.949999809265137,5.699999809265137,5.800000190734863,5.800000190734863,113462
2022-10-11,5.900000095367432,5.900000095367432,5.650000095367432,5.75,5.75,54619
2022-10-12,5.75,5.75,5.550000190734863,5.599999904632568,5.599999904632568,139575
2022-10-13,5.550000190734863,5.599999904632568,5.349999904632568,5.400000095367432,5.400000095367432,150514
2022-10-14,5.400000095367432,5.550000190734863,5.349999904632568,5.349999904632568,5.349999904632568,51538
2022-10-17,5.349999904632568,5.550000190734863,5.099999904632568,5.150000095367432,5.150000095367432,374150
2022-10-18,5.150000095367432,5.349999904632568,5.050000190734863,5.199999809265137,5.199999809265137,114247
2022-10-19,5.300000190734863,5.349999904632568,5.0,5.25,5.25,175803
2022-10-20,5.25,5.5,5.199999809265137,5.400000095367432,5.400000095367432,118043
2022-10-21,5.550000190734863,5.650000095367432,5.400000095367432,5.449999809265137,5.449999809265137,142747
2022-10-24,5.449999809265137,5.449999809265137,5.449999809265137,5.449999809265137,5.449999809265137,0
2022-10-25,5.550000190734863,5.550000190734863,5.300000190734863,5.300000190734863,5.300000190734863,63615
2022-10-27,5.449999809265137,5.449999809265137,5.25,5.400000095367432,5.400000095367432,165069
2022-10-28,5.400000095367432,5.400000095367432,5.199999809265137,5.300000190734863,5.300000190734863,73509
2022-10-31,5.349999904632568,5.349999904632568,5.050000190734863,5.099999904632568,5.099999904632568,164971
2022-11-01,5.150000095367432,5.25,5.050000190734863,5.199999809265137,5.199999809265137,42823
2022-11-02,5.199999809265137,5.449999809265137,5.099999904632568,5.449999809265137,5.449999809265137,234860
2022-11-03,5.449999809265137,5.5,5.349999904632568,5.400000095367432,5.400000095367432,70683
2022-11-04,5.5,5.5,5.300000190734863,5.400000095367432,5.400000095367432,77396
2022-11-07,5.449999809265137,5.449999809265137,5.25,5.300000190734863,5.300000190734863,71193
2022-11-09,5.300000190734863,5.400000095367432,5.150000095367432,5.300000190734863,5.300000190734863,155320
2022-11-10,5.150000095367432,5.349999904632568,5.150000095367432,5.300000190734863,5.300000190734863,24358
2022-11-11,5.349999904632568,5.349999904632568,5.050000190734863,5.199999809265137,5.199999809265137,149292
2022-11-14,5.300000190734863,5.300000190734863,5.150000095367432,5.199999809265137,5.199999809265137,53960
2022-11-15,5.25,5.300000190734863,5.099999904632568,5.199999809265137,5.199999809265137,63967
2022-11-16,5.099999904632568,5.199999809265137,5.099999904632568,5.150000095367432,5.150000095367432,45602
2022-11-17,5.199999809265137,5.199999809265137,5.050000190734863,5.099999904632568,5.099999904632568,60490
2022-11-18,5.099999904632568,5.199999809265137,4.849999904632568,4.849999904632568,4.849999904632568,173830
2022-11-21,4.699999809265137,5.0,4.699999809265137,4.949999809265137,4.949999809265137,107657
2022-11-22,4.849999904632568,5.0,4.75,4.800000190734863,4.800000190734863,138999
2022-11-23,4.849999904632568,4.949999809265137,4.650000095367432,4.900000095367432,4.900000095367432,236161
2022-11-24,4.900000095367432,5.099999904632568,4.900000095367432,5.099999904632568,5.099999904632568,73659
2022-11-25,5.25,5.300000190734863,4.900000095367432,4.949999809265137,4.949999809265137,113930
2022-11-28,4.900000095367432,5.0,4.800000190734863,4.800000190734863,4.800000190734863,135766
2022-11-29,4.900000095367432,4.900000095367432,4.800000190734863,4.849999904632568,4.849999904632568,45291
2022-11-30,4.949999809265137,4.949999809265137,4.75,4.900000095367432,4.900000095367432,109480
2022-12-01,5.0,5.0,4.849999904632568,4.849999904632568,4.849999904632568,161048
2022-12-02,4.849999904632568,5.050000190734863,4.849999904632568,4.949999809265137,4.949999809265137,91305
2022-12-05,5.150000095367432,5.150000095367432,4.900000095367432,5.050000190734863,5.050000190734863,117725
2022-12-06,5.150000095367432,5.300000190734863,5.099999904632568,5.199999809265137,5.199999809265137,212193
2022-12-07,5.400000095367432,5.400000095367432,5.150000095367432,5.199999809265137,5.199999809265137,48145
2022-12-08,5.199999809265137,5.300000190734863,5.150000095367432,5.199999809265137,5.199999809265137,62532
2022-12-09,5.25,5.25,5.0,5.099999904632568,5.099999904632568,157481
2022-12-12,5.300000190734863,5.300000190734863,5.050000190734863,5.199999809265137,5.199999809265137,133471
2022-12-13,5.199999809265137,5.25,5.150000095367432,5.25,5.25,155049
2022-12-14,5.300000190734863,5.300000190734863,5.099999904632568,5.099999904632568,5.099999904632568,194677
2022-12-15,5.150000095367432,5.150000095367432,5.050000190734863,5.050000190734863,5.050000190734863,37125
2022-12-16,5.099999904632568,5.150000095367432,5.0,5.150000095367432,5.150000095367432,61750
2022-12-19,5.150000095367432,5.199999809265137,5.050000190734863,5.099999904632568,5.099999904632568,53557
2022-12-20,5.099999904632568,5.199999809265137,5.099999904632568,5.150000095367432,5.150000095367432,88125
2022-12-21,5.25,5.25,5.0,5.050000190734863,5.050000190734863,111962
2022-12-22,5.150000095367432,5.150000095367432,4.800000190734863,4.800000190734863,4.800000190734863,289365
2022-12-23,4.599999904632568,4.800000190734863,4.599999904632568,4.599999904632568,4.599999904632568,188744
2022-12-26,4.699999809265137,4.800000190734863,4.599999904632568,4.800000190734863,4.800000190734863,117918
2022-12-27,4.900000095367432,5.0,4.849999904632568,5.0,5.0,292506
2022-12-28,5.050000190734863,5.099999904632568,4.75,4.849999904632568,4.849999904632568,340028
2022-12-29,4.900000095367432,5.050000190734863,4.800000190734863,5.050000190734863,5.050000190734863,298326
2022-12-30,5.300000190734863,5.300000190734863,5.050000190734863,5.099999904632568,5.099999904632568,170645
2023-01-02,5.300000190734863,5.300000190734863,5.0,5.0,5.0,135831
2023-01-03,5.0,5.099999904632568,4.949999809265137,5.0,5.0,80918
2023-01-04,5.050000190734863,5.099999904632568,4.900000095367432,5.0,5.0,80712
2023-01-05,5.050000190734863,5.099999904632568,4.949999809265137,5.050000190734863,5.050000190734863,237069
2023-01-06,5.099999904632568,5.150000095367432,4.949999809265137,5.050000190734863,5.050000190734863,58865
2023-01-09,5.0,5.150000095367432,4.900000095367432,4.949999809265137,4.949999809265137,145377
2023-01-10,4.949999809265137,5.0,4.75,4.800000190734863,4.800000190734863,353787
2023-01-11,4.849999904632568,4.949999809265137,4.800000190734863,4.900000095367432,4.900000095367432,59964
2023-01-12,4.949999809265137,5.099999904632568,4.650000095367432,4.75,4.75,204251
2023-01-13,4.800000190734863,4.949999809265137,4.75,4.949999809265137,4.949999809265137,299179
2023-01-16,4.949999809265137,5.0,4.849999904632568,4.849999904632568,4.849999904632568,163420
2023-01-17,4.900000095367432,5.050000190734863,4.800000190734863,4.849999904632568,4.849999904632568,126274
2023-01-18,4.900000095367432,4.900000095367432,4.75,4.849999904632568,4.849999904632568,92821
2023-01-19,4.849999904632568,4.849999904632568,4.75,4.800000190734863,4.800000190734863,62491
2023-01-20,4.800000190734863,4.949999809265137,4.75,4.849999904632568,4.849999904632568,179583
2023-01-23,4.900000095367432,5.050000190734863,4.800000190734863,5.0,5.0,261690
2023-01-24,5.050000190734863,5.050000190734863,4.849999904632568,4.900000095367432,4.900000095367432,121353
2023-01-25,4.849999904632568,4.900000095367432,4.75,4.800000190734863,4.800000190734863,130650
2023-01-27,4.849999904632568,4.849999904632568,4.599999904632568,4.699999809265137,4.699999809265137,332371
2023-01-30,4.75,4.75,4.550000190734863,4.699999809265137,4.699999809265137,94082
2023-01-31,4.75,4.75,4.5,4.5,4.5,530552
2023-02-01,4.5,4.699999809265137,4.400000095367432,4.550000190734863,4.550000190734863,478127
2023-02-02,4.599999904632568,4.599999904632568,4.400000095367432,4.449999809265137,4.449999809265137,178395
2023-02-03,4.400000095367432,4.550000190734863,4.400000095367432,4.400000095367432,4.400000095367432,77785
2023-02-06,4.5,4.5,4.349999904632568,4.449999809265137,4.449999809265137,56564
2023-02-07,4.550000190734863,4.550000190734863,4.449999809265137,4.5,4.5,75428
2023-02-08,4.550000190734863,4.599999904632568,4.5,4.550000190734863,4.550000190734863,38123
2023-02-09,4.599999904632568,4.599999904632568,4.400000095367432,4.5,4.5,43296
2023-02-10,4.550000190734863,4.550000190734863,4.449999809265137,4.5,4.5,43746
2023-02-13,4.650000095367432,4.949999809265137,4.550000190734863,4.650000095367432,4.650000095367432,424840
2023-02-14,4.650000095367432,4.699999809265137,4.449999809265137,4.5,4.5,214883
2023-02-15,4.5,4.699999809265137,4.449999809265137,4.550000190734863,4.550000190734863,77426
2023-02-16,4.650000095367432,4.650000095367432,4.449999809265137,4.5,4.5,74377
2023-02-17,4.5,4.75,4.400000095367432,4.650000095367432,4.650000095367432,89565
2023-02-20,4.650000095367432,4.650000095367432,4.449999809265137,4.550000190734863,4.550000190734863,51863
2023-02-21,4.599999904632568,4.800000190734863,4.5,4.699999809265137,4.699999809265137,249533
2023-02-22,4.849999904632568,4.849999904632568,4.550000190734863,4.599999904632568,4.599999904632568,124354
2023-02-23,4.599999904632568,4.699999809265137,4.5,4.550000190734863,4.550000190734863,130160
2023-02-24,4.599999904632568,4.699999809265137,4.5,4.599999904632568,4.599999904632568,107821
2023-02-27,4.650000095367432,4.650000095367432,4.449999809265137,4.550000190734863,4.550000190734863,72036
2023-02-28,4.650000095367432,4.650000095367432,4.449999809265137,4.449999809265137,4.449999809265137,90992
2023-03-01,4.449999809265137,4.599999904632568,4.400000095367432,4.5,4.5,45482
2023-03-02,4.550000190734863,4.599999904632568,4.449999809265137,4.5,4.5,47244
2023-03-03,4.550000190734863,4.550000190734863,4.400000095367432,4.449999809265137,4.449999809265137,104965
2023-03-06,4.550000190734863,4.550000190734863,4.400000095367432,4.449999809265137,4.449999809265137,97112
2023-03-08,4.449999809265137,4.5,4.349999904632568,4.449999809265137,4.449999809265137,106268
2023-03-09,4.449999809265137,4.849999904632568,4.400000095367432,4.550000190734863,4.550000190734863,277523
2023-03-10,4.550000190734863,4.599999904632568,4.400000095367432,4.5,4.5,115152
2023-03-13,4.5,4.599999904632568,4.400000095367432,4.400000095367432,4.400000095367432,53511
2023-03-14,4.400000095367432,4.5,4.150000095367432,4.349999904632568,4.349999904632568,119467
2023-03-15,4.400000095367432,4.449999809265137,4.300000190734863,4.449999809265137,4.449999809265137,52260
2023-03-16,4.449999809265137,4.449999809265137,4.099999904632568,4.199999809265137,4.199999809265137,161850
2023-03-17,4.349999904632568,4.349999904632568,4.0,4.199999809265137,4.199999809265137,77596
2023-03-20,4.199999809265137,4.400000095367432,4.0,4.150000095367432,4.150000095367432,42400
2023-03-21,4.099999904632568,4.25,4.0,4.050000190734863,4.050000190734863,72260
2023-03-22,4.150000095367432,4.150000095367432,3.950000047683716,3.950000047683716,3.950000047683716,74726
2023-03-23,4.0,4.099999904632568,3.950000047683716,4.050000190734863,4.050000190734863,53199
2023-03-24,4.150000095367432,4.150000095367432,3.8499999046325684,3.950000047683716,3.950000047683716,80957
2023-03-27,4.050000190734863,4.050000190734863,3.700000047683716,3.8499999046325684,3.8499999046325684,214940
2023-03-28,3.8499999046325684,3.950000047683716,3.700000047683716,3.75,3.75,181183
2023-03-29,3.5999999046325684,3.8499999046325684,3.5999999046325684,3.6500000953674316,3.6500000953674316,203880
2023-03-31,3.5,4.0,3.5,3.700000047683716,3.700000047683716,107011
2023-04-03,3.799999952316284,4.050000190734863,3.700000047683716,4.050000190734863,4.050000190734863,73042
2023-04-05,4.150000095367432,4.449999809265137,4.150000095367432,4.449999809265137,4.449999809265137,313152
2023-04-06,4.599999904632568,4.599999904632568,4.050000190734863,4.150000095367432,4.150000095367432,552729
2023-04-10,4.150000095367432,4.550000190734863,4.050000190734863,4.550000190734863,4.550000190734863,290840
2023-04-11,5.050000190734863,5.050000190734863,4.400000095367432,4.5,4.5,283158
2023-04-12,4.599999904632568,4.650000095367432,4.449999809265137,4.550000190734863,4.550000190734863,63965
2023-04-13,4.599999904632568,4.599999904632568,4.300000190734863,4.400000095367432,4.400000095367432,109950
2023-04-17,4.349999904632568,4.75,4.150000095367432,4.5,4.5,104250
2023-04-18,4.699999809265137,4.699999809265137,4.300000190734863,4.349999904632568,4.349999904632568,140718
2023-04-19,4.349999904632568,4.550000190734863,4.199999809265137,4.349999904632568,4.349999904632568,157717
2023-04-20,4.699999809265137,4.699999809265137,4.199999809265137,4.199999809265137,4.199999809265137,88054
2023-04-21,4.300000190734863,4.349999904632568,4.0,4.050000190734863,4.050000190734863,171378
2023-04-24,4.150000095367432,4.199999809265137,3.950000047683716,4.0,4.0,168715
2023-04-25,4.050000190734863,4.25,3.950000047683716,4.199999809265137,4.199999809265137,93906
2023-04-26,4.25,4.25,4.099999904632568,4.150000095367432,4.150000095367432,48279
2023-04-27,4.25,4.300000190734863,3.75,3.8499999046325684,3.8499999046325684,510868
2023-04-28,3.950000047683716,4.25,3.950000047683716,4.099999904632568,4.099999904632568,372388
2023-05-02,4.150000095367432,4.25,4.050000190734863,4.150000095367432,4.150000095367432,189845
2023-05-03,4.099999904632568,4.300000190734863,4.099999904632568,4.150000095367432,4.150000095367432,245971
2023-05-04,4.25,4.300000190734863,4.150000095367432,4.25,4.25,116609
2023-05-05,4.25,4.25,4.150000095367432,4.25,4.25,50572
2023-05-08,4.349999904632568,4.349999904632568,4.0,4.150000095367432,4.150000095367432,93209
2023-05-09,4.150000095367432,4.199999809265137,4.050000190734863,4.099999904632568,4.099999904632568,81805
2023-05-10,4.150000095367432,4.199999809265137,4.050000190734863,4.099999904632568,4.099999904632568,74215
2023-05-11,4.150000095367432,4.150000095367432,4.0,4.050000190734863,4.050000190734863,118831
2023-05-12,4.150000095367432,4.150000095367432,4.050000190734863,4.150000095367432,4.150000095367432,44121
2023-05-15,4.199999809265137,4.199999809265137,4.0,4.050000190734863,4.050000190734863,228272
2023-05-16,4.099999904632568,4.150000095367432,4.050000190734863,4.050000190734863,4.050000190734863,40656
2023-05-17,4.150000095367432,4.449999809265137,4.0,4.150000095367432,4.150000095367432,148353
2023-05-18,4.300000190734863,4.599999904632568,4.099999904632568,4.199999809265137,4.199999809265137,506966
2023-05-19,4.300000190734863,4.300000190734863,4.050000190734863,4.150000095367432,4.150000095367432,324833
2023-05-22,4.199999809265137,4.25,4.150000095367432,4.199999809265137,4.199999809265137,29692
2023-05-23,4.25,4.25,4.0,4.050000190734863,4.050000190734863,124146
2023-05-24,4.050000190734863,4.150000095367432,4.050000190734863,4.099999904632568,4.099999904632568,72654
2023-05-25,4.099999904632568,4.099999904632568,3.9000000953674316,3.950000047683716,3.950000047683716,521063
2023-05-26,4.050000190734863,4.099999904632568,3.9000000953674316,3.950000047683716,3.950000047683716,89050
2023-05-29,4.050000190734863,4.099999904632568,3.950000047683716,4.0,4.0,90036
2023-05-30,4.050000190734863,4.099999904632568,3.950000047683716,4.050000190734863,4.050000190734863,76493
2023-05-31,4.099999904632568,4.099999904632568,4.0,4.0,4.0,63616
2023-06-01,4.099999904632568,4.099999904632568,4.0,4.050000190734863,4.050000190734863,79661
2023-06-02,4.050000190734863,4.150000095367432,4.0,4.150000095367432,4.150000095367432,100630
2023-06-05,4.199999809265137,4.25,4.050000190734863,4.099999904632568,4.099999904632568,53410
2023-06-06,4.099999904632568,4.099999904632568,4.050000190734863,4.050000190734863,4.050000190734863,138002
2023-06-07,4.099999904632568,4.150000095367432,4.050000190734863,4.099999904632568,4.099999904632568,203507
2023-06-08,4.150000095367432,4.699999809265137,4.099999904632568,4.400000095367432,4.400000095367432,952749
2023-06-09,4.5,4.550000190734863,4.300000190734863,4.400000095367432,4.400000095367432,224042
2023-06-12,4.400000095367432,4.550000190734863,4.349999904632568,4.400000095367432,4.400000095367432,186071
2023-06-13,4.449999809265137,4.550000190734863,4.400000095367432,4.449999809265137,4.449999809265137,186816
2023-06-14,4.5,4.550000190734863,4.400000095367432,4.449999809265137,4.449999809265137,80997
2023-06-15,4.5,4.550000190734863,4.300000190734863,4.400000095367432,4.400000095367432,160328
2023-06-16,4.349999904632568,5.0,4.349999904632568,4.699999809265137,4.699999809265137,1087745
2023-06-19,4.699999809265137,4.949999809265137,4.599999904632568,4.75,4.75,414905
2023-06-20,4.650000095367432,4.900000095367432,4.650000095367432,4.699999809265137,4.699999809265137,209886
2023-06-21,4.699999809265137,4.75,4.550000190734863,4.599999904632568,4.599999904632568,99100
2023-06-22,4.599999904632568,4.699999809265137,4.5,4.599999904632568,4.599999904632568,144333
2023-06-23,4.699999809265137,4.699999809265137,4.449999809265137,4.5,4.5,112703
2023-06-26,4.550000190734863,4.550000190734863,4.25,4.349999904632568,4.349999904632568,146143
2023-06-27,4.400000095367432,4.5,4.349999904632568,4.349999904632568,4.349999904632568,102895
2023-06-28,4.400000095367432,4.699999809265137,4.349999904632568,4.550000190734863,4.550000190734863,350728
2023-06-30,4.699999809265137,4.699999809265137,4.400000095367432,4.449999809265137,4.449999809265137,180175
2023-07-03,4.5,4.599999904632568,4.400000095367432,4.449999809265137,4.449999809265137,273680
2023-07-04,4.5,4.5,4.349999904632568,4.449999809265137,4.449999809265137,124689
2023-07-05,4.449999809265137,4.650000095367432,4.349999904632568,4.599999904632568,4.599999904632568,412097
2023-07-06,4.699999809265137,5.25,4.550000190734863,4.849999904632568,4.849999904632568,1151748
2023-07-07,5.0,5.150000095367432,4.800000190734863,5.0,5.0,342585
2023-07-10,5.050000190734863,5.050000190734863,4.849999904632568,4.949999809265137,4.949999809265137,247800
2023-07-11,4.949999809265137,4.949999809265137,4.650000095367432,4.75,4.75,213087
2023-07-12,4.75,4.900000095367432,4.699999809265137,4.800000190734863,4.800000190734863,91606
2023-07-13,4.900000095367432,4.900000095367432,4.650000095367432,4.75,4.75,87292
2023-07-14,4.650000095367432,4.900000095367432,4.650000095367432,4.800000190734863,4.800000190734863,102100
2023-07-17,4.75,4.849999904632568,4.650000095367432,4.650000095367432,4.650000095367432,188756
2023-07-18,4.699999809265137,4.900000095367432,4.650000095367432,4.75,4.75,121765
2023-07-19,4.849999904632568,4.849999904632568,4.699999809265137,4.75,4.75,69563
2023-07-20,4.849999904632568,4.849999904632568,4.75,4.800000190734863,4.800000190734863,86452
2023-07-21,4.849999904632568,4.849999904632568,4.699999809265137,4.699999809265137,4.699999809265137,159429
2023-07-24,4.75,4.800000190734863,4.650000095367432,4.699999809265137,4.699999809265137,81411
2023-07-25,4.75,4.75,4.599999904632568,4.650000095367432,4.650000095367432,62303
2023-07-26,4.650000095367432,4.75,4.5,4.650000095367432,4.650000095367432,142994
2023-07-27,4.699999809265137,4.699999809265137,4.5,4.5,4.5,189816
2023-07-28,4.599999904632568,4.650000095367432,4.449999809265137,4.5,4.5,141220
2023-07-31,4.550000190734863,4.800000190734863,4.5,4.699999809265137,4.699999809265137,397525
2023-08-01,4.699999809265137,5.099999904632568,4.650000095367432,4.849999904632568,4.849999904632568,289461
2023-08-02,4.900000095367432,5.0,4.650000095367432,4.699999809265137,4.699999809265137,322670
2023-08-03,4.75,4.75,4.599999904632568,4.650000095367432,4.650000095367432,137814
2023-08-04,4.650000095367432,4.800000190734863,4.650000095367432,4.75,4.75,97426
2023-08-07,4.75,4.900000095367432,4.650000095367432,4.699999809265137,4.699999809265137,101376
2023-08-08,4.699999809265137,4.849999904632568,4.650000095367432,4.699999809265137,4.699999809265137,230008
2023-08-09,4.75,4.75,4.599999904632568,4.650000095367432,4.650000095367432,141134
2023-08-10,4.699999809265137,5.550000190734863,4.599999904632568,5.449999809265137,5.449999809265137,4547303
2023-08-11,5.699999809265137,5.75,5.449999809265137,5.5,5.5,1216862
2023-08-14,5.650000095367432,5.650000095367432,5.150000095367432,5.25,5.25,325946
2023-08-16,5.050000190734863,6.300000190734863,5.050000190734863,6.300000190734863,6.300000190734863,3903482
2023-08-17,6.5,7.150000095367432,6.300000190734863,6.449999809265137,6.449999809265137,4246086
2023-08-18,6.5,6.5,5.900000095367432,6.0,6.0,1164746
2023-08-21,6.0,6.0,5.699999809265137,5.699999809265137,5.699999809265137,206930
2023-08-22,5.5,5.849999904632568,5.449999809265137,5.449999809265137,5.449999809265137,356923
2023-08-23,5.400000095367432,5.699999809265137,5.349999904632568,5.699999809265137,5.699999809265137,172815
2023-08-24,5.800000190734863,5.849999904632568,5.550000190734863,5.550000190734863,5.550000190734863,93937
2023-08-25,5.550000190734863,5.650000095367432,5.300000190734863,5.400000095367432,5.400000095367432,160867
2023-08-28,5.449999809265137,5.550000190734863,5.349999904632568,5.349999904632568,5.349999904632568,233710
2023-08-29,5.400000095367432,5.5,5.349999904632568,5.400000095367432,5.400000095367432,126423
2023-08-30,5.400000095367432,5.5,5.349999904632568,5.349999904632568,5.349999904632568,123680
2023-08-31,5.349999904632568,5.5,5.300000190734863,5.349999904632568,5.349999904632568,101882
2023-09-01,5.449999809265137,5.449999809265137,5.300000190734863,5.400000095367432,5.400000095367432,85153
2023-09-04,5.349999904632568,5.650000095367432,5.349999904632568,5.550000190734863,5.550000190734863,192262
2023-09-05,5.599999904632568,5.75,5.550000190734863,5.650000095367432,5.650000095367432,256456
2023-09-06,5.800000190734863,5.800000190734863,5.650000095367432,5.800000190734863,5.800000190734863,124054
2023-09-07,5.800000190734863,5.849999904632568,5.599999904632568,5.75,5.75,130917
2023-09-08,5.75,5.849999904632568,5.550000190734863,5.650000095367432,5.650000095367432,129353
2023-09-11,5.650000095367432,5.849999904632568,5.599999904632568,5.75,5.75,259415
2023-09-12,5.800000190734863,5.849999904632568,5.5,5.5,5.5,132344
2023-09-13,5.599999904632568,5.75,5.5,5.650000095367432,5.650000095367432,126159
2023-09-14,5.75,5.75,5.550000190734863,5.599999904632568,5.599999904632568,149264
2023-09-15,5.5,5.699999809265137,5.5,5.550000190734863,5.550000190734863,116584
2023-09-18,5.699999809265137,5.75,5.550000190734863,5.699999809265137,5.699999809265137,149499
2023-09-20,5.699999809265137,5.800000190734863,5.550000190734863,5.550000190734863,5.550000190734863,85090
2023-09-21,5.699999809265137,5.699999809265137,5.449999809265137,5.550000190734863,5.550000190734863,148826
2023-09-22,5.650000095367432,5.699999809265137,5.400000095367432,5.599999904632568,5.599999904632568,116221
2023-09-25,5.650000095367432,5.699999809265137,5.5,5.599999904632568,5.599999904632568,135273
2023-09-26,5.5,5.650000095367432,5.5,5.599999904632568,5.599999904632568,69516
2023-09-27,5.650000095367432,5.650000095367432,5.5,5.550000190734863,5.550000190734863,143587
2023-09-28,5.650000095367432,5.650000095367432,5.400000095367432,5.449999809265137,5.449999809265137,59072
2023-09-29,5.449999809265137,5.599999904632568,5.300000190734863,5.400000095367432,5.400000095367432,54939
2023-10-03,5.5,5.550000190734863,5.150000095367432,5.400000095367432,5.400000095367432,154220
2023-10-04,5.449999809265137,5.449999809265137,5.199999809265137,5.199999809265137,5.199999809265137,161823
2023-10-05,5.25,5.349999904632568,5.199999809265137,5.300000190734863,5.300000190734863,83565
2023-10-06,5.400000095367432,5.5,5.349999904632568,5.400000095367432,5.400000095367432,92239
2023-10-09,5.449999809265137,5.550000190734863,5.150000095367432,5.25,5.25,231217
2023-10-10,5.349999904632568,5.5,5.25,5.5,5.5,185263
2023-10-11,5.650000095367432,5.75,5.599999904632568,5.75,5.75,230752
2023-10-12,5.900000095367432,6.0,5.800000190734863,6.0,6.0,241850
2023-10-13,6.300000190734863,6.300000190734863,6.25,6.300000190734863,6.300000190734863,312120
2023-10-16,6.599999904632568,6.599999904632568,6.0,6.400000095367432,6.400000095367432,709678
2023-10-17,6.300000190734863,6.5,6.300000190734863,6.300000190734863,6.300000190734863,435445
2023-10-18,6.199999809265137,6.199999809265137,6.199999809265137,6.199999809265137,6.199999809265137,68084
2023-10-19,6.099999904632568,6.099999904632568,6.099999904632568,6.099999904632568,6.099999904632568,10269
2023-10-20,6.0,6.0,6.0,6.0,6.0,15580
2023-10-23,5.900000095367432,5.900000095367432,5.900000095367432,5.900000095367432,5.900000095367432,5653
2023-10-25,5.800000190734863,5.800000190734863,5.800000190734863,5.800000190734863,5.800000190734863,10157
2023-10-26,5.699999809265137,5.699999809265137,5.699999809265137,5.699999809265137,5.699999809265137,10232
2023-10-27,5.599999904632568,5.599999904632568,5.599999904632568,5.599999904632568,5.599999904632568,28756
2023-10-30,5.5,5.5,5.5,5.5,5.5,29643
2023-10-31,5.400000095367432,5.400000095367432,5.400000095367432,5.400000095367432,5.400000095367432,25622
2023-11-01,5.300000190734863,5.300000190734863,5.300000190734863,5.300000190734863,5.300000190734863,17081
2023-11-02,5.400000095367432,5.400000095367432,5.199999809265137,5.400000095367432,5.400000095367432,251667
2023-11-03,5.5,5.5,5.5,5.5,5.5,76112
2023-11-06,5.400000095367432,5.5,5.400000095367432,5.400000095367432,5.400000095367432,59855
2023-11-07,5.5,5.5,5.5,5.5,5.5,111481
2023-11-08,5.599999904632568,5.599999904632568,5.599999904632568,5.599999904632568,5.599999904632568,73948
2023-11-09,5.699999809265137,5.699999809265137,5.699999809265137,5.699999809265137,5.699999809265137,286449
2023-11-10,5.75,5.800000190734863,5.75,5.75,5.75,141982
2023-11-13,5.900000095367432,5.900000095367432,5.849999904632568,5.900000095367432,5.900000095367432,165378
2023-11-15,6.0,6.0,5.949999809265137,6.0,6.0,114542
2023-11-16,6.099999904632568,6.099999904632568,6.099999904632568,6.099999904632568,6.099999904632568,99763
2023-11-17,6.199999809265137,6.199999809265137,6.199999809265137,6.199999809265137,6.199999809265137,134037
2023-11-20,6.25,6.300000190734863,6.25,6.25,6.25,118256
2023-11-21,6.150000095367432,6.25,6.150000095367432,6.150000095367432,6.150000095367432,62237
2023-11-22,6.050000190734863,6.150000095367432,6.050000190734863,6.050000190734863,6.050000190734863,68967
2023-11-23,6.0,6.050000190734863,5.949999809265137,6.0,6.0,83958
2023-11-24,5.949999809265137,6.050000190734863,5.949999809265137,5.949999809265137,5.949999809265137,45531
2023-11-28,6.199999809265137,6.199999809265137,6.050000190734863,6.199999809265137,6.199999809265137,283567
2023-11-29,6.25,6.449999809265137,6.199999809265137,6.400000095367432,6.400000095367432,316665
2023-11-30,6.5,6.5,6.099999904632568,6.150000095367432,6.150000095367432,248664
2023-12-01,6.349999904632568,6.400000095367432,5.849999904632568,5.949999809265137,5.949999809265137,246279
2023-12-04,6.050000190734863,6.199999809265137,6.0,6.199999809265137,6.199999809265137,203625
2023-12-05,6.449999809265137,6.449999809265137,6.0,6.150000095367432,6.150000095367432,202759
2023-12-06,6.150000095367432,6.449999809265137,6.099999904632568,6.449999809265137,6.449999809265137,621406
2023-12-07,6.599999904632568,6.75,6.5,6.699999809265137,6.699999809265137,608764
2023-12-08,6.900000095367432,7.0,6.449999809265137,7.0,7.0,786584
2023-12-11,7.900000095367432,8.399999618530273,7.449999809265137,8.399999618530273,8.399999618530273,1345828
2023-12-12,9.350000381469727,9.75,8.699999809265137,9.100000381469727,9.100000381469727,5077897
2023-12-13,9.550000190734863,9.600000381469727,8.600000381469727,8.699999809265137,8.699999809265137,1528352
2023-12-14,8.850000381469727,9.300000190734863,8.350000381469727,8.600000381469727,8.600000381469727,1283538
2023-12-15,8.75,9.0,8.600000381469727,8.649999618530273,8.649999618530273,733082
2023-12-18,8.850000381469727,8.850000381469727,8.199999809265137,8.399999618530273,8.399999618530273,662617
2023-12-19,8.550000190734863,8.550000190734863,7.699999809265137,7.800000190734863,7.800000190734863,1512576
2023-12-20,7.800000190734863,9.350000381469727,7.650000095367432,8.25,8.25,9825003
2023-12-21,8.25,9.050000190734863,7.5,8.899999618530273,8.899999618530273,3573795
2023-12-22,9.25,9.600000381469727,8.800000190734863,9.399999618530273,9.399999618530273,3243797
2023-12-26,9.5,9.800000190734863,8.850000381469727,9.449999809265137,9.449999809265137,1697005
2023-12-27,9.600000381469727,9.75,9.0,9.100000381469727,9.100000381469727,860697
2023-12-28,9.199999809265137,9.25,9.0,9.050000190734863,9.050000190734863,528579
2023-12-29,9.050000190734863,9.100000381469727,8.600000381469727,8.850000381469727,8.850000381469727,1018771
2024-01-01,8.850000381469727,9.350000381469727,8.850000381469727,9.199999809265137,9.199999809265137,1343435
2024-01-02,9.300000190734863,11.0,9.149999618530273,11.0,11.0,8256397
2024-01-03,11.25,13.199999809265137,10.600000381469727,13.199999809265137,13.199999809265137,10347957
2024-01-04,14.0,14.5,14.0,14.5,14.5,4545109
2024-01-05,15.199999809265137,15.399999618530273,13.050000190734863,14.350000381469727,14.350000381469727,12865368
2024-01-08,14.949999809265137,14.949999809265137,13.649999618530273,14.600000381469727,14.600000381469727,1580501
2024-01-09,14.949999809265137,15.0,13.949999809265137,14.050000190734863,14.050000190734863,1099159
2024-01-10,14.149999618530273,14.75,13.350000381469727,13.350000381469727,13.350000381469727,1275291
2024-01-11,13.100000381469727,13.350000381469727,12.699999809265137,12.75,12.75,887768
2024-01-12,12.449999809265137,13.25,12.149999618530273,13.100000381469727,13.100000381469727,1295343
2024-01-15,13.300000190734863,13.699999809265137,13.0,13.449999809265137,13.449999809265137,857212
2024-01-16,13.5,13.649999618530273,12.899999618530273,13.149999618530273,13.149999618530273,654543
2024-01-17,12.850000381469727,13.350000381469727,12.75,12.800000190734863,12.800000190734863,321696
2024-01-18,12.800000190734863,13.350000381469727,12.5,13.100000381469727,13.100000381469727,418198
2024-01-19,13.399999618530273,13.449999809265137,12.899999618530273,13.050000190734863,13.050000190734863,398393
2024-01-23,13.100000381469727,13.100000381469727,12.449999809265137,12.449999809265137,12.449999809265137,295067
2024-01-24,12.5,12.5,11.850000381469727,12.25,12.25,385238
2024-01-25,12.149999618530273,12.350000381469727,11.899999618530273,12.25,12.25,605600
2024-01-29,12.350000381469727,12.600000381469727,12.0,12.0,12.0,441989
2024-01-30,12.199999809265137,12.600000381469727,12.0,12.600000381469727,12.600000381469727,519769
2024-01-31,13.149999618530273,13.149999618530273,12.850000381469727,13.100000381469727,13.100000381469727,776496
2024-02-01,13.100000381469727,13.449999809265137,12.600000381469727,13.0,13.0,586832
2024-02-02,13.0,13.399999618530273,12.5,12.699999809265137,12.699999809265137,427191
2024-02-05,13.100000381469727,13.300000190734863,12.600000381469727,12.75,12.75,437169
2024-02-06,12.899999618530273,12.899999618530273,12.550000190734863,12.649999618530273,12.649999618530273,384121
2024-02-07,12.699999809265137,12.899999618530273,12.399999618530273,12.699999809265137,12.699999809265137,419440
2024-02-08,12.75,12.949999809265137,12.100000381469727,12.199999809265137,12.199999809265137,338545
2024-02-09,12.199999809265137,12.449999809265137,11.899999618530273,12.050000190734863,12.050000190734863,257930
2024-02-12,12.050000190734863,12.199999809265137,11.600000381469727,11.649999618530273,11.649999618530273,552926
2024-02-13,11.100000381469727,11.100000381469727,11.100000381469727,11.100000381469727,11.100000381469727,231263
2024-02-14,10.550000190734863,10.550000190734863,10.550000190734863,10.550000190734863,10.550000190734863,179466
2024-02-15,10.100000381469727,11.050000190734863,10.050000190734863,11.050000190734863,11.050000190734863,359541
2024-02-16,11.350000381469727,11.600000381469727,11.199999809265137,11.600000381469727,11.600000381469727,201277
2024-02-19,11.800000190734863,12.100000381469727,11.25,11.75,11.75,222519
2024-02-20,11.899999618530273,11.949999809265137,11.300000190734863,11.399999618530273,11.399999618530273,259999
2024-02-21,11.100000381469727,11.550000190734863,10.850000381469727,10.850000381469727,10.850000381469727,332577
2024-02-22,10.899999618530273,11.350000381469727,10.5,11.300000190734863,11.300000190734863,285197
2024-02-23,11.350000381469727,11.649999618530273,10.899999618530273,11.100000381469727,11.100000381469727,175436
2024-02-26,11.100000381469727,11.199999809265137,10.699999809265137,10.949999809265137,10.949999809265137,116045
2024-02-27,11.0,11.0,10.399999618530273,10.449999809265137,10.449999809265137,250117
2024-02-28,10.399999618530273,10.399999618530273,9.949999809265137,9.949999809265137,9.949999809265137,288692
2024-02-29,9.949999809265137,9.949999809265137,9.449999809265137,9.649999618530273,9.649999618530273,300745
2024-03-01,9.75,10.100000381469727,9.199999809265137,10.100000381469727,10.100000381469727,172624
2024-03-04,10.850000381469727,11.100000381469727,10.149999618530273,10.449999809265137,10.449999809265137,232443
2024-03-05,10.449999809265137,10.699999809265137,9.949999809265137,10.0,10.0,241105
2024-03-06,9.949999809265137,10.199999809265137,9.5,9.600000381469727,9.600000381469727,224773
2024-03-07,9.600000381469727,10.050000190734863,9.149999618530273,10.0,10.0,451330
2024-03-11,9.75,9.899999618530273,9.5,9.600000381469727,9.600000381469727,395633
2024-03-12,9.600000381469727,9.600000381469727,9.149999618530273,9.149999618530273,9.149999618530273,405042
2024-03-13,9.100000381469727,9.100000381469727,8.699999809265137,8.699999809265137,8.699999809265137,199561
2024-03-14,8.300000190734863,9.100000381469727,8.300000190734863,8.899999618530273,8.899999618530273,424873
2024-03-15,8.600000381469727,9.0,8.5,8.600000381469727,8.600000381469727,250763
2024-03-18,8.75,8.899999618530273,8.449999809265137,8.550000190734863,8.550000190734863,123702
2024-03-19,8.649999618530273,8.699999809265137,8.149999618530273,8.199999809265137,8.199999809265137,179905
2024-03-20,8.199999809265137,8.5,8.0,8.100000381469727,8.100000381469727,216886
2024-03-21,8.300000190734863,8.5,8.0,8.5,8.5,149499
2024-03-22,8.5,8.899999618530273,8.350000381469727,8.600000381469727,8.600000381469727,485709
2024-03-26,8.550000190734863,8.600000381469727,8.199999809265137,8.350000381469727,8.350000381469727,400276
2024-03-27,8.399999618530273,8.449999809265137,7.949999809265137,8.0,8.0,495235
2024-03-28,8.100000381469727,8.399999618530273,7.599999904632568,8.149999618530273,8.149999618530273,480835
2024-04-01,8.199999809265137,8.550000190734863,8.100000381469727,8.550000190734863,8.550000190734863,123582
2024-04-02,8.75,8.949999809265137,8.600000381469727,8.949999809265137,8.949999809265137,65697
2024-04-03,9.199999809265137,9.350000381469727,9.0,9.350000381469727,9.350000381469727,80921
2024-04-04,9.399999618530273,9.800000190734863,9.399999618530273,9.800000190734863,9.800000190734863,316841
2024-04-05,10.149999618530273,10.25,9.75,10.199999809265137,10.199999809265137,330856
2024-04-08,10.0,10.0,10.0,10.0,10.0,25148
2024-04-09,9.800000190734863,9.800000190734863,9.800000190734863,9.800000190734863,9.800000190734863,14959
2024-04-10,9.600000381469727,9.600000381469727,9.600000381469727,9.600000381469727,9.600000381469727,5203
2024-04-12,9.399999618530273,9.399999618530273,9.399999618530273,9.399999618530273,9.399999618530273,12160
2024-04-15,9.25,9.25,9.25,9.25,9.25,30923
2024-04-16,9.100000381469727,9.100000381469727,9.100000381469727,9.100000381469727,9.100000381469727,37996
2024-04-18,8.949999809265137,8.949999809265137,8.949999809265137,8.949999809265137,8.949999809265137,90364
2024-04-19,8.800000190734863,8.800000190734863,8.800000190734863,8.800000190734863,8.800000190734863,50255
2024-04-22,8.649999618530273,8.649999618530273,8.649999618530273,8.649999618530273,8.649999618530273,78382
2024-04-23,8.699999809265137,8.699999809265137,8.5,8.699999809265137,8.699999809265137,73597
2024-04-24,8.649999618530273,8.699999809265137,8.649999618530273,8.649999618530273,8.649999618530273,81611
2024-04-25,8.600000381469727,8.649999618530273,8.600000381469727,8.600000381469727,8.600000381469727,54271
2024-04-26,8.550000190734863,8.600000381469727,8.550000190734863,8.550000190734863,8.550000190734863,58799
2024-04-29,8.699999809265137,8.699999809265137,8.649999618530273,8.699999809265137,8.699999809265137,43320
2024-04-30,8.649999618530273,8.699999809265137,8.649999618530273,8.649999618530273,8.649999618530273,51691
2024-05-02,8.550000190734863,8.649999618530273,8.550000190734863,8.550000190734863,8.550000190734863,24131
2024-05-03,8.449999809265137,8.550000190734863,8.449999809265137,8.449999809265137,8.449999809265137,45312
2024-05-06,8.300000190734863,8.350000381469727,8.300000190734863,8.300000190734863,8.300000190734863,84783
2024-05-07,8.149999618530273,8.300000190734863,8.149999618530273,8.149999618530273,8.149999618530273,43598
2024-05-08,8.0,8.149999618530273,8.0,8.0,8.0,66327
2024-05-09,7.849999904632568,7.849999904632568,7.849999904632568,7.849999904632568,7.849999904632568,112446
2024-05-10,7.699999809265137,7.849999904632568,7.699999809265137,7.699999809265137,7.699999809265137,45989
2024-05-13,7.699999809265137,8.050000190734863,7.550000190734863,8.050000190734863,8.050000190734863,234661
2024-05-14,8.350000381469727,8.449999809265137,8.149999618530273,8.449999809265137,8.449999809265137,70335
2024-05-15,8.850000381469727,8.850000381469727,8.649999618530273,8.850000381469727,8.850000381469727,132094
2024-05-16,8.800000190734863,9.100000381469727,8.600000381469727,8.699999809265137,8.699999809265137,159037
2024-05-17,8.949999809265137,8.949999809265137,8.449999809265137,8.600000381469727,8.600000381469727,127825
2024-05-21,8.899999618530273,9.100000381469727,8.5,8.899999618530273,8.899999618530273,215700
2024-05-22,8.850000381469727,9.300000190734863,8.649999618530273,9.300000190734863,9.300000190734863,264725
2024-05-23,9.649999618530273,9.649999618530273,8.899999618530273,9.449999809265137,9.449999809265137,251723
2024-05-24,9.649999618530273,9.649999618530273,9.100000381469727,9.25,9.25,168085
2024-05-27,9.25,9.25,8.800000190734863,8.949999809265137,8.949999809265137,157540
2024-05-28,8.649999618530273,9.0,8.600000381469727,8.649999618530273,8.649999618530273,145245
2024-05-29,8.5,8.850000381469727,8.350000381469727,8.600000381469727,8.600000381469727,53297
2024-05-30,8.350000381469727,8.800000190734863,8.350000381469727,8.449999809265137,8.449999809265137,89794
2024-05-31,8.449999809265137,8.649999618530273,8.050000190734863,8.350000381469727,8.350000381469727,136618
2024-06-03,8.399999618530273,8.75,8.199999809265137,8.399999618530273,8.399999618530273,365509
2024-06-04,8.5,8.600000381469727,8.0,8.050000190734863,8.050000190734863,209332
2024-06-05,8.100000381469727,8.399999618530273,7.699999809265137,8.199999809265137,8.199999809265137,127007
2024-06-06,8.199999809265137,8.600000381469727,8.050000190734863,8.550000190734863,8.550000190734863,155834
2024-06-07,8.699999809265137,8.899999618530273,8.300000190734863,8.649999618530273,8.649999618530273,120132
2024-06-10,8.800000190734863,8.850000381469727,8.25,8.430000305175781,8.430000305175781,146882
2024-06-11,8.5,8.850000381469727,8.430000305175781,8.789999961853027,8.789999961853027,209830
2024-06-12,9.09000015258789,9.09000015258789,8.649999618530273,8.819999694824219,8.819999694824219,259552
2024-06-13,8.979999542236328,9.170000076293945,8.65999984741211,8.989999771118164,8.989999771118164,150942
2024-06-14,9.109999656677246,9.399999618530273,8.800000190734863,9.359999656677246,9.359999656677246,322849
2024-06-18,9.5,9.779999732971191,9.0,9.479999542236328,9.479999542236328,273652
2024-06-19,9.550000190734863,9.550000190734863,9.100000381469727,9.140000343322754,9.140000343322754,122103
2024-06-20,9.140000343322754,9.449999809265137,9.010000228881836,9.289999961853027,9.289999961853027,116464
2024-06-21,9.119999885559082,9.5,9.0600004196167,9.1899995803833,9.1899995803833,185307
2024-06-24,9.329999923706055,9.329999923706055,9.0,9.069999694824219,9.069999694824219,77791
2024-06-25,9.020000457763672,9.239999771118164,8.800000190734863,8.880000114440918,8.880000114440918,164066
2024-06-26,8.800000190734863,9.149999618530273,8.800000190734863,9.050000190734863,9.050000190734863,177971
2024-06-27,9.050000190734863,9.170000076293945,8.75,8.920000076293945,8.920000076293945,148038
2024-06-28,8.899999618530273,9.050000190734863,8.710000038146973,8.84000015258789,8.84000015258789,84657
